[Licensing::Module] Trying to connect to existing licensing client channel...
Built from '6000.0/staging' branch; Version is '6000.0.62f1 (f99f05b3e950) revision 16359173'; Using compiler version '193933523'; Build Type 'Release'
OS: 'Windows 10  (10.0.19045) 64bit Professional' Language: 'ru' Physical Memory: 32424 MB
[Licensing::IpcConnector] Successfully connected to: "LicenseClient-Admin" at "2026-08-13T07:47:48.3155066Z"
BatchMode: 1, IsHumanControllingUs: 0, StartBugReporterOnCrash: 0, Is64bit: 1
Date: 2026-08-13T07:47:48Z

COMMAND LINE ARGUMENTS:
C:\Program Files\Unity\Hub\Editor\6000.0.62f1\Editor\Unity.exe
-adb2
-batchMode
-noUpm
-name
AssetImportWorker1
-projectPath
C:/project/Portfolio/C#/Unity/Clicker game/Project/Clicker Game
-logFile
Logs/AssetImportWorker1.log
-srvPort
50150
-licensingIpc
LicenseClient-Admin
-job-worker-count
5
-background-job-worker-count
8
-gc-helper-count
1
-name
AssetImport
Successfully changed project path to: C:/project/Portfolio/C#/Unity/Clicker game/Project/Clicker Game
C:/project/Portfolio/C#/Unity/Clicker game/Project/Clicker Game
[UnityMemory] Configuration Parameters - Can be set up in boot.config
    "memorysetup-bucket-allocator-granularity=16"
    "memorysetup-bucket-allocator-bucket-count=8"
    "memorysetup-bucket-allocator-block-size=33554432"
    "memorysetup-bucket-allocator-block-count=8"
    "memorysetup-main-allocator-block-size=16777216"
    "memorysetup-thread-allocator-block-size=16777216"
    "memorysetup-gfx-main-allocator-block-size=16777216"
    "memorysetup-gfx-thread-allocator-block-size=16777216"
    "memorysetup-cache-allocator-block-size=4194304"
    "memorysetup-typetree-allocator-block-size=2097152"
    "memorysetup-profiler-bucket-allocator-granularity=16"
    "memorysetup-profiler-bucket-allocator-bucket-count=8"
    "memorysetup-profiler-bucket-allocator-block-size=33554432"
    "memorysetup-profiler-bucket-allocator-block-count=8"
    "memorysetup-profiler-allocator-block-size=16777216"
    "memorysetup-profiler-editor-allocator-block-size=1048576"
    "memorysetup-temp-allocator-size-main=16777216"
    "memorysetup-job-temp-allocator-block-size=2097152"
    "memorysetup-job-temp-allocator-block-size-background=1048576"
    "memorysetup-job-temp-allocator-reduction-small-platforms=262144"
    "memorysetup-allocator-temp-initial-block-size-main=262144"
    "memorysetup-allocator-temp-initial-block-size-worker=262144"
    "memorysetup-temp-allocator-size-background-worker=32768"
    "memorysetup-temp-allocator-size-job-worker=262144"
    "memorysetup-temp-allocator-size-preload-manager=33554432"
    "memorysetup-temp-allocator-size-nav-mesh-worker=65536"
    "memorysetup-temp-allocator-size-audio-worker=65536"
    "memorysetup-temp-allocator-size-cloud-worker=32768"
    "memorysetup-temp-allocator-size-gi-baking-worker=262144"
    "memorysetup-temp-allocator-size-gi-baking-worker=262144"
    "memorysetup-temp-allocator-size-gi-baking-worker=262144"
    "memorysetup-temp-allocator-size-gi-baking-worker=262144"
    "memorysetup-temp-allocator-size-gi-baking-worker=262144"
    "memorysetup-temp-allocator-size-gfx=262144"
Player connection [1608]  Target information:

Player connection [1608]  * "[IP] 26.28.103.240 [Port] 0 [Flags] 2 [Guid] 1533907541 [EditorId] 1533907541 [Version] 1048832 [Id] WindowsEditor(7,DESKTOP-418AMV3) [Debug] 1 [PackageName] WindowsEditor [ProjectName] Editor" 

Player connection [1608]  * "[IP] 172.19.240.1 [Port] 0 [Flags] 2 [Guid] 1533907541 [EditorId] 1533907541 [Version] 1048832 [Id] WindowsEditor(7,DESKTOP-418AMV3) [Debug] 1 [PackageName] WindowsEditor [ProjectName] Editor" 

Player connection [1608]  * "[IP] 192.168.68.107 [Port] 0 [Flags] 2 [Guid] 1533907541 [EditorId] 1533907541 [Version] 1048832 [Id] WindowsEditor(7,DESKTOP-418AMV3) [Debug] 1 [PackageName] WindowsEditor [ProjectName] Editor" 

Player connection [1608] Host joined multi-casting on [225.0.0.222:54997]...
Player connection [1608] Host joined alternative multi-casting on [225.0.0.222:34997]...
JobSystem: Creating JobQueue using job-worker-count value 5
Input System module state changed to: Initialized.
[Physics::Module] Initialized fallback backend.
[Physics::Module] Id: 0xdecafbad
[Licensing::Client] Code 10 while verifying Licensing Client signature (process Id: 10864, path: "C:/Program Files/Unity Hub/UnityLicensingClient_V1/Unity.Licensing.Client.exe")
[Licensing::Module] LicensingClient has failed validation; ignoring
[Licensing::Client] Handshaking with LicensingClient:
  Version:                 1.17.4+4293ba1
  Session Id:              404d7be683c548f68cfb595678d7e87d
  Correlation Id:          0b9654fd4817b154d92b85468b931bd2
  External correlation Id: 4856130337311508658
  Machine Id:              /QPD4vt4W4Puh87aebGTiWIXWWw=
[Licensing::Module] Successfully connected to LicensingClient on channel: "LicenseClient-Admin" (connect: 0.00s, validation: 0.00s, handshake: 0.02s)
[Licensing::IpcConnector] Successfully connected to: "LicenseClient-Admin-notifications" at "2026-08-13T07:47:48.339503Z"
[Licensing::Module] Licensing Background thread has ended after 0.02s
Library Redirect Path: Library/
[Physics::Module] Selected backend.
[Physics::Module] Name: PhysX
[Physics::Module] Id: 0xf2b8ea05
[Physics::Module] SDK Version: 4.1.2
[Physics::Module] Integration Version: 1.0.0
[Physics::Module] Threading Mode: Multi-Threaded
Refreshing native plugins compatible for Editor in 1.00 ms, found 3 plugins.
Preloading 0 native plugins for Editor in 0.00 ms.
Initialize engine version: 6000.0.62f1 (f99f05b3e950)
[Subsystems] Discovering subsystems at path C:/Program Files/Unity/Hub/Editor/6000.0.62f1/Editor/Data/Resources/UnitySubsystems
[Subsystems] Discovering subsystems at path C:/project/Portfolio/C#/Unity/Clicker game/Project/Clicker Game/Assets
GfxDevice: creating device client; kGfxThreadingModeNonThreaded
Direct3D:
    Version:  Direct3D 11.0 [level 11.1]
    Renderer: NVIDIA GeForce RTX 5060 (ID=0x2d05)
    Vendor:   NVIDIA
    VRAM:     7895 MB
    Driver:   32.0.16.1062
Initialize mono
Mono path[0] = 'C:/Program Files/Unity/Hub/Editor/6000.0.62f1/Editor/Data/Managed'
Mono path[1] = 'C:/Program Files/Unity/Hub/Editor/6000.0.62f1/Editor/Data/MonoBleedingEdge/lib/mono/unityjit-win32'
Mono config path = 'C:/Program Files/Unity/Hub/Editor/6000.0.62f1/Editor/Data/MonoBleedingEdge/etc'
Using monoOptions --debugger-agent=transport=dt_socket,embedding=1,server=y,suspend=n,address=127.0.0.1:56136
Begin MonoManager ReloadAssembly
Registering precompiled unity dll's ...
Register platform support module: C:/Program Files/Unity/Hub/Editor/6000.0.62f1/Editor/Data/PlaybackEngines/WindowsStandaloneSupport/UnityEditor.WindowsStandalone.Extensions.dll
Registered in 0.002416 seconds.
- Loaded All Assemblies, in  0.285 seconds
Native extension for WindowsStandalone target not found
Mono: successfully reloaded assembly
- Finished resetting the current domain, in  0.262 seconds
Domain Reload Profiling: 545ms
	BeginReloadAssembly (95ms)
		ExecutionOrderSort (0ms)
		DisableScriptedObjects (0ms)
		BackupInstance (0ms)
		ReleaseScriptingObjects (0ms)
		CreateAndSetChildDomain (1ms)
	RebuildCommonClasses (28ms)
	RebuildNativeTypeToScriptingClass (9ms)
	initialDomainReloadingComplete (38ms)
	LoadAllAssembliesAndSetupDomain (114ms)
		LoadAssemblies (92ms)
		RebuildTransferFunctionScriptingTraits (0ms)
		AnalyzeDomain (112ms)
			TypeCache.Refresh (111ms)
				TypeCache.ScanAssembly (102ms)
			BuildScriptInfoCaches (0ms)
			ResolveRequiredComponents (0ms)
	FinalizeReload (262ms)
		ReleaseScriptCaches (0ms)
		RebuildScriptCaches (0ms)
		SetupLoadedEditorAssemblies (231ms)
			LogAssemblyErrors (0ms)
			InitializePlatformSupportModulesInManaged (16ms)
			SetLoadedEditorAssemblies (4ms)
			BeforeProcessingInitializeOnLoad (45ms)
			ProcessInitializeOnLoadAttributes (122ms)
			ProcessInitializeOnLoadMethodAttributes (43ms)
			AfterProcessingInitializeOnLoad (0ms)
			EditorAssembliesLoaded (0ms)
		ExecutionOrderSort2 (0ms)
		AwakeInstancesAfterBackupRestoration (0ms)
========================================================================
Worker process is ready to serve import requests
Import Worker Mode flag is 0x00
Begin MonoManager ReloadAssembly
[Licensing::Client] Successfully resolved entitlement details
[Licensing::Module] License group:
  Id: 20066146286262-UnityPersXXXX
  Product: Unity Personal
  Type: Assigned
  Expiration: Unlimited
- Loaded All Assemblies, in  0.484 seconds
Refreshing native plugins compatible for Editor in 0.52 ms, found 3 plugins.
Native extension for WindowsStandalone target not found
Package Manager log level set to [2]
[Package Manager] Failed to launch server process. Reason: Unity was launched with the -noUpm command-line argument
[Package Manager] Unable to send message (not connected to server process).
[Package Manager] Cannot connect to Unity Package Manager local server
Mono: successfully reloaded assembly
- Finished resetting the current domain, in  0.566 seconds
Domain Reload Profiling: 1047ms
	BeginReloadAssembly (133ms)
		ExecutionOrderSort (0ms)
		DisableScriptedObjects (6ms)
		BackupInstance (0ms)
		ReleaseScriptingObjects (0ms)
		CreateAndSetChildDomain (25ms)
	RebuildCommonClasses (24ms)
	RebuildNativeTypeToScriptingClass (9ms)
	initialDomainReloadingComplete (27ms)
	LoadAllAssembliesAndSetupDomain (287ms)
		LoadAssemblies (212ms)
		RebuildTransferFunctionScriptingTraits (0ms)
		AnalyzeDomain (144ms)
			TypeCache.Refresh (115ms)
				TypeCache.ScanAssembly (106ms)
			BuildScriptInfoCaches (22ms)
			ResolveRequiredComponents (5ms)
	FinalizeReload (566ms)
		ReleaseScriptCaches (0ms)
		RebuildScriptCaches (0ms)
		SetupLoadedEditorAssemblies (485ms)
			LogAssemblyErrors (0ms)
			InitializePlatformSupportModulesInManaged (2ms)
			SetLoadedEditorAssemblies (3ms)
			BeforeProcessingInitializeOnLoad (93ms)
			ProcessInitializeOnLoadAttributes (360ms)
			ProcessInitializeOnLoadMethodAttributes (20ms)
			AfterProcessingInitializeOnLoad (6ms)
			EditorAssembliesLoaded (0ms)
		ExecutionOrderSort2 (0ms)
		AwakeInstancesAfterBackupRestoration (4ms)
Launched and connected shader compiler UnityShaderCompiler.exe after 0.01 seconds
Refreshing native plugins compatible for Editor in 0.95 ms, found 3 plugins.
Preloading 0 native plugins for Editor in 0.00 ms.
Unloading 0 Unused Serialized files (Serialized files now loaded: 0)
Unloading 3485 unused Assets / (0.8 MB). Loaded Objects now: 3991.
Memory consumption went from 86.0 MB to 85.2 MB.
Total: 10.402000 ms (FindLiveObjects: 1.448400 ms CreateObjectMapping: 0.992600 ms MarkObjects: 6.749200 ms  DeleteObjects: 1.210700 ms)

========================================================================
Received Import Request.
  Time since last request: 3578.329429 seconds.
  path: Assets/Scripts/Managers/InitialDataSynchronizationManager.cs
  artifactKey: Guid(ff5fc05e623abf640aa1a1f82483ec70) Importer(815301076,1909f56bfc062723c751e8b465ee728b)
Start importing Assets/Scripts/Managers/InitialDataSynchronizationManager.cs using Guid(ff5fc05e623abf640aa1a1f82483ec70) Importer(815301076,1909f56bfc062723c751e8b465ee728b) (PreviewImporter) -> (artifact id: '4f7199c441d03382c137a3d8fbb4946e') in 0.0055097 seconds
Number of updated asset objects reloaded before import = 0Number of asset objects unloaded after import = 0

========================================================================
Received Prepare
Refreshing native plugins compatible for Editor in 0.55 ms, found 3 plugins.
Preloading 0 native plugins for Editor in 0.00 ms.
Unloading 0 Unused Serialized files (Serialized files now loaded: 0)
Unloading 3478 unused Assets / (0.7 MB). Loaded Objects now: 3993.
Memory consumption went from 85.4 MB to 84.7 MB.
Total: 4.357600 ms (FindLiveObjects: 0.364900 ms CreateObjectMapping: 0.112000 ms MarkObjects: 3.372200 ms  DeleteObjects: 0.508200 ms)

Prepare: number of updated asset objects reloaded= 0
========================================================================
Received Prepare
Begin MonoManager ReloadAssembly
[Licensing::Client] Successfully resolved entitlement details
- Loaded All Assemblies, in  0.464 seconds
Refreshing native plugins compatible for Editor in 0.78 ms, found 3 plugins.
Native extension for WindowsStandalone target not found
[Package Manager] Failed to launch server process. Reason: Unity was launched with the -noUpm command-line argument
[Package Manager] Unable to send message (not connected to server process).
[Package Manager] Cannot connect to Unity Package Manager local server
Mono: successfully reloaded assembly
- Finished resetting the current domain, in  0.558 seconds
Domain Reload Profiling: 1020ms
	BeginReloadAssembly (147ms)
		ExecutionOrderSort (0ms)
		DisableScriptedObjects (5ms)
		BackupInstance (0ms)
		ReleaseScriptingObjects (0ms)
		CreateAndSetChildDomain (37ms)
	RebuildCommonClasses (30ms)
	RebuildNativeTypeToScriptingClass (11ms)
	initialDomainReloadingComplete (21ms)
	LoadAllAssembliesAndSetupDomain (253ms)
		LoadAssemblies (213ms)
		RebuildTransferFunctionScriptingTraits (0ms)
		AnalyzeDomain (106ms)
			TypeCache.Refresh (6ms)
				TypeCache.ScanAssembly (1ms)
			BuildScriptInfoCaches (95ms)
			ResolveRequiredComponents (4ms)
	FinalizeReload (558ms)
		ReleaseScriptCaches (0ms)
		RebuildScriptCaches (0ms)
		SetupLoadedEditorAssemblies (454ms)
			LogAssemblyErrors (0ms)
			InitializePlatformSupportModulesInManaged (2ms)
			SetLoadedEditorAssemblies (3ms)
			BeforeProcessingInitializeOnLoad (88ms)
			ProcessInitializeOnLoadAttributes (341ms)
			ProcessInitializeOnLoadMethodAttributes (14ms)
			AfterProcessingInitializeOnLoad (4ms)
			EditorAssembliesLoaded (0ms)
		ExecutionOrderSort2 (0ms)
		AwakeInstancesAfterBackupRestoration (4ms)
Refreshing native plugins compatible for Editor in 0.88 ms, found 3 plugins.
Preloading 0 native plugins for Editor in 0.00 ms.
Unloading 0 Unused Serialized files (Serialized files now loaded: 0)
Unloading 3483 unused Assets / (1.2 MB). Loaded Objects now: 3994.
Memory consumption went from 86.7 MB to 85.5 MB.
Total: 4.255100 ms (FindLiveObjects: 0.352100 ms CreateObjectMapping: 0.098100 ms MarkObjects: 2.845800 ms  DeleteObjects: 0.958200 ms)

Prepare: number of updated asset objects reloaded= 0
========================================================================
Received Prepare
Refreshing native plugins compatible for Editor in 0.56 ms, found 3 plugins.
Preloading 0 native plugins for Editor in 0.00 ms.
Unloading 0 Unused Serialized files (Serialized files now loaded: 0)
Unloading 3478 unused Assets / (0.8 MB). Loaded Objects now: 3994.
Memory consumption went from 86.8 MB to 86.1 MB.
Total: 5.053300 ms (FindLiveObjects: 0.389400 ms CreateObjectMapping: 0.111200 ms MarkObjects: 3.989200 ms  DeleteObjects: 0.563000 ms)

Prepare: number of updated asset objects reloaded= 0
========================================================================
Received Prepare
Begin MonoManager ReloadAssembly
[Licensing::Client] Successfully resolved entitlement details
- Loaded All Assemblies, in  0.453 seconds
Refreshing native plugins compatible for Editor in 0.84 ms, found 3 plugins.
Native extension for WindowsStandalone target not found
[Package Manager] Failed to launch server process. Reason: Unity was launched with the -noUpm command-line argument
[Package Manager] Unable to send message (not connected to server process).
[Package Manager] Cannot connect to Unity Package Manager local server
Mono: successfully reloaded assembly
- Finished resetting the current domain, in  0.478 seconds
Domain Reload Profiling: 929ms
	BeginReloadAssembly (149ms)
		ExecutionOrderSort (0ms)
		DisableScriptedObjects (5ms)
		BackupInstance (0ms)
		ReleaseScriptingObjects (0ms)
		CreateAndSetChildDomain (35ms)
	RebuildCommonClasses (28ms)
	RebuildNativeTypeToScriptingClass (18ms)
	initialDomainReloadingComplete (20ms)
	LoadAllAssembliesAndSetupDomain (236ms)
		LoadAssemblies (208ms)
		RebuildTransferFunctionScriptingTraits (0ms)
		AnalyzeDomain (99ms)
			TypeCache.Refresh (6ms)
				TypeCache.ScanAssembly (1ms)
			BuildScriptInfoCaches (87ms)
			ResolveRequiredComponents (4ms)
	FinalizeReload (479ms)
		ReleaseScriptCaches (0ms)
		RebuildScriptCaches (0ms)
		SetupLoadedEditorAssemblies (388ms)
			LogAssemblyErrors (0ms)
			InitializePlatformSupportModulesInManaged (2ms)
			SetLoadedEditorAssemblies (3ms)
			BeforeProcessingInitializeOnLoad (78ms)
			ProcessInitializeOnLoadAttributes (284ms)
			ProcessInitializeOnLoadMethodAttributes (15ms)
			AfterProcessingInitializeOnLoad (5ms)
			EditorAssembliesLoaded (0ms)
		ExecutionOrderSort2 (0ms)
		AwakeInstancesAfterBackupRestoration (4ms)
Refreshing native plugins compatible for Editor in 0.69 ms, found 3 plugins.
Preloading 0 native plugins for Editor in 0.00 ms.
Unloading 0 Unused Serialized files (Serialized files now loaded: 0)
Unloading 3483 unused Assets / (0.8 MB). Loaded Objects now: 3995.
Memory consumption went from 86.7 MB to 85.9 MB.
Total: 4.036000 ms (FindLiveObjects: 0.303300 ms CreateObjectMapping: 0.188600 ms MarkObjects: 2.977800 ms  DeleteObjects: 0.565700 ms)

Prepare: number of updated asset objects reloaded= 0
========================================================================
Received Prepare
Refreshing native plugins compatible for Editor in 0.67 ms, found 3 plugins.
Preloading 0 native plugins for Editor in 0.00 ms.
Unloading 0 Unused Serialized files (Serialized files now loaded: 0)
Unloading 3478 unused Assets / (0.7 MB). Loaded Objects now: 3995.
Memory consumption went from 86.9 MB to 86.1 MB.
Total: 4.869400 ms (FindLiveObjects: 0.297600 ms CreateObjectMapping: 0.194300 ms MarkObjects: 3.708100 ms  DeleteObjects: 0.668700 ms)

Prepare: number of updated asset objects reloaded= 0
========================================================================
Received Prepare
Begin MonoManager ReloadAssembly
- Loaded All Assemblies, in  0.467 seconds
Refreshing native plugins compatible for Editor in 0.86 ms, found 3 plugins.
Native extension for WindowsStandalone target not found
[Package Manager] Failed to launch server process. Reason: Unity was launched with the -noUpm command-line argument
[Package Manager] Unable to send message (not connected to server process).
[Package Manager] Cannot connect to Unity Package Manager local server
Mono: successfully reloaded assembly
- Finished resetting the current domain, in  0.504 seconds
Domain Reload Profiling: 971ms
	BeginReloadAssembly (152ms)
		ExecutionOrderSort (0ms)
		DisableScriptedObjects (5ms)
		BackupInstance (0ms)
		ReleaseScriptingObjects (0ms)
		CreateAndSetChildDomain (34ms)
	RebuildCommonClasses (25ms)
	RebuildNativeTypeToScriptingClass (10ms)
	initialDomainReloadingComplete (29ms)
	LoadAllAssembliesAndSetupDomain (249ms)
		LoadAssemblies (210ms)
		RebuildTransferFunctionScriptingTraits (0ms)
		AnalyzeDomain (114ms)
			TypeCache.Refresh (5ms)
				TypeCache.ScanAssembly (1ms)
			BuildScriptInfoCaches (102ms)
			ResolveRequiredComponents (4ms)
	FinalizeReload (504ms)
		ReleaseScriptCaches (0ms)
		RebuildScriptCaches (0ms)
		SetupLoadedEditorAssemblies (408ms)
			LogAssemblyErrors (0ms)
			InitializePlatformSupportModulesInManaged (2ms)
			SetLoadedEditorAssemblies (4ms)
			BeforeProcessingInitializeOnLoad (84ms)
			ProcessInitializeOnLoadAttributes (297ms)
			ProcessInitializeOnLoadMethodAttributes (17ms)
			AfterProcessingInitializeOnLoad (5ms)
			EditorAssembliesLoaded (0ms)
		ExecutionOrderSort2 (0ms)
		AwakeInstancesAfterBackupRestoration (5ms)
Refreshing native plugins compatible for Editor in 0.53 ms, found 3 plugins.
Preloading 0 native plugins for Editor in 0.00 ms.
Unloading 0 Unused Serialized files (Serialized files now loaded: 0)
Unloading 3483 unused Assets / (0.6 MB). Loaded Objects now: 3996.
Memory consumption went from 86.7 MB to 86.0 MB.
Total: 3.519400 ms (FindLiveObjects: 0.325500 ms CreateObjectMapping: 0.101100 ms MarkObjects: 2.631000 ms  DeleteObjects: 0.461300 ms)

Prepare: number of updated asset objects reloaded= 0
========================================================================
Received Import Request.
  Time since last request: 1152.242216 seconds.
  path: Assets/DefaceGames/ZoomAndPan.cs
  artifactKey: Guid(61bae10751afecb4fb2a25e7adf1631d) Importer(2089858483,0ecaa5967403d082aa24f35e1b516d23)
Start importing Assets/DefaceGames/ZoomAndPan.cs using Guid(61bae10751afecb4fb2a25e7adf1631d) Importer(2089858483,0ecaa5967403d082aa24f35e1b516d23) (ScriptedImporter) -> (artifact id: '0e237a3fb24f8bdb6a3f8c88c83eeded') in 0.0731573 seconds
Number of updated asset objects reloaded before import = 0Number of asset objects unloaded after import = 0

========================================================================
Received Import Request.
  Time since last request: 0.000013 seconds.
  path: Assets/LowPolyMedievalPropsLite/Materials/LP_MedievalProps_BG2.mat
  artifactKey: Guid(37b2df931519e8c4f91d8633a8b45261) Importer(2089858483,0ecaa5967403d082aa24f35e1b516d23)
Start importing Assets/LowPolyMedievalPropsLite/Materials/LP_MedievalProps_BG2.mat using Guid(37b2df931519e8c4f91d8633a8b45261) Importer(2089858483,0ecaa5967403d082aa24f35e1b516d23) (ScriptedImporter) -> (artifact id: 'd9159739046d84325e93c0c869ea8b58') in 0.0249674 seconds
Number of updated asset objects reloaded before import = 0Number of asset objects unloaded after import = 1

========================================================================
Received Import Request.
  Time since last request: 0.000029 seconds.
  path: Assets/models/mine lvl2.fbx
  artifactKey: Guid(096235b611bcf504d9e4dba03f097a14) Importer(2089858483,0ecaa5967403d082aa24f35e1b516d23)
Start importing Assets/models/mine lvl2.fbx using Guid(096235b611bcf504d9e4dba03f097a14) Importer(2089858483,0ecaa5967403d082aa24f35e1b516d23) (ScriptedImporter) -> (artifact id: '6156b611a84282a91a615c797882af1b') in 0.0668856 seconds
Number of updated asset objects reloaded before import = 0Number of asset objects unloaded after import = 133

========================================================================
Received Import Request.
  Time since last request: 0.000017 seconds.
  path: Assets/RPG_inventory_icons/f.PNG
  artifactKey: Guid(ed1074391f139544d941ae0870937dc0) Importer(2089858483,0ecaa5967403d082aa24f35e1b516d23)
Start importing Assets/RPG_inventory_icons/f.PNG using Guid(ed1074391f139544d941ae0870937dc0) Importer(2089858483,0ecaa5967403d082aa24f35e1b516d23) (ScriptedImporter) -> (artifact id: 'dadb3e7f5c0155e11e67ba74c63441d3') in 0.0424753 seconds
Number of updated asset objects reloaded before import = 0Number of asset objects unloaded after import = 3

========================================================================
Received Import Request.
  Time since last request: 0.000041 seconds.
  path: Assets/materials/void.mat
  artifactKey: Guid(1b9c4573ac79b6d45816ac0cf4f4d6f2) Importer(2089858483,0ecaa5967403d082aa24f35e1b516d23)
Start importing Assets/materials/void.mat using Guid(1b9c4573ac79b6d45816ac0cf4f4d6f2) Importer(2089858483,0ecaa5967403d082aa24f35e1b516d23) (ScriptedImporter) -> (artifact id: '32375f59f3d45e5979003d0d87ff776d') in 0.0121843 seconds
Number of updated asset objects reloaded before import = 0Number of asset objects unloaded after import = 1

========================================================================
Received Import Request.
  Time since last request: 0.000015 seconds.
  path: Assets/LowPolyMedievalPropsLite/Materials/LP_MedievalProps_MAIN.mat
  artifactKey: Guid(300ee636ab1b3b7429c61eaa1f29b0b8) Importer(2089858483,0ecaa5967403d082aa24f35e1b516d23)
Start importing Assets/LowPolyMedievalPropsLite/Materials/LP_MedievalProps_MAIN.mat using Guid(300ee636ab1b3b7429c61eaa1f29b0b8) Importer(2089858483,0ecaa5967403d082aa24f35e1b516d23) (ScriptedImporter) -> (artifact id: '1ea61d3a8a84c0c993e02823b7ff3c36') in 0.0161116 seconds
Number of updated asset objects reloaded before import = 0Number of asset objects unloaded after import = 2

========================================================================
Received Import Request.
  Time since last request: 0.000016 seconds.
  path: Assets/models/timberlvl3.fbx
  artifactKey: Guid(69868a876b1e5f74e953e7ed9582cc18) Importer(2089858483,0ecaa5967403d082aa24f35e1b516d23)
Start importing Assets/models/timberlvl3.fbx using Guid(69868a876b1e5f74e953e7ed9582cc18) Importer(2089858483,0ecaa5967403d082aa24f35e1b516d23) (ScriptedImporter) -> (artifact id: '958f75b8a769b6243ad8f701df5ac62c') in 0.0288739 seconds
Number of updated asset objects reloaded before import = 0Number of asset objects unloaded after import = 87

========================================================================
Received Import Request.
  Time since last request: 0.000014 seconds.
  path: Assets/LowPolyMedievalPropsLite/Models/Bottle_02.fbx
  artifactKey: Guid(605e437c1d871944fa716a75a6d62d20) Importer(2089858483,0ecaa5967403d082aa24f35e1b516d23)
Start importing Assets/LowPolyMedievalPropsLite/Models/Bottle_02.fbx using Guid(605e437c1d871944fa716a75a6d62d20) Importer(2089858483,0ecaa5967403d082aa24f35e1b516d23) (ScriptedImporter) -> (artifact id: '1651f4a7958267f693f89ad924ea5f47') in 0.0196412 seconds
Number of updated asset objects reloaded before import = 0Number of asset objects unloaded after import = 7

========================================================================
Received Import Request.
  Time since last request: 0.000015 seconds.
  path: Assets/images/Menu Background.png
  artifactKey: Guid(e71b5e94374e6214fb284f5d55e11e65) Importer(2089858483,0ecaa5967403d082aa24f35e1b516d23)
Start importing Assets/images/Menu Background.png using Guid(e71b5e94374e6214fb284f5d55e11e65) Importer(2089858483,0ecaa5967403d082aa24f35e1b516d23) (ScriptedImporter) -> (artifact id: '18ca805c1c461e494f66405f915582f6') in 0.0338767 seconds
Number of updated asset objects reloaded before import = 0Number of asset objects unloaded after import = 3

========================================================================
Received Import Request.
  Time since last request: 0.000016 seconds.
  path: Assets/Prefabs/castleWallTest.prefab
  artifactKey: Guid(1682c2aaff1d8da4a85e5d21c659d006) Importer(2089858483,0ecaa5967403d082aa24f35e1b516d23)
Start importing Assets/Prefabs/castleWallTest.prefab using Guid(1682c2aaff1d8da4a85e5d21c659d006) Importer(2089858483,0ecaa5967403d082aa24f35e1b516d23) (ScriptedImporter) -> (artifact id: 'bd5e23b03dd562c305a126bc17d6c8a8') in 0.0102489 seconds
Number of updated asset objects reloaded before import = 0Number of asset objects unloaded after import = 8

========================================================================
Received Import Request.
  Time since last request: 0.000012 seconds.
  path: Assets/LowPolyMedievalPropsLite/Models/Axe_01.fbx
  artifactKey: Guid(a1f67aa07796fb24d9b3adf4cc449805) Importer(2089858483,0ecaa5967403d082aa24f35e1b516d23)
Start importing Assets/LowPolyMedievalPropsLite/Models/Axe_01.fbx using Guid(a1f67aa07796fb24d9b3adf4cc449805) Importer(2089858483,0ecaa5967403d082aa24f35e1b516d23) (ScriptedImporter) -> (artifact id: 'dbd78acfe62fee5958348c8c3a9d81ce') in 0.0149476 seconds
Number of updated asset objects reloaded before import = 0Number of asset objects unloaded after import = 7

========================================================================
Received Import Request.
  Time since last request: 0.000058 seconds.
  path: Assets/materials/grass.mat
  artifactKey: Guid(f5460849629a62c46be9adeca09145eb) Importer(2089858483,0ecaa5967403d082aa24f35e1b516d23)
Start importing Assets/materials/grass.mat using Guid(f5460849629a62c46be9adeca09145eb) Importer(2089858483,0ecaa5967403d082aa24f35e1b516d23) (ScriptedImporter) -> (artifact id: 'e591d03a1cb88ff49d8619d9c57250be') in 0.0110504 seconds
Number of updated asset objects reloaded before import = 0Number of asset objects unloaded after import = 1

========================================================================
Received Import Request.
  Time since last request: 0.000034 seconds.
  path: Assets/LowPolyMedievalPropsLite/Models/Fence_02.fbx
  artifactKey: Guid(9e2a01ecda5258e4590bff3ba5b0393f) Importer(2089858483,0ecaa5967403d082aa24f35e1b516d23)
Start importing Assets/LowPolyMedievalPropsLite/Models/Fence_02.fbx using Guid(9e2a01ecda5258e4590bff3ba5b0393f) Importer(2089858483,0ecaa5967403d082aa24f35e1b516d23) (ScriptedImporter) -> (artifact id: 'da59604a4a9cd3f835d21273aa7ff5bf') in 0.0163577 seconds
Number of updated asset objects reloaded before import = 0Number of asset objects unloaded after import = 7

========================================================================
Received Import Request.
  Time since last request: 0.000015 seconds.
  path: Assets/images/mine icon2 no background.png
  artifactKey: Guid(cd352f2761f70874f8881eba30f27fd8) Importer(2089858483,0ecaa5967403d082aa24f35e1b516d23)
Start importing Assets/images/mine icon2 no background.png using Guid(cd352f2761f70874f8881eba30f27fd8) Importer(2089858483,0ecaa5967403d082aa24f35e1b516d23) (ScriptedImporter) -> (artifact id: 'ab734a2219fcaf33bea8c89f053c201b') in 0.0146553 seconds
Number of updated asset objects reloaded before import = 0Number of asset objects unloaded after import = 3

========================================================================
Received Import Request.
  Time since last request: 0.000015 seconds.
  path: Assets/DefaceGames/fonts/Crimson-Bold SDF.asset
  artifactKey: Guid(955b552f3d646514da87c880813d91ea) Importer(2089858483,0ecaa5967403d082aa24f35e1b516d23)
Start importing Assets/DefaceGames/fonts/Crimson-Bold SDF.asset using Guid(955b552f3d646514da87c880813d91ea) Importer(2089858483,0ecaa5967403d082aa24f35e1b516d23) (ScriptedImporter) -> (artifact id: '686cae9040c1a1399c31b9fc9de4b219') in 0.0438779 seconds
Number of updated asset objects reloaded before import = 0Number of asset objects unloaded after import = 3

========================================================================
Received Import Request.
  Time since last request: 0.000101 seconds.
  path: Assets/RPG_inventory_icons/sword.png
  artifactKey: Guid(5fd50594014b70e48bd6993443d46b32) Importer(2089858483,0ecaa5967403d082aa24f35e1b516d23)
Start importing Assets/RPG_inventory_icons/sword.png using Guid(5fd50594014b70e48bd6993443d46b32) Importer(2089858483,0ecaa5967403d082aa24f35e1b516d23) (ScriptedImporter) -> (artifact id: '12459d7ea1bdc2624b0b68eeeab01d91') in 0.023012 seconds
Number of updated asset objects reloaded before import = 0Number of asset objects unloaded after import = 3

========================================================================
Received Import Request.
  Time since last request: 0.000015 seconds.
  path: Assets/RPG_inventory_icons/coins.png
  artifactKey: Guid(3676a0b185daeb54fb257f700ba7ead4) Importer(2089858483,0ecaa5967403d082aa24f35e1b516d23)
Start importing Assets/RPG_inventory_icons/coins.png using Guid(3676a0b185daeb54fb257f700ba7ead4) Importer(2089858483,0ecaa5967403d082aa24f35e1b516d23) (ScriptedImporter) -> (artifact id: 'd406d33a1a7da0f9b31222fbfe6d4cc1') in 0.0197268 seconds
Number of updated asset objects reloaded before import = 0Number of asset objects unloaded after import = 3

========================================================================
Received Import Request.
  Time since last request: 0.000015 seconds.
  path: Assets/LowPolyMedievalPropsLite/Models/Bucket_01.fbx
  artifactKey: Guid(053850d175106614c826c1cc839fd782) Importer(2089858483,0ecaa5967403d082aa24f35e1b516d23)
Start importing Assets/LowPolyMedievalPropsLite/Models/Bucket_01.fbx using Guid(053850d175106614c826c1cc839fd782) Importer(2089858483,0ecaa5967403d082aa24f35e1b516d23) (ScriptedImporter) -> (artifact id: '3188b6f727a718242f49f3dc690f0f10') in 0.0151148 seconds
Number of updated asset objects reloaded before import = 0Number of asset objects unloaded after import = 7

========================================================================
Received Import Request.
  Time since last request: 0.000017 seconds.
  path: Assets/LowPolyMedievalPropsLite/Materials/LP_MedievalProps_BG.mat
  artifactKey: Guid(f890024eee83e014fbb7b54a3772c8fb) Importer(2089858483,0ecaa5967403d082aa24f35e1b516d23)
Start importing Assets/LowPolyMedievalPropsLite/Materials/LP_MedievalProps_BG.mat using Guid(f890024eee83e014fbb7b54a3772c8fb) Importer(2089858483,0ecaa5967403d082aa24f35e1b516d23) (ScriptedImporter) -> (artifact id: 'dad79fce673b2c0c504655fe0f7ab713') in 0.0120835 seconds
Number of updated asset objects reloaded before import = 0Number of asset objects unloaded after import = 1

========================================================================
Received Import Request.
  Time since last request: 0.000016 seconds.
  path: Assets/LowPolyMedievalPropsLite/LowPolyMedievalPropsLite_2020.3.0_HDRP_v1.0.unitypackage
  artifactKey: Guid(518d1c1a2372e38479ca8a25bc9b0ee8) Importer(2089858483,0ecaa5967403d082aa24f35e1b516d23)
Start importing Assets/LowPolyMedievalPropsLite/LowPolyMedievalPropsLite_2020.3.0_HDRP_v1.0.unitypackage using Guid(518d1c1a2372e38479ca8a25bc9b0ee8) Importer(2089858483,0ecaa5967403d082aa24f35e1b516d23) (ScriptedImporter) -> (artifact id: '7f5912eaf0ec59290b7c9d3aaf51689d') in 0.0089997 seconds
Number of updated asset objects reloaded before import = 0Number of asset objects unloaded after import = 1

========================================================================
Received Import Request.
  Time since last request: 0.000070 seconds.
  path: Assets/RPG_inventory_icons/book.PNG
  artifactKey: Guid(ae496f5dad56ea645b72d374a0376368) Importer(2089858483,0ecaa5967403d082aa24f35e1b516d23)
Start importing Assets/RPG_inventory_icons/book.PNG using Guid(ae496f5dad56ea645b72d374a0376368) Importer(2089858483,0ecaa5967403d082aa24f35e1b516d23) (ScriptedImporter) -> (artifact id: '565d3210c2719dcfd11f8e3b515415ca') in 0.0166786 seconds
Number of updated asset objects reloaded before import = 0Number of asset objects unloaded after import = 3

========================================================================
Received Import Request.
  Time since last request: 0.000015 seconds.
  path: Assets/RPG_inventory_icons/helmets.png
  artifactKey: Guid(fd6e4fc32c78509458fc45ea4a478ba8) Importer(2089858483,0ecaa5967403d082aa24f35e1b516d23)
Start importing Assets/RPG_inventory_icons/helmets.png using Guid(fd6e4fc32c78509458fc45ea4a478ba8) Importer(2089858483,0ecaa5967403d082aa24f35e1b516d23) (ScriptedImporter) -> (artifact id: 'acac2c4383ee60ac09005e93c07dfbcb') in 0.0209134 seconds
Number of updated asset objects reloaded before import = 0Number of asset objects unloaded after import = 3

========================================================================
Received Import Request.
  Time since last request: 0.000013 seconds.
  path: Assets/LowPolyMedievalPropsLite/Models/Coin_01.fbx
  artifactKey: Guid(ee52ceccec10ae646a2fb8ff368687f6) Importer(2089858483,0ecaa5967403d082aa24f35e1b516d23)
Start importing Assets/LowPolyMedievalPropsLite/Models/Coin_01.fbx using Guid(ee52ceccec10ae646a2fb8ff368687f6) Importer(2089858483,0ecaa5967403d082aa24f35e1b516d23) (ScriptedImporter) -> (artifact id: 'afff295166dfc873e4456e5a25408ae5') in 0.0137784 seconds
Number of updated asset objects reloaded before import = 0Number of asset objects unloaded after import = 7

========================================================================
Received Import Request.
  Time since last request: 0.000012 seconds.
  path: Assets/LowPolyMedievalPropsLite/Models/Box_01.fbx
  artifactKey: Guid(a736403e8215c0644931533af77a47de) Importer(2089858483,0ecaa5967403d082aa24f35e1b516d23)
Start importing Assets/LowPolyMedievalPropsLite/Models/Box_01.fbx using Guid(a736403e8215c0644931533af77a47de) Importer(2089858483,0ecaa5967403d082aa24f35e1b516d23) (ScriptedImporter) -> (artifact id: '37d43b89fcf32a381d43de9eb9603f52') in 0.0133064 seconds
Number of updated asset objects reloaded before import = 0Number of asset objects unloaded after import = 7

========================================================================
Received Import Request.
  Time since last request: 0.000013 seconds.
  path: Assets/LowPolyMedievalPropsLite/Models/Bottle_03.fbx
  artifactKey: Guid(4d19b51c95d71784f9d606a01f2b05d5) Importer(2089858483,0ecaa5967403d082aa24f35e1b516d23)
Start importing Assets/LowPolyMedievalPropsLite/Models/Bottle_03.fbx using Guid(4d19b51c95d71784f9d606a01f2b05d5) Importer(2089858483,0ecaa5967403d082aa24f35e1b516d23) (ScriptedImporter) -> (artifact id: '8c4519e4f7f122d2b0617523b34147c8') in 0.0151016 seconds
Number of updated asset objects reloaded before import = 0Number of asset objects unloaded after import = 7

========================================================================
Received Import Request.
  Time since last request: 0.000016 seconds.
  path: Assets/Prefabs/sledgehammer.prefab
  artifactKey: Guid(76f6d603918dabb4bbe80b74306a9552) Importer(2089858483,0ecaa5967403d082aa24f35e1b516d23)
Start importing Assets/Prefabs/sledgehammer.prefab using Guid(76f6d603918dabb4bbe80b74306a9552) Importer(2089858483,0ecaa5967403d082aa24f35e1b516d23) (ScriptedImporter) -> (artifact id: 'e85d2d66ed2d168ae3d9abb013f61d2e') in 0.0109137 seconds
Number of updated asset objects reloaded before import = 0Number of asset objects unloaded after import = 26

========================================================================
Received Import Request.
  Time since last request: 0.000018 seconds.
  path: Assets/LowPolyMedievalPropsLite/Models/Cup_01.fbx
  artifactKey: Guid(dd79d1ed7df62f648869bb9fca16062a) Importer(2089858483,0ecaa5967403d082aa24f35e1b516d23)
Start importing Assets/LowPolyMedievalPropsLite/Models/Cup_01.fbx using Guid(dd79d1ed7df62f648869bb9fca16062a) Importer(2089858483,0ecaa5967403d082aa24f35e1b516d23) (ScriptedImporter) -> (artifact id: 'c79c2721a999d30faf005afd5576a54a') in 0.0146227 seconds
Number of updated asset objects reloaded before import = 0Number of asset objects unloaded after import = 7

========================================================================
Received Import Request.
  Time since last request: 0.000016 seconds.
  path: Assets/models/sledgehammer.fbx
  artifactKey: Guid(216f8e050873aef4ab214b9d86659460) Importer(2089858483,0ecaa5967403d082aa24f35e1b516d23)
Start importing Assets/models/sledgehammer.fbx using Guid(216f8e050873aef4ab214b9d86659460) Importer(2089858483,0ecaa5967403d082aa24f35e1b516d23) (ScriptedImporter) -> (artifact id: 'cff5c3200249067f01b760dbd08b81a7') in 0.0147577 seconds
Number of updated asset objects reloaded before import = 0Number of asset objects unloaded after import = 17

========================================================================
Received Import Request.
  Time since last request: 0.000023 seconds.
  path: Assets/RPG_inventory_icons/gem.png
  artifactKey: Guid(e7d29a79bc7fae248887c8a08a160303) Importer(2089858483,0ecaa5967403d082aa24f35e1b516d23)
Start importing Assets/RPG_inventory_icons/gem.png using Guid(e7d29a79bc7fae248887c8a08a160303) Importer(2089858483,0ecaa5967403d082aa24f35e1b516d23) (ScriptedImporter) -> (artifact id: '64d14ce2d67807b3eeeb2e977d482fcc') in 0.0205372 seconds
Number of updated asset objects reloaded before import = 0Number of asset objects unloaded after import = 3

========================================================================
Received Import Request.
  Time since last request: 0.000016 seconds.
  path: Assets/images/castle icon2 no background.png
  artifactKey: Guid(fd17c14661a2a904fa289867b181c0f1) Importer(2089858483,0ecaa5967403d082aa24f35e1b516d23)
Start importing Assets/images/castle icon2 no background.png using Guid(fd17c14661a2a904fa289867b181c0f1) Importer(2089858483,0ecaa5967403d082aa24f35e1b516d23) (ScriptedImporter) -> (artifact id: '5efecbc8371fe6316e009344a6ac4f12') in 0.0177167 seconds
Number of updated asset objects reloaded before import = 0Number of asset objects unloaded after import = 3

========================================================================
Received Import Request.
  Time since last request: 0.000022 seconds.
  path: Assets/RPG_inventory_icons/boots.png
  artifactKey: Guid(e420c5bc93cb2604695a893500c897e3) Importer(2089858483,0ecaa5967403d082aa24f35e1b516d23)
Start importing Assets/RPG_inventory_icons/boots.png using Guid(e420c5bc93cb2604695a893500c897e3) Importer(2089858483,0ecaa5967403d082aa24f35e1b516d23) (ScriptedImporter) -> (artifact id: '553a973572565818665df43a3a048c02') in 0.0206319 seconds
Number of updated asset objects reloaded before import = 0Number of asset objects unloaded after import = 3

========================================================================
Received Import Request.
  Time since last request: 0.000013 seconds.
  path: Assets/RPG_inventory_icons/bracers.PNG
  artifactKey: Guid(70a77abda853dd941a0c8debf1de9b04) Importer(2089858483,0ecaa5967403d082aa24f35e1b516d23)
Start importing Assets/RPG_inventory_icons/bracers.PNG using Guid(70a77abda853dd941a0c8debf1de9b04) Importer(2089858483,0ecaa5967403d082aa24f35e1b516d23) (ScriptedImporter) -> (artifact id: '63fcf1341da5b065537a62ed687b6a43') in 0.0222224 seconds
Number of updated asset objects reloaded before import = 0Number of asset objects unloaded after import = 3

========================================================================
Received Import Request.
  Time since last request: 0.000013 seconds.
  path: Assets/models/wooden wall.fbx
  artifactKey: Guid(f857885e848c07349a3114c94fea4fdd) Importer(2089858483,0ecaa5967403d082aa24f35e1b516d23)
Start importing Assets/models/wooden wall.fbx using Guid(f857885e848c07349a3114c94fea4fdd) Importer(2089858483,0ecaa5967403d082aa24f35e1b516d23) (ScriptedImporter) -> (artifact id: '11cabcef5d02ed3a6d617dd89dd2bea2') in 0.0148415 seconds
Number of updated asset objects reloaded before import = 0Number of asset objects unloaded after import = 7

========================================================================
Received Import Request.
  Time since last request: 0.000013 seconds.
  path: Assets/models/timberWorker.fbx
  artifactKey: Guid(f9d4316b7b472c54881144be7476d8a2) Importer(2089858483,0ecaa5967403d082aa24f35e1b516d23)
Start importing Assets/models/timberWorker.fbx using Guid(f9d4316b7b472c54881144be7476d8a2) Importer(2089858483,0ecaa5967403d082aa24f35e1b516d23) (ScriptedImporter) -> (artifact id: '4fd1573baf4e27195272f3dbc244c25a') in 0.0165506 seconds
Number of updated asset objects reloaded before import = 0Number of asset objects unloaded after import = 18

========================================================================
Received Import Request.
  Time since last request: 0.000012 seconds.
  path: Assets/models/castle.fbx
  artifactKey: Guid(731edafd90390d546a7a73232fd46e55) Importer(2089858483,0ecaa5967403d082aa24f35e1b516d23)
Start importing Assets/models/castle.fbx using Guid(731edafd90390d546a7a73232fd46e55) Importer(2089858483,0ecaa5967403d082aa24f35e1b516d23) (ScriptedImporter) -> (artifact id: 'ffd2747214066b73833f1866d876693c') in 0.0152638 seconds
Number of updated asset objects reloaded before import = 0Number of asset objects unloaded after import = 15

========================================================================
Received Import Request.
  Time since last request: 0.000016 seconds.
  path: Assets/models/MineWorker.fbx
  artifactKey: Guid(da9306f81a15cb243980692ca414fad8) Importer(2089858483,0ecaa5967403d082aa24f35e1b516d23)
Start importing Assets/models/MineWorker.fbx using Guid(da9306f81a15cb243980692ca414fad8) Importer(2089858483,0ecaa5967403d082aa24f35e1b516d23) (ScriptedImporter) -> (artifact id: '4365ff3074026aa5a7ba417b446a0c83') in 0.0200109 seconds
Number of updated asset objects reloaded before import = 0Number of asset objects unloaded after import = 22

========================================================================
Received Import Request.
  Time since last request: 0.000015 seconds.
  path: Assets/DefaceGames/img/demo-map0.png
  artifactKey: Guid(f2c887e04b04ea34895c358411ef7c19) Importer(2089858483,0ecaa5967403d082aa24f35e1b516d23)
Start importing Assets/DefaceGames/img/demo-map0.png using Guid(f2c887e04b04ea34895c358411ef7c19) Importer(2089858483,0ecaa5967403d082aa24f35e1b516d23) (ScriptedImporter) -> (artifact id: '2b3d9c4fb5029c6808352578de8f0067') in 0.0209263 seconds
Number of updated asset objects reloaded before import = 0Number of asset objects unloaded after import = 3

========================================================================
Received Import Request.
  Time since last request: 0.000017 seconds.
  path: Assets/materials/rock.mat
  artifactKey: Guid(8e5ebadb3d2e83f4094caea68a03139c) Importer(2089858483,0ecaa5967403d082aa24f35e1b516d23)
Start importing Assets/materials/rock.mat using Guid(8e5ebadb3d2e83f4094caea68a03139c) Importer(2089858483,0ecaa5967403d082aa24f35e1b516d23) (ScriptedImporter) -> (artifact id: '854b15b3b24765ffa4aa4f02b33e7f9b') in 0.0209787 seconds
Number of updated asset objects reloaded before import = 0Number of asset objects unloaded after import = 1

========================================================================
Received Import Request.
  Time since last request: 0.000049 seconds.
  path: Assets/LowPolyMedievalPropsLite/Models/Barrel_01.fbx
  artifactKey: Guid(4b794b6ae7f5ee74fa07f8325d11e9e9) Importer(2089858483,0ecaa5967403d082aa24f35e1b516d23)
Start importing Assets/LowPolyMedievalPropsLite/Models/Barrel_01.fbx using Guid(4b794b6ae7f5ee74fa07f8325d11e9e9) Importer(2089858483,0ecaa5967403d082aa24f35e1b516d23) (ScriptedImporter) -> (artifact id: '12aa36e555d315c6b1c589f39fb48f83') in 0.0174376 seconds
Number of updated asset objects reloaded before import = 0Number of asset objects unloaded after import = 7

========================================================================
Received Import Request.
  Time since last request: 0.000015 seconds.
  path: Assets/RPG_inventory_icons/shoulders.png
  artifactKey: Guid(f126324fd2486a641842ea5a8244c2d1) Importer(2089858483,0ecaa5967403d082aa24f35e1b516d23)
Start importing Assets/RPG_inventory_icons/shoulders.png using Guid(f126324fd2486a641842ea5a8244c2d1) Importer(2089858483,0ecaa5967403d082aa24f35e1b516d23) (ScriptedImporter) -> (artifact id: '99d9652fb5112a87f1e1f3c3b464763e') in 0.0203002 seconds
Number of updated asset objects reloaded before import = 0Number of asset objects unloaded after import = 3

========================================================================
Received Import Request.
  Time since last request: 0.000015 seconds.
  path: Assets/images/CharacterTexture.png
  artifactKey: Guid(c1219a96ca5692c4ead26206295da0b2) Importer(2089858483,0ecaa5967403d082aa24f35e1b516d23)
Start importing Assets/images/CharacterTexture.png using Guid(c1219a96ca5692c4ead26206295da0b2) Importer(2089858483,0ecaa5967403d082aa24f35e1b516d23) (ScriptedImporter) -> (artifact id: '1e23453c75574efbe0b6e5e59888617b') in 0.0155219 seconds
Number of updated asset objects reloaded before import = 0Number of asset objects unloaded after import = 1

========================================================================
Received Import Request.
  Time since last request: 0.000019 seconds.
  path: Assets/RPG_inventory_icons/necklace.PNG
  artifactKey: Guid(0e123cfdc54a3ca4684816a34167a566) Importer(2089858483,0ecaa5967403d082aa24f35e1b516d23)
Start importing Assets/RPG_inventory_icons/necklace.PNG using Guid(0e123cfdc54a3ca4684816a34167a566) Importer(2089858483,0ecaa5967403d082aa24f35e1b516d23) (ScriptedImporter) -> (artifact id: 'b912776988c8a3f2d7afc7827b402afa') in 0.0266353 seconds
Number of updated asset objects reloaded before import = 0Number of asset objects unloaded after import = 3

========================================================================
Received Import Request.
  Time since last request: 0.000022 seconds.
  path: Assets/Prefabs/character.prefab
  artifactKey: Guid(20fb0ff2b2938154a9312039d1bac53d) Importer(2089858483,0ecaa5967403d082aa24f35e1b516d23)
Start importing Assets/Prefabs/character.prefab using Guid(20fb0ff2b2938154a9312039d1bac53d) Importer(2089858483,0ecaa5967403d082aa24f35e1b516d23) (ScriptedImporter) -> (artifact id: 'efdd0235412e665f62517e01c75b2424') in 0.010302 seconds
Number of updated asset objects reloaded before import = 0Number of asset objects unloaded after import = 22

========================================================================
Received Import Request.
  Time since last request: 0.000017 seconds.
  path: Assets/models/stone quarry.fbx
  artifactKey: Guid(dac3e317301348d4586d970c135118c1) Importer(2089858483,0ecaa5967403d082aa24f35e1b516d23)
Start importing Assets/models/stone quarry.fbx using Guid(dac3e317301348d4586d970c135118c1) Importer(2089858483,0ecaa5967403d082aa24f35e1b516d23) (ScriptedImporter) -> (artifact id: '0bc72a35d5ec79f628d87292625738f8') in 0.0210789 seconds
Number of updated asset objects reloaded before import = 0Number of asset objects unloaded after import = 41

========================================================================
Received Import Request.
  Time since last request: 0.000013 seconds.
  path: Assets/materials/plank.mat
  artifactKey: Guid(002e52f6c118b3e428491d90573c6266) Importer(2089858483,0ecaa5967403d082aa24f35e1b516d23)
Start importing Assets/materials/plank.mat using Guid(002e52f6c118b3e428491d90573c6266) Importer(2089858483,0ecaa5967403d082aa24f35e1b516d23) (ScriptedImporter) -> (artifact id: '7feb5c3ea2f26e8bbd733fbfdafc6636') in 0.0114274 seconds
Number of updated asset objects reloaded before import = 0Number of asset objects unloaded after import = 1

========================================================================
Received Import Request.
  Time since last request: 0.000016 seconds.
  path: Assets/RPG_inventory_icons/shield.png
  artifactKey: Guid(b97c91e8b348f3f4ebdc11f5c82182cd) Importer(2089858483,0ecaa5967403d082aa24f35e1b516d23)
Start importing Assets/RPG_inventory_icons/shield.png using Guid(b97c91e8b348f3f4ebdc11f5c82182cd) Importer(2089858483,0ecaa5967403d082aa24f35e1b516d23) (ScriptedImporter) -> (artifact id: '2867fed3c582942cf05030dd8c0c69f8') in 0.0239304 seconds
Number of updated asset objects reloaded before import = 0Number of asset objects unloaded after import = 3

========================================================================
Received Import Request.
  Time since last request: 0.000015 seconds.
  path: Assets/LowPolyMedievalPropsLite/Models/Cup_02.fbx
  artifactKey: Guid(62419620f07825b47bc717f663da6e9c) Importer(2089858483,0ecaa5967403d082aa24f35e1b516d23)
Start importing Assets/LowPolyMedievalPropsLite/Models/Cup_02.fbx using Guid(62419620f07825b47bc717f663da6e9c) Importer(2089858483,0ecaa5967403d082aa24f35e1b516d23) (ScriptedImporter) -> (artifact id: '486a015f09149f74e6e9361704ced520') in 0.016223 seconds
Number of updated asset objects reloaded before import = 0Number of asset objects unloaded after import = 7

========================================================================
Received Import Request.
  Time since last request: 0.000013 seconds.
  path: Assets/RPG_inventory_icons/axe.png
  artifactKey: Guid(172774604c1bee84185a69041576525b) Importer(2089858483,0ecaa5967403d082aa24f35e1b516d23)
Start importing Assets/RPG_inventory_icons/axe.png using Guid(172774604c1bee84185a69041576525b) Importer(2089858483,0ecaa5967403d082aa24f35e1b516d23) (ScriptedImporter) -> (artifact id: 'beacecbe12fb49d68c6422d4d3f387f3') in 0.0231521 seconds
Number of updated asset objects reloaded before import = 0Number of asset objects unloaded after import = 3

========================================================================
Received Import Request.
  Time since last request: 0.000017 seconds.
  path: Assets/RPG_inventory_icons/hp.png
  artifactKey: Guid(e52ea25af699fd445b7046374f81a5b9) Importer(2089858483,0ecaa5967403d082aa24f35e1b516d23)
Start importing Assets/RPG_inventory_icons/hp.png using Guid(e52ea25af699fd445b7046374f81a5b9) Importer(2089858483,0ecaa5967403d082aa24f35e1b516d23) (ScriptedImporter) -> (artifact id: '6bd8f15f0e548379d0b49ea3b9994dfd') in 0.0261239 seconds
Number of updated asset objects reloaded before import = 0Number of asset objects unloaded after import = 3

========================================================================
Received Import Request.
  Time since last request: 0.000014 seconds.
  path: Assets/materials/character.mat
  artifactKey: Guid(61f354c57ffca1449b4ac5d1ec05a9da) Importer(2089858483,0ecaa5967403d082aa24f35e1b516d23)
Start importing Assets/materials/character.mat using Guid(61f354c57ffca1449b4ac5d1ec05a9da) Importer(2089858483,0ecaa5967403d082aa24f35e1b516d23) (ScriptedImporter) -> (artifact id: '2ea259213eeebe024709e64ac9c3207c') in 0.0114583 seconds
Number of updated asset objects reloaded before import = 0Number of asset objects unloaded after import = 2

========================================================================
Received Import Request.
  Time since last request: 0.000014 seconds.
  path: Assets/materials/wood.mat
  artifactKey: Guid(077ebaf3f2f938944bf26b7b435f6c8f) Importer(2089858483,0ecaa5967403d082aa24f35e1b516d23)
Start importing Assets/materials/wood.mat using Guid(077ebaf3f2f938944bf26b7b435f6c8f) Importer(2089858483,0ecaa5967403d082aa24f35e1b516d23) (ScriptedImporter) -> (artifact id: 'ba300432463e2b47526e36e00d584503') in 0.0113229 seconds
Number of updated asset objects reloaded before import = 0Number of asset objects unloaded after import = 1

========================================================================
Received Import Request.
  Time since last request: 0.483950 seconds.
  path: Assets/LowPolyMedievalPropsLite/Models/Food_01.fbx
  artifactKey: Guid(6fd11993b5248a4428c9af6a3180861a) Importer(2089858483,0ecaa5967403d082aa24f35e1b516d23)
Start importing Assets/LowPolyMedievalPropsLite/Models/Food_01.fbx using Guid(6fd11993b5248a4428c9af6a3180861a) Importer(2089858483,0ecaa5967403d082aa24f35e1b516d23) (ScriptedImporter) -> (artifact id: '34639646fcb981eec5938821abd669dd') in 0.0140778 seconds
Number of updated asset objects reloaded before import = 0Number of asset objects unloaded after import = 7

========================================================================
Received Import Request.
  Time since last request: 0.000017 seconds.
  path: Assets/LowPolyMedievalPropsLite/Prefabs/Jug_04.prefab
  artifactKey: Guid(6217a840ef7b5da40bc3c9075de53ea4) Importer(2089858483,0ecaa5967403d082aa24f35e1b516d23)
Start importing Assets/LowPolyMedievalPropsLite/Prefabs/Jug_04.prefab using Guid(6217a840ef7b5da40bc3c9075de53ea4) Importer(2089858483,0ecaa5967403d082aa24f35e1b516d23) (ScriptedImporter) -> (artifact id: '96fb9b385cfe232a73051bd3f4ab8009') in 0.0242114 seconds
Number of updated asset objects reloaded before import = 0Number of asset objects unloaded after import = 9

========================================================================
Received Import Request.
  Time since last request: 0.000019 seconds.
  path: Assets/Prefabs/mine/mine lvl2.prefab
  artifactKey: Guid(b382df649f97dfc4ab341aa341e448f7) Importer(2089858483,0ecaa5967403d082aa24f35e1b516d23)
Start importing Assets/Prefabs/mine/mine lvl2.prefab using Guid(b382df649f97dfc4ab341aa341e448f7) Importer(2089858483,0ecaa5967403d082aa24f35e1b516d23) (ScriptedImporter) -> (artifact id: '36fa63a99ce1d586880e121c93560870') in 0.0246766 seconds
Number of updated asset objects reloaded before import = 0Number of asset objects unloaded after import = 448

========================================================================
Received Import Request.
  Time since last request: 0.000017 seconds.
  path: Assets/Prefabs/StoneQuarry/stone quarry lvl2.prefab
  artifactKey: Guid(6b783be8b3934d54286f864ad2fc8958) Importer(2089858483,0ecaa5967403d082aa24f35e1b516d23)
Start importing Assets/Prefabs/StoneQuarry/stone quarry lvl2.prefab using Guid(6b783be8b3934d54286f864ad2fc8958) Importer(2089858483,0ecaa5967403d082aa24f35e1b516d23) (ScriptedImporter) -> (artifact id: '631df2d8d8ab7d1b7602125f72a24bed') in 0.0152424 seconds
Number of updated asset objects reloaded before import = 0Number of asset objects unloaded after import = 238

========================================================================
Received Import Request.
  Time since last request: 0.000015 seconds.
  path: Assets/LowPolyMedievalPropsLite/Prefabs/Food_02.prefab
  artifactKey: Guid(219b3ba7a1084d44ba6ba3754e84f3a4) Importer(2089858483,0ecaa5967403d082aa24f35e1b516d23)
Start importing Assets/LowPolyMedievalPropsLite/Prefabs/Food_02.prefab using Guid(219b3ba7a1084d44ba6ba3754e84f3a4) Importer(2089858483,0ecaa5967403d082aa24f35e1b516d23) (ScriptedImporter) -> (artifact id: 'f2a925280f18aebeb16013b03fb69440') in 0.0200981 seconds
Number of updated asset objects reloaded before import = 0Number of asset objects unloaded after import = 9

========================================================================
Received Import Request.
  Time since last request: 0.000016 seconds.
  path: Assets/Prefabs/mine/MineWorker.prefab
  artifactKey: Guid(8ecfe9a01b9470f4eaf84f350bc26318) Importer(2089858483,0ecaa5967403d082aa24f35e1b516d23)
Start importing Assets/Prefabs/mine/MineWorker.prefab using Guid(8ecfe9a01b9470f4eaf84f350bc26318) Importer(2089858483,0ecaa5967403d082aa24f35e1b516d23) (ScriptedImporter) -> (artifact id: 'ac0534b13da93e7ee6faf353de46930d') in 0.0114134 seconds
Number of updated asset objects reloaded before import = 0Number of asset objects unloaded after import = 35

========================================================================
Received Import Request.
  Time since last request: 0.000018 seconds.
  path: Assets/LowPolyMedievalPropsLite/Models/Plate_01.fbx
  artifactKey: Guid(16b6f277b2d633845aee28a5d6b6c129) Importer(2089858483,0ecaa5967403d082aa24f35e1b516d23)
Start importing Assets/LowPolyMedievalPropsLite/Models/Plate_01.fbx using Guid(16b6f277b2d633845aee28a5d6b6c129) Importer(2089858483,0ecaa5967403d082aa24f35e1b516d23) (ScriptedImporter) -> (artifact id: 'ed22d08a5db1a280885d778020673f77') in 0.0188835 seconds
Number of updated asset objects reloaded before import = 0Number of asset objects unloaded after import = 7

========================================================================
Received Import Request.
  Time since last request: 0.000016 seconds.
  path: Assets/LowPolyMedievalPropsLite/Models/Pointer_01.fbx
  artifactKey: Guid(3ec06af1d7955b644a0a2ac99cb7482d) Importer(2089858483,0ecaa5967403d082aa24f35e1b516d23)
Start importing Assets/LowPolyMedievalPropsLite/Models/Pointer_01.fbx using Guid(3ec06af1d7955b644a0a2ac99cb7482d) Importer(2089858483,0ecaa5967403d082aa24f35e1b516d23) (ScriptedImporter) -> (artifact id: '6dd2b805ebdaf29c5e637f12379606ad') in 0.0185029 seconds
Number of updated asset objects reloaded before import = 0Number of asset objects unloaded after import = 7

========================================================================
Received Import Request.
  Time since last request: 0.000018 seconds.
  path: Assets/LowPolyMedievalPropsLite/Models/Pointer_03.fbx
  artifactKey: Guid(7311e36b7f5a8af48b4bed3fa6c529c4) Importer(2089858483,0ecaa5967403d082aa24f35e1b516d23)
Start importing Assets/LowPolyMedievalPropsLite/Models/Pointer_03.fbx using Guid(7311e36b7f5a8af48b4bed3fa6c529c4) Importer(2089858483,0ecaa5967403d082aa24f35e1b516d23) (ScriptedImporter) -> (artifact id: '195aa6de0799e5bfd7647f6fedea1eba') in 0.0125417 seconds
Number of updated asset objects reloaded before import = 0Number of asset objects unloaded after import = 7

========================================================================
Received Import Request.
  Time since last request: 0.000015 seconds.
  path: Assets/LowPolyMedievalPropsLite/Prefabs/Jug_01.prefab
  artifactKey: Guid(0c49d14f67533cd46946f65d18bf9bd3) Importer(2089858483,0ecaa5967403d082aa24f35e1b516d23)
Start importing Assets/LowPolyMedievalPropsLite/Prefabs/Jug_01.prefab using Guid(0c49d14f67533cd46946f65d18bf9bd3) Importer(2089858483,0ecaa5967403d082aa24f35e1b516d23) (ScriptedImporter) -> (artifact id: 'c262e7cfa88585991afbe08928a57748') in 0.0183925 seconds
Number of updated asset objects reloaded before import = 0Number of asset objects unloaded after import = 9

========================================================================
Received Import Request.
  Time since last request: 0.000017 seconds.
  path: Assets/LowPolyMedievalPropsLite/Prefabs/Fence_02.prefab
  artifactKey: Guid(7a92d70f42aca1d40aa5675904d4fb0a) Importer(2089858483,0ecaa5967403d082aa24f35e1b516d23)
Start importing Assets/LowPolyMedievalPropsLite/Prefabs/Fence_02.prefab using Guid(7a92d70f42aca1d40aa5675904d4fb0a) Importer(2089858483,0ecaa5967403d082aa24f35e1b516d23) (ScriptedImporter) -> (artifact id: 'def1b1f1c8faa941b2a4a82d363f226e') in 0.0197045 seconds
Number of updated asset objects reloaded before import = 0Number of asset objects unloaded after import = 9

========================================================================
Received Import Request.
  Time since last request: 0.000023 seconds.
  path: Assets/LowPolyMedievalPropsLite/Prefabs/Candle_01.prefab
  artifactKey: Guid(74f1aa9e584aa4842aecf049e25f5339) Importer(2089858483,0ecaa5967403d082aa24f35e1b516d23)
Start importing Assets/LowPolyMedievalPropsLite/Prefabs/Candle_01.prefab using Guid(74f1aa9e584aa4842aecf049e25f5339) Importer(2089858483,0ecaa5967403d082aa24f35e1b516d23) (ScriptedImporter) -> (artifact id: '235b34b11809b49935a7240a432c47f9') in 0.017899 seconds
Number of updated asset objects reloaded before import = 0Number of asset objects unloaded after import = 9

========================================================================
Received Import Request.
  Time since last request: 0.000014 seconds.
  path: Assets/Prefabs/mine/mine lvl3.prefab
  artifactKey: Guid(75ca527a9a178fe429d5032537a84f2f) Importer(2089858483,0ecaa5967403d082aa24f35e1b516d23)
Start importing Assets/Prefabs/mine/mine lvl3.prefab using Guid(75ca527a9a178fe429d5032537a84f2f) Importer(2089858483,0ecaa5967403d082aa24f35e1b516d23) (ScriptedImporter) -> (artifact id: 'fa1d9b64f7868431bf963c28d7df9d6e') in 0.015513 seconds
Number of updated asset objects reloaded before import = 0Number of asset objects unloaded after import = 468

========================================================================
Received Import Request.
  Time since last request: 0.000014 seconds.
  path: Assets/LowPolyMedievalPropsLite/Prefabs/Bag_01.prefab
  artifactKey: Guid(a178e3ddd4a467d4090e2b4a7a5e394f) Importer(2089858483,0ecaa5967403d082aa24f35e1b516d23)
Start importing Assets/LowPolyMedievalPropsLite/Prefabs/Bag_01.prefab using Guid(a178e3ddd4a467d4090e2b4a7a5e394f) Importer(2089858483,0ecaa5967403d082aa24f35e1b516d23) (ScriptedImporter) -> (artifact id: '434775b21c3c9bdb5bf0f70ae714a089') in 0.0199232 seconds
Number of updated asset objects reloaded before import = 0Number of asset objects unloaded after import = 9

========================================================================
Received Import Request.
  Time since last request: 0.000016 seconds.
  path: Assets/LowPolyMedievalPropsLite/Prefabs/Cup_01.prefab
  artifactKey: Guid(180e2fa043d9e8742a7d8391684bb993) Importer(2089858483,0ecaa5967403d082aa24f35e1b516d23)
Start importing Assets/LowPolyMedievalPropsLite/Prefabs/Cup_01.prefab using Guid(180e2fa043d9e8742a7d8391684bb993) Importer(2089858483,0ecaa5967403d082aa24f35e1b516d23) (ScriptedImporter) -> (artifact id: '8791fcaed264105441541bd0d3a2a12d') in 0.018214 seconds
Number of updated asset objects reloaded before import = 0Number of asset objects unloaded after import = 9

========================================================================
Received Import Request.
  Time since last request: 0.000013 seconds.
  path: Assets/Prefabs/TIMBER/timberWorker.prefab
  artifactKey: Guid(9cd8dd677c3907943a0d7af2bb7015d4) Importer(2089858483,0ecaa5967403d082aa24f35e1b516d23)
Start importing Assets/Prefabs/TIMBER/timberWorker.prefab using Guid(9cd8dd677c3907943a0d7af2bb7015d4) Importer(2089858483,0ecaa5967403d082aa24f35e1b516d23) (ScriptedImporter) -> (artifact id: 'd3aa0c8876b593c7a59cab7752923f68') in 0.0091589 seconds
Number of updated asset objects reloaded before import = 0Number of asset objects unloaded after import = 26

========================================================================
Received Import Request.
  Time since last request: 0.000015 seconds.
  path: Assets/LowPolyMedievalPropsLite/Prefabs/Stone_01.prefab
  artifactKey: Guid(89a32941865132c4ba1c2782790ed46b) Importer(2089858483,0ecaa5967403d082aa24f35e1b516d23)
Start importing Assets/LowPolyMedievalPropsLite/Prefabs/Stone_01.prefab using Guid(89a32941865132c4ba1c2782790ed46b) Importer(2089858483,0ecaa5967403d082aa24f35e1b516d23) (ScriptedImporter) -> (artifact id: '603b0f6ecd9e34bc1db9d8f42520991b') in 0.0169306 seconds
Number of updated asset objects reloaded before import = 0Number of asset objects unloaded after import = 9

========================================================================
Received Import Request.
  Time since last request: 0.000015 seconds.
  path: Assets/LowPolyMedievalPropsLite/Scenes/MedievalPropsLite_Overview.unity
  artifactKey: Guid(ba549bf015552c242b8d05037cae1f46) Importer(2089858483,0ecaa5967403d082aa24f35e1b516d23)
Start importing Assets/LowPolyMedievalPropsLite/Scenes/MedievalPropsLite_Overview.unity using Guid(ba549bf015552c242b8d05037cae1f46) Importer(2089858483,0ecaa5967403d082aa24f35e1b516d23) (ScriptedImporter) -> (artifact id: 'd0ae187cb00cb7dda472010b66fe9d8f') in 0.0079968 seconds
Number of updated asset objects reloaded before import = 0Number of asset objects unloaded after import = 1

========================================================================
Received Import Request.
  Time since last request: 0.000015 seconds.
  path: Assets/LowPolyMedievalPropsLite/Prefabs/Candle_03.prefab
  artifactKey: Guid(27a9ea57e6466914380d0e2b7985388d) Importer(2089858483,0ecaa5967403d082aa24f35e1b516d23)
Start importing Assets/LowPolyMedievalPropsLite/Prefabs/Candle_03.prefab using Guid(27a9ea57e6466914380d0e2b7985388d) Importer(2089858483,0ecaa5967403d082aa24f35e1b516d23) (ScriptedImporter) -> (artifact id: '4eed9363e4e614474693304ca7a6093f') in 0.0203919 seconds
Number of updated asset objects reloaded before import = 0Number of asset objects unloaded after import = 9

========================================================================
Received Import Request.
  Time since last request: 0.000015 seconds.
  path: Assets/LowPolyMedievalPropsLite/Models/Wineglass_01.fbx
  artifactKey: Guid(1fd35ae0e71bd7849af4d7083c2f1454) Importer(2089858483,0ecaa5967403d082aa24f35e1b516d23)
Start importing Assets/LowPolyMedievalPropsLite/Models/Wineglass_01.fbx using Guid(1fd35ae0e71bd7849af4d7083c2f1454) Importer(2089858483,0ecaa5967403d082aa24f35e1b516d23) (ScriptedImporter) -> (artifact id: '473e0588895ac45b989750e6595356c1') in 0.0138965 seconds
Number of updated asset objects reloaded before import = 0Number of asset objects unloaded after import = 7

========================================================================
Received Import Request.
  Time since last request: 0.000016 seconds.
  path: Assets/LowPolyMedievalPropsLite/Prefabs/Candle_02.prefab
  artifactKey: Guid(f4201c8f49deb8844a1d1d79b62d845d) Importer(2089858483,0ecaa5967403d082aa24f35e1b516d23)
Start importing Assets/LowPolyMedievalPropsLite/Prefabs/Candle_02.prefab using Guid(f4201c8f49deb8844a1d1d79b62d845d) Importer(2089858483,0ecaa5967403d082aa24f35e1b516d23) (ScriptedImporter) -> (artifact id: '479ff3f65582a5a0e90a31fe1bd9b9e1') in 0.0200526 seconds
Number of updated asset objects reloaded before import = 0Number of asset objects unloaded after import = 9

========================================================================
Received Import Request.
  Time since last request: 0.000017 seconds.
  path: Assets/LowPolyMedievalPropsLite/Prefabs/Jug_02.prefab
  artifactKey: Guid(42d1030afaa0b924583d1852dab2d898) Importer(2089858483,0ecaa5967403d082aa24f35e1b516d23)
Start importing Assets/LowPolyMedievalPropsLite/Prefabs/Jug_02.prefab using Guid(42d1030afaa0b924583d1852dab2d898) Importer(2089858483,0ecaa5967403d082aa24f35e1b516d23) (ScriptedImporter) -> (artifact id: 'b854d9c96fc6449aeac68a3cb922120a') in 0.0166514 seconds
Number of updated asset objects reloaded before import = 0Number of asset objects unloaded after import = 9

========================================================================
Received Import Request.
  Time since last request: 0.000024 seconds.
  path: Assets/Prefabs/Castles/wooden castle with wooden wall.prefab
  artifactKey: Guid(7cd4f689023216b4c8bb74ad2cb81811) Importer(2089858483,0ecaa5967403d082aa24f35e1b516d23)
Start importing Assets/Prefabs/Castles/wooden castle with wooden wall.prefab using Guid(7cd4f689023216b4c8bb74ad2cb81811) Importer(2089858483,0ecaa5967403d082aa24f35e1b516d23) (ScriptedImporter) -> (artifact id: 'bc7df69124f6936c4cb430e4165454fc') in 0.0141216 seconds
Number of updated asset objects reloaded before import = 0Number of asset objects unloaded after import = 196

========================================================================
Received Import Request.
  Time since last request: 0.000013 seconds.
  path: Assets/LowPolyMedievalPropsLite/Prefabs/Fence_01.prefab
  artifactKey: Guid(9e4d87ed8442a2a40b13957dd237e343) Importer(2089858483,0ecaa5967403d082aa24f35e1b516d23)
Start importing Assets/LowPolyMedievalPropsLite/Prefabs/Fence_01.prefab using Guid(9e4d87ed8442a2a40b13957dd237e343) Importer(2089858483,0ecaa5967403d082aa24f35e1b516d23) (ScriptedImporter) -> (artifact id: '8fbe9f8009072b5bb4e6e5f22632d5c2') in 0.0183304 seconds
Number of updated asset objects reloaded before import = 0Number of asset objects unloaded after import = 9

========================================================================
Received Import Request.
  Time since last request: 0.000018 seconds.
  path: Assets/LowPolyMedievalPropsLite/Prefabs/Cup_02.prefab
  artifactKey: Guid(bb470d63914d5214081b7cf78b5bf7cf) Importer(2089858483,0ecaa5967403d082aa24f35e1b516d23)
Start importing Assets/LowPolyMedievalPropsLite/Prefabs/Cup_02.prefab using Guid(bb470d63914d5214081b7cf78b5bf7cf) Importer(2089858483,0ecaa5967403d082aa24f35e1b516d23) (ScriptedImporter) -> (artifact id: '018af4abc839d55fff41cd0c4aa756ea') in 0.0164558 seconds
Number of updated asset objects reloaded before import = 0Number of asset objects unloaded after import = 9

========================================================================
Received Import Request.
  Time since last request: 0.000020 seconds.
  path: Assets/LowPolyMedievalPropsLite/Models/Plate_03.fbx
  artifactKey: Guid(befb704e1bab15444936e737a981ae6b) Importer(2089858483,0ecaa5967403d082aa24f35e1b516d23)
Start importing Assets/LowPolyMedievalPropsLite/Models/Plate_03.fbx using Guid(befb704e1bab15444936e737a981ae6b) Importer(2089858483,0ecaa5967403d082aa24f35e1b516d23) (ScriptedImporter) -> (artifact id: '66c18ab72331c1371f49566671862a50') in 0.0129368 seconds
Number of updated asset objects reloaded before import = 0Number of asset objects unloaded after import = 7

========================================================================
Received Import Request.
  Time since last request: 0.000016 seconds.
  path: Assets/LowPolyMedievalPropsLite/Prefabs/Coin_03.prefab
  artifactKey: Guid(e80de320c38970749a65395e05ea34e4) Importer(2089858483,0ecaa5967403d082aa24f35e1b516d23)
Start importing Assets/LowPolyMedievalPropsLite/Prefabs/Coin_03.prefab using Guid(e80de320c38970749a65395e05ea34e4) Importer(2089858483,0ecaa5967403d082aa24f35e1b516d23) (ScriptedImporter) -> (artifact id: 'b924cb745c3e149d72c0c47fcbc53aba') in 0.0175337 seconds
Number of updated asset objects reloaded before import = 0Number of asset objects unloaded after import = 9

========================================================================
Received Import Request.
  Time since last request: 0.000014 seconds.
  path: Assets/Prefabs/Castles/Stone castle with wooden wall.prefab
  artifactKey: Guid(b545b34b2da465f40942dcffa9568752) Importer(2089858483,0ecaa5967403d082aa24f35e1b516d23)
Start importing Assets/Prefabs/Castles/Stone castle with wooden wall.prefab using Guid(b545b34b2da465f40942dcffa9568752) Importer(2089858483,0ecaa5967403d082aa24f35e1b516d23) (ScriptedImporter) -> (artifact id: 'd5e43510e933673c823c2e5a7bed72fe') in 0.0157301 seconds
Number of updated asset objects reloaded before import = 0Number of asset objects unloaded after import = 197

========================================================================
Received Import Request.
  Time since last request: 0.000021 seconds.
  path: Assets/Prefabs/UI Prefabs/Enemy Image BackUp.prefab
  artifactKey: Guid(6b3a57a289e98144a84ff683e1d2425b) Importer(2089858483,0ecaa5967403d082aa24f35e1b516d23)
Start importing Assets/Prefabs/UI Prefabs/Enemy Image BackUp.prefab using Guid(6b3a57a289e98144a84ff683e1d2425b) Importer(2089858483,0ecaa5967403d082aa24f35e1b516d23) (ScriptedImporter) -> (artifact id: '863604c76ad653b7f34dcd6e523e711a') in 0.0421872 seconds
Number of updated asset objects reloaded before import = 0Number of asset objects unloaded after import = 82

========================================================================
Received Import Request.
  Time since last request: 0.000014 seconds.
  path: Assets/LowPolyMedievalPropsLite/Prefabs/Pointer_03.prefab
  artifactKey: Guid(43a2c776338fcb84ca02d902bbfd0a20) Importer(2089858483,0ecaa5967403d082aa24f35e1b516d23)
Start importing Assets/LowPolyMedievalPropsLite/Prefabs/Pointer_03.prefab using Guid(43a2c776338fcb84ca02d902bbfd0a20) Importer(2089858483,0ecaa5967403d082aa24f35e1b516d23) (ScriptedImporter) -> (artifact id: 'd22ba80ccd8a4a43634358708baf3df4') in 0.0187154 seconds
Number of updated asset objects reloaded before import = 0Number of asset objects unloaded after import = 9

========================================================================
Received Import Request.
  Time since last request: 0.000015 seconds.
  path: Assets/LowPolyMedievalPropsLite/Prefabs/Plate_02.prefab
  artifactKey: Guid(c12c2872ef9d9e94fb404dc0c9784fcb) Importer(2089858483,0ecaa5967403d082aa24f35e1b516d23)
Start importing Assets/LowPolyMedievalPropsLite/Prefabs/Plate_02.prefab using Guid(c12c2872ef9d9e94fb404dc0c9784fcb) Importer(2089858483,0ecaa5967403d082aa24f35e1b516d23) (ScriptedImporter) -> (artifact id: 'e4a06ec76e0d509c948b5f6ff2d38f8c') in 0.0188077 seconds
Number of updated asset objects reloaded before import = 0Number of asset objects unloaded after import = 9

========================================================================
Received Import Request.
  Time since last request: 0.000016 seconds.
  path: Assets/Prefabs/StoneQuarry/StoneQuarryWorker.prefab
  artifactKey: Guid(a3144a13b13b1844f803c61c6190e1b7) Importer(2089858483,0ecaa5967403d082aa24f35e1b516d23)
Start importing Assets/Prefabs/StoneQuarry/StoneQuarryWorker.prefab using Guid(a3144a13b13b1844f803c61c6190e1b7) Importer(2089858483,0ecaa5967403d082aa24f35e1b516d23) (ScriptedImporter) -> (artifact id: 'af94c8caa5dbdf9dd097741be8260fdb') in 0.0088612 seconds
Number of updated asset objects reloaded before import = 0Number of asset objects unloaded after import = 26

========================================================================
Received Import Request.
  Time since last request: 0.000014 seconds.
  path: Assets/Prefabs/Castles/wooden wall.prefab
  artifactKey: Guid(c7d635c7f0fcafd40be6dc1cd3cb8fcc) Importer(2089858483,0ecaa5967403d082aa24f35e1b516d23)
Start importing Assets/Prefabs/Castles/wooden wall.prefab using Guid(c7d635c7f0fcafd40be6dc1cd3cb8fcc) Importer(2089858483,0ecaa5967403d082aa24f35e1b516d23) (ScriptedImporter) -> (artifact id: '2aa534233db7bbb82ad674e9f330fa59') in 0.0143434 seconds
Number of updated asset objects reloaded before import = 0Number of asset objects unloaded after import = 14

========================================================================
Received Import Request.
  Time since last request: 0.000013 seconds.
  path: Assets/Prefabs/TIMBER/timberlvl3.prefab
  artifactKey: Guid(a5276d6e6eecf47418f0bc253d6030b5) Importer(2089858483,0ecaa5967403d082aa24f35e1b516d23)
Start importing Assets/Prefabs/TIMBER/timberlvl3.prefab using Guid(a5276d6e6eecf47418f0bc253d6030b5) Importer(2089858483,0ecaa5967403d082aa24f35e1b516d23) (ScriptedImporter) -> (artifact id: 'ff1c98603e456202da429dba2f49e4a4') in 0.0167088 seconds
Number of updated asset objects reloaded before import = 0Number of asset objects unloaded after import = 241

========================================================================
Received Import Request.
  Time since last request: 0.000013 seconds.
  path: Assets/LowPolyMedievalPropsLite/Prefabs/Wineglass_01.prefab
  artifactKey: Guid(675b3bbef6ce0924784ad185c6118c34) Importer(2089858483,0ecaa5967403d082aa24f35e1b516d23)
Start importing Assets/LowPolyMedievalPropsLite/Prefabs/Wineglass_01.prefab using Guid(675b3bbef6ce0924784ad185c6118c34) Importer(2089858483,0ecaa5967403d082aa24f35e1b516d23) (ScriptedImporter) -> (artifact id: '16798f3da48d905e188e3a9147d18a66') in 0.0179336 seconds
Number of updated asset objects reloaded before import = 0Number of asset objects unloaded after import = 9

========================================================================
Received Import Request.
  Time since last request: 0.000015 seconds.
  path: Assets/Prefabs/mine/mine.prefab
  artifactKey: Guid(17b873a9b0408ef4d90e203b619016be) Importer(2089858483,0ecaa5967403d082aa24f35e1b516d23)
Start importing Assets/Prefabs/mine/mine.prefab using Guid(17b873a9b0408ef4d90e203b619016be) Importer(2089858483,0ecaa5967403d082aa24f35e1b516d23) (ScriptedImporter) -> (artifact id: 'be7feb79da578bb45c1fc0bbd9111d35') in 0.0159915 seconds
Number of updated asset objects reloaded before import = 0Number of asset objects unloaded after import = 436

========================================================================
Received Import Request.
  Time since last request: 0.000017 seconds.
  path: Assets/LowPolyMedievalPropsLite/Prefabs/Bottle_01.prefab
  artifactKey: Guid(b6f9b587034166549809f3a9c6c33262) Importer(2089858483,0ecaa5967403d082aa24f35e1b516d23)
Start importing Assets/LowPolyMedievalPropsLite/Prefabs/Bottle_01.prefab using Guid(b6f9b587034166549809f3a9c6c33262) Importer(2089858483,0ecaa5967403d082aa24f35e1b516d23) (ScriptedImporter) -> (artifact id: '28ae0244c9008549bd0256025e3daed4') in 0.0189872 seconds
Number of updated asset objects reloaded before import = 0Number of asset objects unloaded after import = 9

========================================================================
Received Import Request.
  Time since last request: 0.000022 seconds.
  path: Assets/LowPolyMedievalPropsLite/Prefabs/Coin_01.prefab
  artifactKey: Guid(503cf83fd490b1640bbc9aea8a7ded93) Importer(2089858483,0ecaa5967403d082aa24f35e1b516d23)
Start importing Assets/LowPolyMedievalPropsLite/Prefabs/Coin_01.prefab using Guid(503cf83fd490b1640bbc9aea8a7ded93) Importer(2089858483,0ecaa5967403d082aa24f35e1b516d23) (ScriptedImporter) -> (artifact id: '88fbf726256111d5de65d369428df233') in 0.0198805 seconds
Number of updated asset objects reloaded before import = 0Number of asset objects unloaded after import = 9

========================================================================
Received Import Request.
  Time since last request: 0.000017 seconds.
  path: Assets/LowPolyMedievalPropsLite/Prefabs/WoodPlank_02.prefab
  artifactKey: Guid(8be4dcaf6b4245341b59481c573c1ada) Importer(2089858483,0ecaa5967403d082aa24f35e1b516d23)
Start importing Assets/LowPolyMedievalPropsLite/Prefabs/WoodPlank_02.prefab using Guid(8be4dcaf6b4245341b59481c573c1ada) Importer(2089858483,0ecaa5967403d082aa24f35e1b516d23) (ScriptedImporter) -> (artifact id: 'a74cd2f96749b4f8e473b71dff050077') in 0.0147948 seconds
Number of updated asset objects reloaded before import = 0Number of asset objects unloaded after import = 9

========================================================================
Received Import Request.
  Time since last request: 0.000015 seconds.
  path: Assets/LowPolyMedievalPropsLite/Prefabs/Bottle_03.prefab
  artifactKey: Guid(dce278a18cc98aa41a4185c95e564f6f) Importer(2089858483,0ecaa5967403d082aa24f35e1b516d23)
Start importing Assets/LowPolyMedievalPropsLite/Prefabs/Bottle_03.prefab using Guid(dce278a18cc98aa41a4185c95e564f6f) Importer(2089858483,0ecaa5967403d082aa24f35e1b516d23) (ScriptedImporter) -> (artifact id: '38c190bf84959b28720d7171ea35c2f7') in 0.0168637 seconds
Number of updated asset objects reloaded before import = 0Number of asset objects unloaded after import = 9

========================================================================
Received Import Request.
  Time since last request: 0.000013 seconds.
  path: Assets/LowPolyMedievalPropsLite/Models/Furniture_03.fbx
  artifactKey: Guid(5bd5826050924dd409e479e212a4eeb4) Importer(2089858483,0ecaa5967403d082aa24f35e1b516d23)
Start importing Assets/LowPolyMedievalPropsLite/Models/Furniture_03.fbx using Guid(5bd5826050924dd409e479e212a4eeb4) Importer(2089858483,0ecaa5967403d082aa24f35e1b516d23) (ScriptedImporter) -> (artifact id: '63ca0d4f030d7cbb2c491cb1ccc2effa') in 0.0132824 seconds
Number of updated asset objects reloaded before import = 0Number of asset objects unloaded after import = 7

========================================================================
Received Import Request.
  Time since last request: 0.000015 seconds.
  path: Assets/LowPolyMedievalPropsLite/Prefabs/Coin_02.prefab
  artifactKey: Guid(09605bc47ca2dbb43a4e2174e6f8a924) Importer(2089858483,0ecaa5967403d082aa24f35e1b516d23)
Start importing Assets/LowPolyMedievalPropsLite/Prefabs/Coin_02.prefab using Guid(09605bc47ca2dbb43a4e2174e6f8a924) Importer(2089858483,0ecaa5967403d082aa24f35e1b516d23) (ScriptedImporter) -> (artifact id: '61a3087436ce672e8134dec902b248d1') in 0.0176521 seconds
Number of updated asset objects reloaded before import = 0Number of asset objects unloaded after import = 9

========================================================================
Received Import Request.
  Time since last request: 0.000028 seconds.
  path: Assets/LowPolyMedievalPropsLite/Prefabs/Carpet_01.prefab
  artifactKey: Guid(ee24e119d4e40b74e82fa4ef4de7e2ec) Importer(2089858483,0ecaa5967403d082aa24f35e1b516d23)
Start importing Assets/LowPolyMedievalPropsLite/Prefabs/Carpet_01.prefab using Guid(ee24e119d4e40b74e82fa4ef4de7e2ec) Importer(2089858483,0ecaa5967403d082aa24f35e1b516d23) (ScriptedImporter) -> (artifact id: '2ac6ca156b36cb07d3ba1ad109c4102e') in 0.0164861 seconds
Number of updated asset objects reloaded before import = 0Number of asset objects unloaded after import = 9

========================================================================
Received Import Request.
  Time since last request: 0.000018 seconds.
  path: Assets/LowPolyMedievalPropsLite/Prefabs/Food_03.prefab
  artifactKey: Guid(dae57aea7aee8914da3ecfa4dc3e092d) Importer(2089858483,0ecaa5967403d082aa24f35e1b516d23)
Start importing Assets/LowPolyMedievalPropsLite/Prefabs/Food_03.prefab using Guid(dae57aea7aee8914da3ecfa4dc3e092d) Importer(2089858483,0ecaa5967403d082aa24f35e1b516d23) (ScriptedImporter) -> (artifact id: '2f503c0617389fed8f533e0dffba79b0') in 0.0205472 seconds
Number of updated asset objects reloaded before import = 0Number of asset objects unloaded after import = 9

========================================================================
Received Import Request.
  Time since last request: 0.000015 seconds.
  path: Assets/LowPolyMedievalPropsLite/Prefabs/Box_01.prefab
  artifactKey: Guid(e0b2792fd3ecf274fa1b9172d6962562) Importer(2089858483,0ecaa5967403d082aa24f35e1b516d23)
Start importing Assets/LowPolyMedievalPropsLite/Prefabs/Box_01.prefab using Guid(e0b2792fd3ecf274fa1b9172d6962562) Importer(2089858483,0ecaa5967403d082aa24f35e1b516d23) (ScriptedImporter) -> (artifact id: 'c0d4a065e858e447c9002f0c5170fc2d') in 0.027711 seconds
Number of updated asset objects reloaded before import = 0Number of asset objects unloaded after import = 9

========================================================================
Received Import Request.
  Time since last request: 0.000017 seconds.
  path: Assets/LowPolyMedievalPropsLite/Models/WoodPlank_02.fbx
  artifactKey: Guid(9ce009a7b8367224b9de363b72ff042b) Importer(2089858483,0ecaa5967403d082aa24f35e1b516d23)
Start importing Assets/LowPolyMedievalPropsLite/Models/WoodPlank_02.fbx using Guid(9ce009a7b8367224b9de363b72ff042b) Importer(2089858483,0ecaa5967403d082aa24f35e1b516d23) (ScriptedImporter) -> (artifact id: 'afd9731fb4c8ce46855a1b4b515b60b7') in 0.0160953 seconds
Number of updated asset objects reloaded before import = 0Number of asset objects unloaded after import = 7

========================================================================
Received Import Request.
  Time since last request: 0.000025 seconds.
  path: Assets/LowPolyMedievalPropsLite/Models/WoodPlank_01.fbx
  artifactKey: Guid(1bcb6074cb3631d44acfddc621ebbeae) Importer(2089858483,0ecaa5967403d082aa24f35e1b516d23)
Start importing Assets/LowPolyMedievalPropsLite/Models/WoodPlank_01.fbx using Guid(1bcb6074cb3631d44acfddc621ebbeae) Importer(2089858483,0ecaa5967403d082aa24f35e1b516d23) (ScriptedImporter) -> (artifact id: 'eea88034db676bc5e662892b3a3751cd') in 0.0119829 seconds
Number of updated asset objects reloaded before import = 0Number of asset objects unloaded after import = 7

========================================================================
Received Import Request.
  Time since last request: 0.000013 seconds.
  path: Assets/LowPolyMedievalPropsLite/Models/WoodPlank_03.fbx
  artifactKey: Guid(bb951294ce1af384fa25422039d2609f) Importer(2089858483,0ecaa5967403d082aa24f35e1b516d23)
Start importing Assets/LowPolyMedievalPropsLite/Models/WoodPlank_03.fbx using Guid(bb951294ce1af384fa25422039d2609f) Importer(2089858483,0ecaa5967403d082aa24f35e1b516d23) (ScriptedImporter) -> (artifact id: 'eef8377306526e8974162f1b7f8c9b09') in 0.0175851 seconds
Number of updated asset objects reloaded before import = 0Number of asset objects unloaded after import = 7

========================================================================
Received Import Request.
  Time since last request: 0.000014 seconds.
  path: Assets/LowPolyMedievalPropsLite/Models/Jug_01.fbx
  artifactKey: Guid(6bc014ba5fa38744d911b7a4233d1c00) Importer(2089858483,0ecaa5967403d082aa24f35e1b516d23)
Start importing Assets/LowPolyMedievalPropsLite/Models/Jug_01.fbx using Guid(6bc014ba5fa38744d911b7a4233d1c00) Importer(2089858483,0ecaa5967403d082aa24f35e1b516d23) (ScriptedImporter) -> (artifact id: '5df774158fb636fb64d16b2acd9151a1') in 0.0147923 seconds
Number of updated asset objects reloaded before import = 0Number of asset objects unloaded after import = 7

========================================================================
Received Import Request.
  Time since last request: 0.000015 seconds.
  path: Assets/LowPolyMedievalPropsLite/Prefabs/Axe_01.prefab
  artifactKey: Guid(4778fb0ebd4d7554887f2bd7e6fa39c1) Importer(2089858483,0ecaa5967403d082aa24f35e1b516d23)
Start importing Assets/LowPolyMedievalPropsLite/Prefabs/Axe_01.prefab using Guid(4778fb0ebd4d7554887f2bd7e6fa39c1) Importer(2089858483,0ecaa5967403d082aa24f35e1b516d23) (ScriptedImporter) -> (artifact id: 'ff9c63eba581017da068a799bd0a39be') in 0.0200365 seconds
Number of updated asset objects reloaded before import = 0Number of asset objects unloaded after import = 9

========================================================================
Received Import Request.
  Time since last request: 0.560199 seconds.
  path: Assets/RGP icons free start pack/backgrounds/bg_black_frame.png
  artifactKey: Guid(286f20e1602d37e47831fde6255f5390) Importer(2089858483,0ecaa5967403d082aa24f35e1b516d23)
Start importing Assets/RGP icons free start pack/backgrounds/bg_black_frame.png using Guid(286f20e1602d37e47831fde6255f5390) Importer(2089858483,0ecaa5967403d082aa24f35e1b516d23) (ScriptedImporter) -> (artifact id: 'c48e9aea4dab450777ae5cf6ec3372cb') in 0.0150224 seconds
Number of updated asset objects reloaded before import = 0Number of asset objects unloaded after import = 3

========================================================================
Received Import Request.
  Time since last request: 0.000040 seconds.
  path: Assets/TextMesh Pro/Resources/LineBreaking Leading Characters.txt
  artifactKey: Guid(d82c1b31c7e74239bff1220585707d2b) Importer(2089858483,0ecaa5967403d082aa24f35e1b516d23)
Start importing Assets/TextMesh Pro/Resources/LineBreaking Leading Characters.txt using Guid(d82c1b31c7e74239bff1220585707d2b) Importer(2089858483,0ecaa5967403d082aa24f35e1b516d23) (ScriptedImporter) -> (artifact id: 'c88ccea358bde3ee7d9b462577f61e3d') in 0.0086112 seconds
Number of updated asset objects reloaded before import = 0Number of asset objects unloaded after import = 1

========================================================================
Received Import Request.
  Time since last request: 0.000041 seconds.
  path: Assets/TextMesh Pro/Shaders/TMPro_Mobile.cginc
  artifactKey: Guid(c334973cef89a9840b0b0c507e0377ab) Importer(2089858483,0ecaa5967403d082aa24f35e1b516d23)
Start importing Assets/TextMesh Pro/Shaders/TMPro_Mobile.cginc using Guid(c334973cef89a9840b0b0c507e0377ab) Importer(2089858483,0ecaa5967403d082aa24f35e1b516d23) (ScriptedImporter) -> (artifact id: '8d3b138a42a751e43f6026407683bf66') in 0.0124195 seconds
Number of updated asset objects reloaded before import = 0Number of asset objects unloaded after import = 1

========================================================================
Received Import Request.
  Time since last request: 0.000036 seconds.
  path: Assets/SimpleNaturePack/Prefabs/Rock_03.prefab
  artifactKey: Guid(0fde05fa0f3321942a21896ff4f0856f) Importer(2089858483,0ecaa5967403d082aa24f35e1b516d23)
Start importing Assets/SimpleNaturePack/Prefabs/Rock_03.prefab using Guid(0fde05fa0f3321942a21896ff4f0856f) Importer(2089858483,0ecaa5967403d082aa24f35e1b516d23) (ScriptedImporter) -> (artifact id: 'c7fa0f9acb28f8d3ccae33300bd50ee6') in 0.0189999 seconds
Number of updated asset objects reloaded before import = 0Number of asset objects unloaded after import = 9

========================================================================
Received Import Request.
  Time since last request: 0.000014 seconds.
  path: Assets/SimpleNaturePack/Prefabs/Tree_05.prefab
  artifactKey: Guid(60f79905accf3b24fa0114b941f1aac0) Importer(2089858483,0ecaa5967403d082aa24f35e1b516d23)
Start importing Assets/SimpleNaturePack/Prefabs/Tree_05.prefab using Guid(60f79905accf3b24fa0114b941f1aac0) Importer(2089858483,0ecaa5967403d082aa24f35e1b516d23) (ScriptedImporter) -> (artifact id: '5195fbd4bc8f7a20584df100072df5b6') in 0.0109054 seconds
Number of updated asset objects reloaded before import = 0Number of asset objects unloaded after import = 16

========================================================================
Received Import Request.
  Time since last request: 0.000021 seconds.
  path: Assets/SimpleNaturePack/Prefabs/Tree_02.prefab
  artifactKey: Guid(e289bf5debb17f6459818c207d781953) Importer(2089858483,0ecaa5967403d082aa24f35e1b516d23)
Start importing Assets/SimpleNaturePack/Prefabs/Tree_02.prefab using Guid(e289bf5debb17f6459818c207d781953) Importer(2089858483,0ecaa5967403d082aa24f35e1b516d23) (ScriptedImporter) -> (artifact id: '6f11bd87f3ce76ae4da1349355e6df3d') in 0.0104295 seconds
Number of updated asset objects reloaded before import = 0Number of asset objects unloaded after import = 16

========================================================================
Received Import Request.
  Time since last request: 0.000017 seconds.
  path: Assets/UI/Resource Vector Graphics/UI_Graphic_Resource_Food.png
  artifactKey: Guid(1618cb37bcd5144fd923b9697be57d63) Importer(2089858483,0ecaa5967403d082aa24f35e1b516d23)
Start importing Assets/UI/Resource Vector Graphics/UI_Graphic_Resource_Food.png using Guid(1618cb37bcd5144fd923b9697be57d63) Importer(2089858483,0ecaa5967403d082aa24f35e1b516d23) (ScriptedImporter) -> (artifact id: '301fe9a4adc12e7010f4609d16ef01bc') in 0.019548 seconds
Number of updated asset objects reloaded before import = 0Number of asset objects unloaded after import = 3

========================================================================
Received Import Request.
  Time since last request: 0.000015 seconds.
  path: Assets/SimpleNaturePack/Prefabs/Ground_01.prefab
  artifactKey: Guid(ebee340de387f334f9ac44e044abd8fb) Importer(2089858483,0ecaa5967403d082aa24f35e1b516d23)
Start importing Assets/SimpleNaturePack/Prefabs/Ground_01.prefab using Guid(ebee340de387f334f9ac44e044abd8fb) Importer(2089858483,0ecaa5967403d082aa24f35e1b516d23) (ScriptedImporter) -> (artifact id: '169998f178a2d901edbd55e1d0bcef09') in 0.0184237 seconds
Number of updated asset objects reloaded before import = 0Number of asset objects unloaded after import = 9

========================================================================
Received Import Request.
  Time since last request: 0.000013 seconds.
  path: Assets/RGP icons free start pack/items/stone_blocks_grey.png
  artifactKey: Guid(3edca54f1857b8e4ba720871e4d0f151) Importer(2089858483,0ecaa5967403d082aa24f35e1b516d23)
Start importing Assets/RGP icons free start pack/items/stone_blocks_grey.png using Guid(3edca54f1857b8e4ba720871e4d0f151) Importer(2089858483,0ecaa5967403d082aa24f35e1b516d23) (ScriptedImporter) -> (artifact id: '4c4dc65525b40885b01060d539222245') in 0.019822 seconds
Number of updated asset objects reloaded before import = 0Number of asset objects unloaded after import = 3

========================================================================
Received Import Request.
  Time since last request: 0.000015 seconds.
  path: Assets/TextMesh Pro/Shaders/SDFFunctions.hlsl
  artifactKey: Guid(96de908384869cd409c75efa351d5edf) Importer(2089858483,0ecaa5967403d082aa24f35e1b516d23)
Start importing Assets/TextMesh Pro/Shaders/SDFFunctions.hlsl using Guid(96de908384869cd409c75efa351d5edf) Importer(2089858483,0ecaa5967403d082aa24f35e1b516d23) (ScriptedImporter) -> (artifact id: 'f31a56de7e8f971ed665ff198732548b') in 0.0159504 seconds
Number of updated asset objects reloaded before import = 0Number of asset objects unloaded after import = 1

========================================================================
Received Import Request.
  Time since last request: 0.000045 seconds.
  path: Assets/RGP icons free start pack/items/bottle_standard_empty.png
  artifactKey: Guid(c257574b1b8ee104582a93ecac457485) Importer(2089858483,0ecaa5967403d082aa24f35e1b516d23)
Start importing Assets/RGP icons free start pack/items/bottle_standard_empty.png using Guid(c257574b1b8ee104582a93ecac457485) Importer(2089858483,0ecaa5967403d082aa24f35e1b516d23) (ScriptedImporter) -> (artifact id: '91cf2bd36599644d6be95da29e40a1fc') in 0.0250444 seconds
Number of updated asset objects reloaded before import = 0Number of asset objects unloaded after import = 3

========================================================================
Received Import Request.
  Time since last request: 0.000014 seconds.
  path: Assets/SimpleNaturePack/Models/Rock_03.fbx
  artifactKey: Guid(14125b656fb71fd4d9d65bfe344107ad) Importer(2089858483,0ecaa5967403d082aa24f35e1b516d23)
Start importing Assets/SimpleNaturePack/Models/Rock_03.fbx using Guid(14125b656fb71fd4d9d65bfe344107ad) Importer(2089858483,0ecaa5967403d082aa24f35e1b516d23) (ScriptedImporter) -> (artifact id: 'cd28238906207197c262e87e55a74f68') in 0.0153024 seconds
Number of updated asset objects reloaded before import = 0Number of asset objects unloaded after import = 7

========================================================================
Received Import Request.
  Time since last request: 0.000018 seconds.
  path: Assets/RGP icons free start pack/items/bone_skull.png
  artifactKey: Guid(1c728f7cc6548f24cadceb6478fa25cc) Importer(2089858483,0ecaa5967403d082aa24f35e1b516d23)
Start importing Assets/RGP icons free start pack/items/bone_skull.png using Guid(1c728f7cc6548f24cadceb6478fa25cc) Importer(2089858483,0ecaa5967403d082aa24f35e1b516d23) (ScriptedImporter) -> (artifact id: '0e2ca7840c016f49868c46a31858051d') in 0.0235501 seconds
Number of updated asset objects reloaded before import = 0Number of asset objects unloaded after import = 3

========================================================================
Received Import Request.
  Time since last request: 0.000013 seconds.
  path: Assets/RGP icons free start pack/items/leafs_long.png
  artifactKey: Guid(17140e59711297c47b6438d2a2328e20) Importer(2089858483,0ecaa5967403d082aa24f35e1b516d23)
Start importing Assets/RGP icons free start pack/items/leafs_long.png using Guid(17140e59711297c47b6438d2a2328e20) Importer(2089858483,0ecaa5967403d082aa24f35e1b516d23) (ScriptedImporter) -> (artifact id: '091444dd8c5773b5c8277fe494457fd8') in 0.0207065 seconds
Number of updated asset objects reloaded before import = 0Number of asset objects unloaded after import = 3

========================================================================
Received Import Request.
  Time since last request: 0.000015 seconds.
  path: Assets/Scripts/Enemy/Battle.cs
  artifactKey: Guid(16dd89c00fbb2b44186a46ead37a813b) Importer(2089858483,0ecaa5967403d082aa24f35e1b516d23)
Start importing Assets/Scripts/Enemy/Battle.cs using Guid(16dd89c00fbb2b44186a46ead37a813b) Importer(2089858483,0ecaa5967403d082aa24f35e1b516d23) (ScriptedImporter) -> (artifact id: '5b35f1ad7a9e80efdfe00a9b37b44edd') in 0.0093021 seconds
Number of updated asset objects reloaded before import = 0Number of asset objects unloaded after import = 0

========================================================================
Received Import Request.
  Time since last request: 0.000067 seconds.
  path: Assets/RGP icons free start pack/items/pouch_leather_small.png
  artifactKey: Guid(098c04e31cd452146be0441cc6f3ae86) Importer(2089858483,0ecaa5967403d082aa24f35e1b516d23)
Start importing Assets/RGP icons free start pack/items/pouch_leather_small.png using Guid(098c04e31cd452146be0441cc6f3ae86) Importer(2089858483,0ecaa5967403d082aa24f35e1b516d23) (ScriptedImporter) -> (artifact id: 'de8b5d4b697587ef4fcd29fe98e20359') in 0.0208497 seconds
Number of updated asset objects reloaded before import = 0Number of asset objects unloaded after import = 3

========================================================================
Received Import Request.
  Time since last request: 0.000013 seconds.
  path: Assets/RGP icons free start pack/items/wood_log.png
  artifactKey: Guid(65c59ccc59b5690458cb9e5324edc5dc) Importer(2089858483,0ecaa5967403d082aa24f35e1b516d23)
Start importing Assets/RGP icons free start pack/items/wood_log.png using Guid(65c59ccc59b5690458cb9e5324edc5dc) Importer(2089858483,0ecaa5967403d082aa24f35e1b516d23) (ScriptedImporter) -> (artifact id: '8aeacb00d71f443922ce3fbd93966145') in 0.0214166 seconds
Number of updated asset objects reloaded before import = 0Number of asset objects unloaded after import = 3

========================================================================
Received Import Request.
  Time since last request: 0.000017 seconds.
  path: Assets/TextMesh Pro/Shaders/TMP_Bitmap-Custom-Atlas.shader
  artifactKey: Guid(48bb5f55d8670e349b6e614913f9d910) Importer(2089858483,0ecaa5967403d082aa24f35e1b516d23)
Start importing Assets/TextMesh Pro/Shaders/TMP_Bitmap-Custom-Atlas.shader using Guid(48bb5f55d8670e349b6e614913f9d910) Importer(2089858483,0ecaa5967403d082aa24f35e1b516d23) (ScriptedImporter) -> (artifact id: 'c270657704217206ff1230213eba056b') in 0.0119192 seconds
Number of updated asset objects reloaded before import = 0Number of asset objects unloaded after import = 1

========================================================================
Received Import Request.
  Time since last request: 0.000039 seconds.
  path: Assets/SimpleNaturePack/Models/Tree_04.fbx
  artifactKey: Guid(83e8d2542718a2e49a73d71c3a5fc685) Importer(2089858483,0ecaa5967403d082aa24f35e1b516d23)
Start importing Assets/SimpleNaturePack/Models/Tree_04.fbx using Guid(83e8d2542718a2e49a73d71c3a5fc685) Importer(2089858483,0ecaa5967403d082aa24f35e1b516d23) (ScriptedImporter) -> (artifact id: '37106afdf46fcdc4b39edec72e63900e') in 0.0174153 seconds
Number of updated asset objects reloaded before import = 0Number of asset objects unloaded after import = 15

========================================================================
Received Import Request.
  Time since last request: 0.000013 seconds.
  path: Assets/SimpleNaturePack/Models/Bush_01.fbx
  artifactKey: Guid(d8ea93d2d4757e444a5349f4bc849128) Importer(2089858483,0ecaa5967403d082aa24f35e1b516d23)
Start importing Assets/SimpleNaturePack/Models/Bush_01.fbx using Guid(d8ea93d2d4757e444a5349f4bc849128) Importer(2089858483,0ecaa5967403d082aa24f35e1b516d23) (ScriptedImporter) -> (artifact id: '00159e527233ba0f13401e490cf62a77') in 0.014533 seconds
Number of updated asset objects reloaded before import = 0Number of asset objects unloaded after import = 15

========================================================================
Received Import Request.
  Time since last request: 0.000017 seconds.
  path: Assets/SimpleNaturePack/Prefabs/Ground_02.prefab
  artifactKey: Guid(e2e682b966e3f644392ffbfab511e0e2) Importer(2089858483,0ecaa5967403d082aa24f35e1b516d23)
Start importing Assets/SimpleNaturePack/Prefabs/Ground_02.prefab using Guid(e2e682b966e3f644392ffbfab511e0e2) Importer(2089858483,0ecaa5967403d082aa24f35e1b516d23) (ScriptedImporter) -> (artifact id: '3ed6117ae4f83f80e0e33ae665c86868') in 0.0192436 seconds
Number of updated asset objects reloaded before import = 0Number of asset objects unloaded after import = 9

========================================================================
Received Import Request.
  Time since last request: 0.000016 seconds.
  path: Assets/Scripts/Buildings/StoneQuarry.cs
  artifactKey: Guid(002d6277871df62408c3417446ce9890) Importer(2089858483,0ecaa5967403d082aa24f35e1b516d23)
Start importing Assets/Scripts/Buildings/StoneQuarry.cs using Guid(002d6277871df62408c3417446ce9890) Importer(2089858483,0ecaa5967403d082aa24f35e1b516d23) (ScriptedImporter) -> (artifact id: 'd38dd98886c053bd5d34b74bb47e82a0') in 0.0114131 seconds
Number of updated asset objects reloaded before import = 0Number of asset objects unloaded after import = 0

========================================================================
Received Import Request.
  Time since last request: 0.000063 seconds.
  path: Assets/RGP icons free start pack/items/gem_diamond_red.png
  artifactKey: Guid(1200fd4c89ff9654483fdc0805358f5e) Importer(2089858483,0ecaa5967403d082aa24f35e1b516d23)
Start importing Assets/RGP icons free start pack/items/gem_diamond_red.png using Guid(1200fd4c89ff9654483fdc0805358f5e) Importer(2089858483,0ecaa5967403d082aa24f35e1b516d23) (ScriptedImporter) -> (artifact id: 'b41090979c1d96da1f86e3131c0e828b') in 0.0227752 seconds
Number of updated asset objects reloaded before import = 0Number of asset objects unloaded after import = 3

========================================================================
Received Import Request.
  Time since last request: 0.000014 seconds.
  path: Assets/RGP icons free start pack/items/gold_coins_many.png
  artifactKey: Guid(93b5b28db06f8d2439c780ec3aeb28d2) Importer(2089858483,0ecaa5967403d082aa24f35e1b516d23)
Start importing Assets/RGP icons free start pack/items/gold_coins_many.png using Guid(93b5b28db06f8d2439c780ec3aeb28d2) Importer(2089858483,0ecaa5967403d082aa24f35e1b516d23) (ScriptedImporter) -> (artifact id: 'bcc96cdcb7840a9b424cadc2520fb4e6') in 0.0225198 seconds
Number of updated asset objects reloaded before import = 0Number of asset objects unloaded after import = 3

========================================================================
Received Import Request.
  Time since last request: 0.000015 seconds.
  path: Assets/UI/Resource Vector Graphics/UI_Graphic_Resource_Coins.png
  artifactKey: Guid(53831ffd2c1064d07b3fcc10982b1e0d) Importer(2089858483,0ecaa5967403d082aa24f35e1b516d23)
Start importing Assets/UI/Resource Vector Graphics/UI_Graphic_Resource_Coins.png using Guid(53831ffd2c1064d07b3fcc10982b1e0d) Importer(2089858483,0ecaa5967403d082aa24f35e1b516d23) (ScriptedImporter) -> (artifact id: '65b87983372be47eff4ed33823be8481') in 0.0154477 seconds
Number of updated asset objects reloaded before import = 0Number of asset objects unloaded after import = 3

========================================================================
Received Import Request.
  Time since last request: 0.000013 seconds.
  path: Assets/Scripts/Managers/GameManager.cs
  artifactKey: Guid(595a3a7362967cb488e8f3d3bb8bc641) Importer(2089858483,0ecaa5967403d082aa24f35e1b516d23)
Start importing Assets/Scripts/Managers/GameManager.cs using Guid(595a3a7362967cb488e8f3d3bb8bc641) Importer(2089858483,0ecaa5967403d082aa24f35e1b516d23) (ScriptedImporter) -> (artifact id: '65bbc30ca5b31760f044bf3ddbc645d0') in 0.0077251 seconds
Number of updated asset objects reloaded before import = 0Number of asset objects unloaded after import = 0

========================================================================
Received Import Request.
  Time since last request: 0.000071 seconds.
  path: Assets/TextMesh Pro/Shaders/TMP_SDF-HDRP LIT.shadergraph
  artifactKey: Guid(ca2ed216f98028c4dae6c5224a952b3c) Importer(2089858483,0ecaa5967403d082aa24f35e1b516d23)
Start importing Assets/TextMesh Pro/Shaders/TMP_SDF-HDRP LIT.shadergraph using Guid(ca2ed216f98028c4dae6c5224a952b3c) Importer(2089858483,0ecaa5967403d082aa24f35e1b516d23) (ScriptedImporter) -> (artifact id: '7209eb12bd44160b9cb946420130fc5c') in 0.009944 seconds
Number of updated asset objects reloaded before import = 0Number of asset objects unloaded after import = 1

========================================================================
Received Import Request.
  Time since last request: 0.000034 seconds.
  path: Assets/TextMesh Pro/Documentation/TextMesh Pro User Guide 2016.pdf
  artifactKey: Guid(1b8d251f9af63b746bf2f7ffe00ebb9b) Importer(2089858483,0ecaa5967403d082aa24f35e1b516d23)
Start importing Assets/TextMesh Pro/Documentation/TextMesh Pro User Guide 2016.pdf using Guid(1b8d251f9af63b746bf2f7ffe00ebb9b) Importer(2089858483,0ecaa5967403d082aa24f35e1b516d23) (ScriptedImporter) -> (artifact id: '8a9ae9d44388bdde1d81f9980b452ab3') in 0.0090536 seconds
Number of updated asset objects reloaded before import = 0Number of asset objects unloaded after import = 1

========================================================================
Received Import Request.
  Time since last request: 0.000014 seconds.
  path: Assets/SimpleNaturePack/Models/Ground_03.fbx
  artifactKey: Guid(661464e19c087564badb2bf5230c842c) Importer(2089858483,0ecaa5967403d082aa24f35e1b516d23)
Start importing Assets/SimpleNaturePack/Models/Ground_03.fbx using Guid(661464e19c087564badb2bf5230c842c) Importer(2089858483,0ecaa5967403d082aa24f35e1b516d23) (ScriptedImporter) -> (artifact id: 'b87b40d92d51f873295398e3d8387613') in 0.0126491 seconds
Number of updated asset objects reloaded before import = 0Number of asset objects unloaded after import = 7

========================================================================
Received Import Request.
  Time since last request: 0.000014 seconds.
  path: Assets/Scripts/Enemy/enemy.cs
  artifactKey: Guid(e7bed212232d8c747924497bf150ed86) Importer(2089858483,0ecaa5967403d082aa24f35e1b516d23)
Start importing Assets/Scripts/Enemy/enemy.cs using Guid(e7bed212232d8c747924497bf150ed86) Importer(2089858483,0ecaa5967403d082aa24f35e1b516d23) (ScriptedImporter) -> (artifact id: 'c0b84a0a2e0e17944faf36a75c84c8f6') in 0.0095021 seconds
Number of updated asset objects reloaded before import = 0Number of asset objects unloaded after import = 0

========================================================================
Received Import Request.
  Time since last request: 0.000065 seconds.
  path: Assets/SimpleNaturePack/Prefabs/Stump_01.prefab
  artifactKey: Guid(eebb56c82efbd8d4bb0eb6bd925a0e9d) Importer(2089858483,0ecaa5967403d082aa24f35e1b516d23)
Start importing Assets/SimpleNaturePack/Prefabs/Stump_01.prefab using Guid(eebb56c82efbd8d4bb0eb6bd925a0e9d) Importer(2089858483,0ecaa5967403d082aa24f35e1b516d23) (ScriptedImporter) -> (artifact id: '0f371a2c5d7e1284bd06b807fae6a588') in 0.0173474 seconds
Number of updated asset objects reloaded before import = 0Number of asset objects unloaded after import = 16

========================================================================
Received Import Request.
  Time since last request: 0.000021 seconds.
  path: Assets/SimpleNaturePack/Prefabs/Grass_01.prefab
  artifactKey: Guid(f1fc5bb90ac285e4486771552d63bcb8) Importer(2089858483,0ecaa5967403d082aa24f35e1b516d23)
Start importing Assets/SimpleNaturePack/Prefabs/Grass_01.prefab using Guid(f1fc5bb90ac285e4486771552d63bcb8) Importer(2089858483,0ecaa5967403d082aa24f35e1b516d23) (ScriptedImporter) -> (artifact id: 'cdfb4e5c7d10bef239b66f328cb4414f') in 0.0167889 seconds
Number of updated asset objects reloaded before import = 0Number of asset objects unloaded after import = 16

========================================================================
Received Import Request.
  Time since last request: 0.000019 seconds.
  path: Assets/TextMesh Pro/Sprites/EmojiOne Attribution.txt
  artifactKey: Guid(381dcb09d5029d14897e55f98031fca5) Importer(2089858483,0ecaa5967403d082aa24f35e1b516d23)
Start importing Assets/TextMesh Pro/Sprites/EmojiOne Attribution.txt using Guid(381dcb09d5029d14897e55f98031fca5) Importer(2089858483,0ecaa5967403d082aa24f35e1b516d23) (ScriptedImporter) -> (artifact id: '9a6721e177a15867fa0f998f2872a972') in 0.0085524 seconds
Number of updated asset objects reloaded before import = 0Number of asset objects unloaded after import = 1

========================================================================
Received Import Request.
  Time since last request: 0.000046 seconds.
  path: Assets/TextMesh Pro/Shaders/TMP_SDF-Mobile Masking.shader
  artifactKey: Guid(bc1ede39bf3643ee8e493720e4259791) Importer(2089858483,0ecaa5967403d082aa24f35e1b516d23)
Start importing Assets/TextMesh Pro/Shaders/TMP_SDF-Mobile Masking.shader using Guid(bc1ede39bf3643ee8e493720e4259791) Importer(2089858483,0ecaa5967403d082aa24f35e1b516d23) (ScriptedImporter) -> (artifact id: 'af7e1a21e0f948b50f3ecfd805c8a139') in 0.0105844 seconds
Number of updated asset objects reloaded before import = 0Number of asset objects unloaded after import = 1

========================================================================
Received Import Request.
  Time since last request: 0.000041 seconds.
  path: Assets/SimpleNaturePack/Models/Mushroom_02.fbx
  artifactKey: Guid(6c890c97a154a474082af84a379dffce) Importer(2089858483,0ecaa5967403d082aa24f35e1b516d23)
Start importing Assets/SimpleNaturePack/Models/Mushroom_02.fbx using Guid(6c890c97a154a474082af84a379dffce) Importer(2089858483,0ecaa5967403d082aa24f35e1b516d23) (ScriptedImporter) -> (artifact id: '0c7cadbb9fc67195127be8f20a589f0d') in 0.0159753 seconds
Number of updated asset objects reloaded before import = 0Number of asset objects unloaded after import = 15

========================================================================
Received Import Request.
  Time since last request: 0.000013 seconds.
  path: Assets/RGP icons free start pack/items/bottle_standard_blue.png
  artifactKey: Guid(10876d86c0d0c7948ab7c3f219be6325) Importer(2089858483,0ecaa5967403d082aa24f35e1b516d23)
Start importing Assets/RGP icons free start pack/items/bottle_standard_blue.png using Guid(10876d86c0d0c7948ab7c3f219be6325) Importer(2089858483,0ecaa5967403d082aa24f35e1b516d23) (ScriptedImporter) -> (artifact id: '56d50b0ad0d53443f09dd67f4297656b') in 0.0232859 seconds
Number of updated asset objects reloaded before import = 0Number of asset objects unloaded after import = 3

========================================================================
Received Import Request.
  Time since last request: 0.000017 seconds.
  path: Assets/TextMesh Pro/Shaders/TMP_Bitmap.shader
  artifactKey: Guid(128e987d567d4e2c824d754223b3f3b0) Importer(2089858483,0ecaa5967403d082aa24f35e1b516d23)
Start importing Assets/TextMesh Pro/Shaders/TMP_Bitmap.shader using Guid(128e987d567d4e2c824d754223b3f3b0) Importer(2089858483,0ecaa5967403d082aa24f35e1b516d23) (ScriptedImporter) -> (artifact id: '07b2108c9cbda18af6763220b944f911') in 0.0091541 seconds
Number of updated asset objects reloaded before import = 0Number of asset objects unloaded after import = 1

========================================================================
Received Import Request.
  Time since last request: 0.000030 seconds.
  path: Assets/Scenes/SampleScene/ReflectionProbe-0.exr
  artifactKey: Guid(66000bd00e4fc284ba9b2550b50a76fd) Importer(2089858483,0ecaa5967403d082aa24f35e1b516d23)
Start importing Assets/Scenes/SampleScene/ReflectionProbe-0.exr using Guid(66000bd00e4fc284ba9b2550b50a76fd) Importer(2089858483,0ecaa5967403d082aa24f35e1b516d23) (ScriptedImporter) -> (artifact id: '0b5b72d98e46cfac447e553684def679') in 0.0167432 seconds
Number of updated asset objects reloaded before import = 0Number of asset objects unloaded after import = 1

========================================================================
Received Import Request.
  Time since last request: 0.000039 seconds.
  path: Assets/TextMesh Pro/Shaders/TMP_SDF Overlay.shader
  artifactKey: Guid(dd89cf5b9246416f84610a006f916af7) Importer(2089858483,0ecaa5967403d082aa24f35e1b516d23)
Start importing Assets/TextMesh Pro/Shaders/TMP_SDF Overlay.shader using Guid(dd89cf5b9246416f84610a006f916af7) Importer(2089858483,0ecaa5967403d082aa24f35e1b516d23) (ScriptedImporter) -> (artifact id: 'e606766c67ea5c3892aade2c387819c9') in 0.0112803 seconds
Number of updated asset objects reloaded before import = 0Number of asset objects unloaded after import = 1

========================================================================
Received Import Request.
  Time since last request: 0.000023 seconds.
  path: Assets/UI/Resource Vector Graphics/UI_Graphic_Resource_Tools.png
  artifactKey: Guid(32fb7e0aee1614fe8ac38467a139e9a6) Importer(2089858483,0ecaa5967403d082aa24f35e1b516d23)
Start importing Assets/UI/Resource Vector Graphics/UI_Graphic_Resource_Tools.png using Guid(32fb7e0aee1614fe8ac38467a139e9a6) Importer(2089858483,0ecaa5967403d082aa24f35e1b516d23) (ScriptedImporter) -> (artifact id: 'd0beae44c506f5c250d0eaafca7aca4e') in 0.0226518 seconds
Number of updated asset objects reloaded before import = 0Number of asset objects unloaded after import = 3

========================================================================
Received Import Request.
  Time since last request: 0.000016 seconds.
  path: Assets/SimpleNaturePack/Prefabs/Rock_01.prefab
  artifactKey: Guid(c6308cb7062fac34e8e50600086b12a1) Importer(2089858483,0ecaa5967403d082aa24f35e1b516d23)
Start importing Assets/SimpleNaturePack/Prefabs/Rock_01.prefab using Guid(c6308cb7062fac34e8e50600086b12a1) Importer(2089858483,0ecaa5967403d082aa24f35e1b516d23) (ScriptedImporter) -> (artifact id: 'a59c51cdfc57eda4f6ba0210ded0383c') in 0.0164735 seconds
Number of updated asset objects reloaded before import = 0Number of asset objects unloaded after import = 9

========================================================================
Received Import Request.
  Time since last request: 0.000049 seconds.
  path: Assets/SimpleNaturePack/Models/Grass_01.fbx
  artifactKey: Guid(ad3119cbd6dce024e8460ef32dec49df) Importer(2089858483,0ecaa5967403d082aa24f35e1b516d23)
Start importing Assets/SimpleNaturePack/Models/Grass_01.fbx using Guid(ad3119cbd6dce024e8460ef32dec49df) Importer(2089858483,0ecaa5967403d082aa24f35e1b516d23) (ScriptedImporter) -> (artifact id: '8f084002a1d8974abbfdc2a0c0b5fe2c') in 0.0145531 seconds
Number of updated asset objects reloaded before import = 0Number of asset objects unloaded after import = 15

========================================================================
Received Import Request.
  Time since last request: 0.000014 seconds.
  path: Assets/Scripts/Managers/ReincarnationManager.cs
  artifactKey: Guid(569722b0a3b6db94583a2e194db7c0dc) Importer(2089858483,0ecaa5967403d082aa24f35e1b516d23)
Start importing Assets/Scripts/Managers/ReincarnationManager.cs using Guid(569722b0a3b6db94583a2e194db7c0dc) Importer(2089858483,0ecaa5967403d082aa24f35e1b516d23) (ScriptedImporter) -> (artifact id: 'c46d1616b3705dd9a63ce6461a0f9cb2') in 0.0096768 seconds
Number of updated asset objects reloaded before import = 0Number of asset objects unloaded after import = 0

========================================================================
Received Import Request.
  Time since last request: 0.000071 seconds.
  path: Assets/TextMesh Pro/Resources/LineBreaking Following Characters.txt
  artifactKey: Guid(fade42e8bc714b018fac513c043d323b) Importer(2089858483,0ecaa5967403d082aa24f35e1b516d23)
Start importing Assets/TextMesh Pro/Resources/LineBreaking Following Characters.txt using Guid(fade42e8bc714b018fac513c043d323b) Importer(2089858483,0ecaa5967403d082aa24f35e1b516d23) (ScriptedImporter) -> (artifact id: '8ad354f515860d4fed8bbf78573778fc') in 0.0091124 seconds
Number of updated asset objects reloaded before import = 0Number of asset objects unloaded after import = 1

========================================================================
Received Import Request.
  Time since last request: 0.000035 seconds.
  path: Assets/SimpleNaturePack/Models/Flowers_01.fbx
  artifactKey: Guid(b5a80b3e2a089b841b155d7c7f461e7c) Importer(2089858483,0ecaa5967403d082aa24f35e1b516d23)
Start importing Assets/SimpleNaturePack/Models/Flowers_01.fbx using Guid(b5a80b3e2a089b841b155d7c7f461e7c) Importer(2089858483,0ecaa5967403d082aa24f35e1b516d23) (ScriptedImporter) -> (artifact id: '0615bf90fe8059dbe5dcef070c52fe9f') in 0.0135409 seconds
Number of updated asset objects reloaded before import = 0Number of asset objects unloaded after import = 15

========================================================================
Received Import Request.
  Time since last request: 0.000016 seconds.
  path: Assets/RGP icons free start pack/backgrounds/bg_swhirl_yellow.png
  artifactKey: Guid(b891a2cc80c288a4a8fc1a6ec6384310) Importer(2089858483,0ecaa5967403d082aa24f35e1b516d23)
Start importing Assets/RGP icons free start pack/backgrounds/bg_swhirl_yellow.png using Guid(b891a2cc80c288a4a8fc1a6ec6384310) Importer(2089858483,0ecaa5967403d082aa24f35e1b516d23) (ScriptedImporter) -> (artifact id: '8e194f164e281aef0811add7e96753ec') in 0.020836 seconds
Number of updated asset objects reloaded before import = 0Number of asset objects unloaded after import = 3

========================================================================
Received Import Request.
  Time since last request: 0.000015 seconds.
  path: Assets/SimpleNaturePack/Models/Grass_02.fbx
  artifactKey: Guid(638dc165572d2a84081d13ce1afb4d52) Importer(2089858483,0ecaa5967403d082aa24f35e1b516d23)
Start importing Assets/SimpleNaturePack/Models/Grass_02.fbx using Guid(638dc165572d2a84081d13ce1afb4d52) Importer(2089858483,0ecaa5967403d082aa24f35e1b516d23) (ScriptedImporter) -> (artifact id: 'c8cd1f3e66848c9af13db609e53e0d06') in 0.0164496 seconds
Number of updated asset objects reloaded before import = 0Number of asset objects unloaded after import = 15

========================================================================
Received Import Request.
  Time since last request: 0.000014 seconds.
  path: Assets/SimpleNaturePack/Prefabs/Flowers_02.prefab
  artifactKey: Guid(299e7a1cb6456cf4fa6079cf5978df9b) Importer(2089858483,0ecaa5967403d082aa24f35e1b516d23)
Start importing Assets/SimpleNaturePack/Prefabs/Flowers_02.prefab using Guid(299e7a1cb6456cf4fa6079cf5978df9b) Importer(2089858483,0ecaa5967403d082aa24f35e1b516d23) (ScriptedImporter) -> (artifact id: 'dc6e77e109d2699c5b9b893f8f2fb743') in 0.0154074 seconds
Number of updated asset objects reloaded before import = 0Number of asset objects unloaded after import = 16

========================================================================
Received Import Request.
  Time since last request: 0.000027 seconds.
  path: Assets/UI/Resource Vector Graphics/UI_Graphic_Resource_Gems.png
  artifactKey: Guid(f59401c5c79564fd1ae3bfb0876455a7) Importer(2089858483,0ecaa5967403d082aa24f35e1b516d23)
Start importing Assets/UI/Resource Vector Graphics/UI_Graphic_Resource_Gems.png using Guid(f59401c5c79564fd1ae3bfb0876455a7) Importer(2089858483,0ecaa5967403d082aa24f35e1b516d23) (ScriptedImporter) -> (artifact id: '8572d506e389c26cea54fc3158adbb9d') in 0.0247965 seconds
Number of updated asset objects reloaded before import = 0Number of asset objects unloaded after import = 3

========================================================================
Received Import Request.
  Time since last request: 0.000017 seconds.
  path: Assets/RGP icons free start pack/items/bow_wood1.png
  artifactKey: Guid(8f908a0041a1aee4c8b02d9449ebd224) Importer(2089858483,0ecaa5967403d082aa24f35e1b516d23)
Start importing Assets/RGP icons free start pack/items/bow_wood1.png using Guid(8f908a0041a1aee4c8b02d9449ebd224) Importer(2089858483,0ecaa5967403d082aa24f35e1b516d23) (ScriptedImporter) -> (artifact id: 'e74b947403ebe4b29f849cd5167e350d') in 0.0381012 seconds
Number of updated asset objects reloaded before import = 0Number of asset objects unloaded after import = 3

========================================================================
Received Import Request.
  Time since last request: 0.000016 seconds.
  path: Assets/SimpleNaturePack/Models/Stump_01.fbx
  artifactKey: Guid(768be665aba8b4e4aae7a973ae9616cf) Importer(2089858483,0ecaa5967403d082aa24f35e1b516d23)
Start importing Assets/SimpleNaturePack/Models/Stump_01.fbx using Guid(768be665aba8b4e4aae7a973ae9616cf) Importer(2089858483,0ecaa5967403d082aa24f35e1b516d23) (ScriptedImporter) -> (artifact id: 'df491a4eee6fd12cfbdb5a199d52820e') in 0.0140367 seconds
Number of updated asset objects reloaded before import = 0Number of asset objects unloaded after import = 15

========================================================================
Received Import Request.
  Time since last request: 0.000017 seconds.
  path: Assets/SimpleNaturePack/Models/Tree_02.fbx
  artifactKey: Guid(4471b1f7f824e4d44887e1364c6fc61a) Importer(2089858483,0ecaa5967403d082aa24f35e1b516d23)
Start importing Assets/SimpleNaturePack/Models/Tree_02.fbx using Guid(4471b1f7f824e4d44887e1364c6fc61a) Importer(2089858483,0ecaa5967403d082aa24f35e1b516d23) (ScriptedImporter) -> (artifact id: '58a827690d1b97c1512fea28a666d1a5') in 0.015985 seconds
Number of updated asset objects reloaded before import = 0Number of asset objects unloaded after import = 15

========================================================================
Received Import Request.
  Time since last request: 0.000015 seconds.
  path: Assets/SimpleNaturePack/Prefabs/Grass_02.prefab
  artifactKey: Guid(ffbddc4ef9676cc419e81e06aaa836d8) Importer(2089858483,0ecaa5967403d082aa24f35e1b516d23)
Start importing Assets/SimpleNaturePack/Prefabs/Grass_02.prefab using Guid(ffbddc4ef9676cc419e81e06aaa836d8) Importer(2089858483,0ecaa5967403d082aa24f35e1b516d23) (ScriptedImporter) -> (artifact id: '8609972a4e7e1d6e460c50608535c45e') in 0.0162278 seconds
Number of updated asset objects reloaded before import = 0Number of asset objects unloaded after import = 16

========================================================================
Received Import Request.
  Time since last request: 0.000013 seconds.
  path: Assets/SimpleNaturePack/Models/Rock_05.fbx
  artifactKey: Guid(fa2e670bb3648a84b9df8d16da25b85e) Importer(2089858483,0ecaa5967403d082aa24f35e1b516d23)
Start importing Assets/SimpleNaturePack/Models/Rock_05.fbx using Guid(fa2e670bb3648a84b9df8d16da25b85e) Importer(2089858483,0ecaa5967403d082aa24f35e1b516d23) (ScriptedImporter) -> (artifact id: 'ed8c0785771c7e38d8ff76148ed96e61') in 0.0137105 seconds
Number of updated asset objects reloaded before import = 0Number of asset objects unloaded after import = 7

========================================================================
Received Import Request.
  Time since last request: 0.000015 seconds.
  path: Assets/SimpleNaturePack/Prefabs/Tree_04.prefab
  artifactKey: Guid(f0c16f0ea935ea64297ca1d4d55d9746) Importer(2089858483,0ecaa5967403d082aa24f35e1b516d23)
Start importing Assets/SimpleNaturePack/Prefabs/Tree_04.prefab using Guid(f0c16f0ea935ea64297ca1d4d55d9746) Importer(2089858483,0ecaa5967403d082aa24f35e1b516d23) (ScriptedImporter) -> (artifact id: '1a09bca59ac3eaa11054979fcb04dd17') in 0.0127132 seconds
Number of updated asset objects reloaded before import = 0Number of asset objects unloaded after import = 16

========================================================================
Received Import Request.
  Time since last request: 0.000013 seconds.
  path: Assets/SimpleNaturePack/Models/Tree_03.fbx
  artifactKey: Guid(69f0af3a0a6c73b4ab4b89eb82cdc488) Importer(2089858483,0ecaa5967403d082aa24f35e1b516d23)
Start importing Assets/SimpleNaturePack/Models/Tree_03.fbx using Guid(69f0af3a0a6c73b4ab4b89eb82cdc488) Importer(2089858483,0ecaa5967403d082aa24f35e1b516d23) (ScriptedImporter) -> (artifact id: 'b87a563accbfd2b7726a4382a1d29106') in 0.0157908 seconds
Number of updated asset objects reloaded before import = 0Number of asset objects unloaded after import = 15

========================================================================
Received Import Request.
  Time since last request: 0.000017 seconds.
  path: Assets/SimpleNaturePack/Prefabs/Tree_03.prefab
  artifactKey: Guid(c60edd51c065ceb46b345849a03bc106) Importer(2089858483,0ecaa5967403d082aa24f35e1b516d23)
Start importing Assets/SimpleNaturePack/Prefabs/Tree_03.prefab using Guid(c60edd51c065ceb46b345849a03bc106) Importer(2089858483,0ecaa5967403d082aa24f35e1b516d23) (ScriptedImporter) -> (artifact id: 'b6069b8ef74309b29e96619ec0a20b4e') in 0.011656 seconds
Number of updated asset objects reloaded before import = 0Number of asset objects unloaded after import = 16

========================================================================
Received Import Request.
  Time since last request: 0.000016 seconds.
  path: Assets/TextMesh Pro/Shaders/TMP_SDF-URP Lit.shadergraph
  artifactKey: Guid(a3d800b099a06e0478fb790c5e79057a) Importer(2089858483,0ecaa5967403d082aa24f35e1b516d23)
Start importing Assets/TextMesh Pro/Shaders/TMP_SDF-URP Lit.shadergraph using Guid(a3d800b099a06e0478fb790c5e79057a) Importer(2089858483,0ecaa5967403d082aa24f35e1b516d23) (ScriptedImporter) -> (artifact id: 'dbc4677dbacc6a8239125839310c6c8c') in 0.0102347 seconds
Number of updated asset objects reloaded before import = 0Number of asset objects unloaded after import = 1

========================================================================
Received Import Request.
  Time since last request: 0.000043 seconds.
  path: Assets/Scripts/Managers/BattleManager.cs
  artifactKey: Guid(f2610db442ee9e14b80b7bac1f4894ec) Importer(2089858483,0ecaa5967403d082aa24f35e1b516d23)
Start importing Assets/Scripts/Managers/BattleManager.cs using Guid(f2610db442ee9e14b80b7bac1f4894ec) Importer(2089858483,0ecaa5967403d082aa24f35e1b516d23) (ScriptedImporter) -> (artifact id: '63aa53535254f71b6641660af932959b') in 0.009726 seconds
Number of updated asset objects reloaded before import = 0Number of asset objects unloaded after import = 0

========================================================================
Received Import Request.
  Time since last request: 0.000068 seconds.
  path: Assets/SimpleNaturePack/Models/Flowers_02.fbx
  artifactKey: Guid(8ea980fdc4aa5e749b000c1a0d4b9bbc) Importer(2089858483,0ecaa5967403d082aa24f35e1b516d23)
Start importing Assets/SimpleNaturePack/Models/Flowers_02.fbx using Guid(8ea980fdc4aa5e749b000c1a0d4b9bbc) Importer(2089858483,0ecaa5967403d082aa24f35e1b516d23) (ScriptedImporter) -> (artifact id: '06e5d7b646e16f77695a4a62ba2f62e8') in 0.0158348 seconds
Number of updated asset objects reloaded before import = 0Number of asset objects unloaded after import = 15

========================================================================
Received Import Request.
  Time since last request: 0.000016 seconds.
  path: Assets/SimpleNaturePack/Prefabs/Mushroom_01.prefab
  artifactKey: Guid(ff62b58c5a9ea164fa8ddf8038e10cd1) Importer(2089858483,0ecaa5967403d082aa24f35e1b516d23)
Start importing Assets/SimpleNaturePack/Prefabs/Mushroom_01.prefab using Guid(ff62b58c5a9ea164fa8ddf8038e10cd1) Importer(2089858483,0ecaa5967403d082aa24f35e1b516d23) (ScriptedImporter) -> (artifact id: '050855096110bb6eedb7c92d66c5ad7e') in 0.0149245 seconds
Number of updated asset objects reloaded before import = 0Number of asset objects unloaded after import = 16

========================================================================
Received Import Request.
  Time since last request: 0.000022 seconds.
  path: Assets/SimpleNaturePack/Models/Branch_01.fbx
  artifactKey: Guid(5528351815fd4c04abf537f22c7e18f1) Importer(2089858483,0ecaa5967403d082aa24f35e1b516d23)
Start importing Assets/SimpleNaturePack/Models/Branch_01.fbx using Guid(5528351815fd4c04abf537f22c7e18f1) Importer(2089858483,0ecaa5967403d082aa24f35e1b516d23) (ScriptedImporter) -> (artifact id: '33b424cbbcaefaf33c8606f612227bac') in 0.013179 seconds
Number of updated asset objects reloaded before import = 0Number of asset objects unloaded after import = 7

========================================================================
Received Import Request.
  Time since last request: 0.000013 seconds.
  path: Assets/UI/Resource Vector Graphics/UI_Graphic_Resource_Iron.png
  artifactKey: Guid(7e082cc2cf2a4433d85e388c6bf94234) Importer(2089858483,0ecaa5967403d082aa24f35e1b516d23)
Start importing Assets/UI/Resource Vector Graphics/UI_Graphic_Resource_Iron.png using Guid(7e082cc2cf2a4433d85e388c6bf94234) Importer(2089858483,0ecaa5967403d082aa24f35e1b516d23) (ScriptedImporter) -> (artifact id: '4765a28e35158371125a494519db84f0') in 0.0245778 seconds
Number of updated asset objects reloaded before import = 0Number of asset objects unloaded after import = 3

========================================================================
Received Import Request.
  Time since last request: 0.000014 seconds.
  path: Assets/TextMesh Pro/Shaders/TMP_SDF-Surface.shader
  artifactKey: Guid(f7ada0af4f174f0694ca6a487b8f543d) Importer(2089858483,0ecaa5967403d082aa24f35e1b516d23)
Start importing Assets/TextMesh Pro/Shaders/TMP_SDF-Surface.shader using Guid(f7ada0af4f174f0694ca6a487b8f543d) Importer(2089858483,0ecaa5967403d082aa24f35e1b516d23) (ScriptedImporter) -> (artifact id: '11916c4f7e4fbb4195aade33e2542494') in 0.010832 seconds
Number of updated asset objects reloaded before import = 0Number of asset objects unloaded after import = 1

========================================================================
Received Import Request.
  Time since last request: 0.000037 seconds.
  path: Assets/TextMesh Pro/Shaders/TMPro_Properties.cginc
  artifactKey: Guid(3997e2241185407d80309a82f9148466) Importer(2089858483,0ecaa5967403d082aa24f35e1b516d23)
Start importing Assets/TextMesh Pro/Shaders/TMPro_Properties.cginc using Guid(3997e2241185407d80309a82f9148466) Importer(2089858483,0ecaa5967403d082aa24f35e1b516d23) (ScriptedImporter) -> (artifact id: 'dcab6c9cbc7602b574545225175b965c') in 0.0165926 seconds
Number of updated asset objects reloaded before import = 0Number of asset objects unloaded after import = 1

========================================================================
Received Import Request.
  Time since last request: 0.000016 seconds.
  path: Assets/Scripts/Buildings/Timber.cs
  artifactKey: Guid(d01206ee6d1b5f9409d9f8b906efc6eb) Importer(2089858483,0ecaa5967403d082aa24f35e1b516d23)
Start importing Assets/Scripts/Buildings/Timber.cs using Guid(d01206ee6d1b5f9409d9f8b906efc6eb) Importer(2089858483,0ecaa5967403d082aa24f35e1b516d23) (ScriptedImporter) -> (artifact id: 'a8efafb76b1a5122bef1470891f8107b') in 0.010511 seconds
Number of updated asset objects reloaded before import = 0Number of asset objects unloaded after import = 0

========================================================================
Received Import Request.
  Time since last request: 0.000081 seconds.
  path: Assets/SimpleNaturePack/Prefabs/Flowers_01.prefab
  artifactKey: Guid(ac8efb728f1fb9b4092c4df591c827ca) Importer(2089858483,0ecaa5967403d082aa24f35e1b516d23)
Start importing Assets/SimpleNaturePack/Prefabs/Flowers_01.prefab using Guid(ac8efb728f1fb9b4092c4df591c827ca) Importer(2089858483,0ecaa5967403d082aa24f35e1b516d23) (ScriptedImporter) -> (artifact id: 'cedb46cda42b49c16e3c06dfbf8889d7') in 0.017485 seconds
Number of updated asset objects reloaded before import = 0Number of asset objects unloaded after import = 16

========================================================================
Received Import Request.
  Time since last request: 0.000014 seconds.
  path: Assets/RGP icons free start pack/items/key_silver.png
  artifactKey: Guid(68fba0368e8dc8842ad10756647eee14) Importer(2089858483,0ecaa5967403d082aa24f35e1b516d23)
Start importing Assets/RGP icons free start pack/items/key_silver.png using Guid(68fba0368e8dc8842ad10756647eee14) Importer(2089858483,0ecaa5967403d082aa24f35e1b516d23) (ScriptedImporter) -> (artifact id: '4d849e70675d56dc0518544f1411bcff') in 0.0240679 seconds
Number of updated asset objects reloaded before import = 0Number of asset objects unloaded after import = 3

========================================================================
Received Import Request.
  Time since last request: 0.000016 seconds.
  path: Assets/RGP icons free start pack/items/scroll_map2.png
  artifactKey: Guid(0a4e4ed28cc111a418bd671fe19adab0) Importer(2089858483,0ecaa5967403d082aa24f35e1b516d23)
Start importing Assets/RGP icons free start pack/items/scroll_map2.png using Guid(0a4e4ed28cc111a418bd671fe19adab0) Importer(2089858483,0ecaa5967403d082aa24f35e1b516d23) (ScriptedImporter) -> (artifact id: '3d978568513cbc3deb9cc6cee3082a1d') in 0.0215457 seconds
Number of updated asset objects reloaded before import = 0Number of asset objects unloaded after import = 3

========================================================================
Received Import Request.
  Time since last request: 0.000019 seconds.
  path: Assets/TextMesh Pro/Shaders/TMP_SDF-Surface-Mobile.shader
  artifactKey: Guid(85187c2149c549c5b33f0cdb02836b17) Importer(2089858483,0ecaa5967403d082aa24f35e1b516d23)
Start importing Assets/TextMesh Pro/Shaders/TMP_SDF-Surface-Mobile.shader using Guid(85187c2149c549c5b33f0cdb02836b17) Importer(2089858483,0ecaa5967403d082aa24f35e1b516d23) (ScriptedImporter) -> (artifact id: '1f6d3941cd523cb0d949e790f52e06a3') in 0.0085762 seconds
Number of updated asset objects reloaded before import = 0Number of asset objects unloaded after import = 1

========================================================================
Received Import Request.
  Time since last request: 0.000044 seconds.
  path: Assets/SimpleNaturePack/Prefabs/Bush_02.prefab
  artifactKey: Guid(b71b0f8d2f881c743a85228f3030d1cb) Importer(2089858483,0ecaa5967403d082aa24f35e1b516d23)
Start importing Assets/SimpleNaturePack/Prefabs/Bush_02.prefab using Guid(b71b0f8d2f881c743a85228f3030d1cb) Importer(2089858483,0ecaa5967403d082aa24f35e1b516d23) (ScriptedImporter) -> (artifact id: 'f43002c98d8d42b539dd0145cffd5509') in 0.0137943 seconds
Number of updated asset objects reloaded before import = 0Number of asset objects unloaded after import = 16

========================================================================
Received Import Request.
  Time since last request: 0.000017 seconds.
  path: Assets/Scripts/DataSave/InitialData.cs
  artifactKey: Guid(e107174c698d547459ca6ca5a365872d) Importer(2089858483,0ecaa5967403d082aa24f35e1b516d23)
Start importing Assets/Scripts/DataSave/InitialData.cs using Guid(e107174c698d547459ca6ca5a365872d) Importer(2089858483,0ecaa5967403d082aa24f35e1b516d23) (ScriptedImporter) -> (artifact id: '0dfea7c36555e19dc0eac1ecd627e200') in 0.0095759 seconds
Number of updated asset objects reloaded before import = 0Number of asset objects unloaded after import = 0

========================================================================
Received Import Request.
  Time since last request: 0.000109 seconds.
  path: Assets/RGP icons free start pack/items/stone_basic_grey.png
  artifactKey: Guid(583675a75bcb2a941ac555b9ccd513a9) Importer(2089858483,0ecaa5967403d082aa24f35e1b516d23)
Start importing Assets/RGP icons free start pack/items/stone_basic_grey.png using Guid(583675a75bcb2a941ac555b9ccd513a9) Importer(2089858483,0ecaa5967403d082aa24f35e1b516d23) (ScriptedImporter) -> (artifact id: 'ed7247b5b369d07eac5b554c42dd0662') in 0.0241734 seconds
Number of updated asset objects reloaded before import = 0Number of asset objects unloaded after import = 3

========================================================================
Received Import Request.
  Time since last request: 0.000016 seconds.
  path: Assets/SimpleNaturePack/Materials/SimpleNaturePack_Texture_01.mat
  artifactKey: Guid(93caadf4359ae8143aad35b3145d31af) Importer(2089858483,0ecaa5967403d082aa24f35e1b516d23)
Start importing Assets/SimpleNaturePack/Materials/SimpleNaturePack_Texture_01.mat using Guid(93caadf4359ae8143aad35b3145d31af) Importer(2089858483,0ecaa5967403d082aa24f35e1b516d23) (ScriptedImporter) -> (artifact id: 'c2ac6a2e174463d5f866a44ca85b3129') in 0.0130413 seconds
Number of updated asset objects reloaded before import = 0Number of asset objects unloaded after import = 2

========================================================================
Received Import Request.
  Time since last request: 0.000029 seconds.
  path: Assets/Scripts/Managers/InitialDataSynchronizationManager.cs
  artifactKey: Guid(ff5fc05e623abf640aa1a1f82483ec70) Importer(2089858483,0ecaa5967403d082aa24f35e1b516d23)
Start importing Assets/Scripts/Managers/InitialDataSynchronizationManager.cs using Guid(ff5fc05e623abf640aa1a1f82483ec70) Importer(2089858483,0ecaa5967403d082aa24f35e1b516d23) (ScriptedImporter) -> (artifact id: 'bf955a4f284eb6458ff39c97ff5905a7') in 0.0177608 seconds
Number of updated asset objects reloaded before import = 0Number of asset objects unloaded after import = 0

========================================================================
Received Import Request.
  Time since last request: 0.000062 seconds.
  path: Assets/RGP icons free start pack/items/pickaxe_basic.png
  artifactKey: Guid(b54b94da5cee5c046bf327246ac181e6) Importer(2089858483,0ecaa5967403d082aa24f35e1b516d23)
Start importing Assets/RGP icons free start pack/items/pickaxe_basic.png using Guid(b54b94da5cee5c046bf327246ac181e6) Importer(2089858483,0ecaa5967403d082aa24f35e1b516d23) (ScriptedImporter) -> (artifact id: 'e12595e6991c287ff754beaac9e81b75') in 0.0205997 seconds
Number of updated asset objects reloaded before import = 0Number of asset objects unloaded after import = 3

========================================================================
Received Import Request.
  Time since last request: 0.123368 seconds.
  path: Assets/Whaleride/Hand Painted Rocks Road (Blocky)/road_rocks_blocky_NRM.png
  artifactKey: Guid(c5fa454ade829484fa8c258f2f587ca3) Importer(2089858483,0ecaa5967403d082aa24f35e1b516d23)
Start importing Assets/Whaleride/Hand Painted Rocks Road (Blocky)/road_rocks_blocky_NRM.png using Guid(c5fa454ade829484fa8c258f2f587ca3) Importer(2089858483,0ecaa5967403d082aa24f35e1b516d23) (ScriptedImporter) -> (artifact id: 'fa3bc1b97298cd6ed25ae77867f6fcde') in 0.0125943 seconds
Number of updated asset objects reloaded before import = 0Number of asset objects unloaded after import = 1

========================================================================
Received Import Request.
  Time since last request: 0.000016 seconds.
  path: Assets/TextMesh Pro/Examples & Extras/Materials/Small Crate_diffuse.mat
  artifactKey: Guid(22262639920f43d6be32430e4e58350d) Importer(2089858483,0ecaa5967403d082aa24f35e1b516d23)
Start importing Assets/TextMesh Pro/Examples & Extras/Materials/Small Crate_diffuse.mat using Guid(22262639920f43d6be32430e4e58350d) Importer(2089858483,0ecaa5967403d082aa24f35e1b516d23) (ScriptedImporter) -> (artifact id: 'e9634fe081b6f33f9f31422e73c7d664') in 0.0156227 seconds
Number of updated asset objects reloaded before import = 0Number of asset objects unloaded after import = 3

========================================================================
Received Import Request.
  Time since last request: 0.000018 seconds.
  path: Assets/TextMesh Pro/Examples & Extras/Scenes/24 - Surface Shader Example URP.unity
  artifactKey: Guid(57694ed9d1cd1e340a4924c0f2eac8e3) Importer(2089858483,0ecaa5967403d082aa24f35e1b516d23)
Start importing Assets/TextMesh Pro/Examples & Extras/Scenes/24 - Surface Shader Example URP.unity using Guid(57694ed9d1cd1e340a4924c0f2eac8e3) Importer(2089858483,0ecaa5967403d082aa24f35e1b516d23) (ScriptedImporter) -> (artifact id: '524a2a8b18525f5680350aae49d0449e') in 0.0100155 seconds
Number of updated asset objects reloaded before import = 0Number of asset objects unloaded after import = 1

========================================================================
Received Import Request.
  Time since last request: 0.000048 seconds.
  path: Assets/TextMesh Pro/Examples & Extras/Fonts/Anton OFL.txt
  artifactKey: Guid(73a79399807f4e8388c2cbb5494681ca) Importer(2089858483,0ecaa5967403d082aa24f35e1b516d23)
Start importing Assets/TextMesh Pro/Examples & Extras/Fonts/Anton OFL.txt using Guid(73a79399807f4e8388c2cbb5494681ca) Importer(2089858483,0ecaa5967403d082aa24f35e1b516d23) (ScriptedImporter) -> (artifact id: 'a56e7b00657cf18eccbaec7c717ef8f0') in 0.0077741 seconds
Number of updated asset objects reloaded before import = 0Number of asset objects unloaded after import = 1

========================================================================
Received Import Request.
  Time since last request: 0.000049 seconds.
  path: Assets/Pure Poly/Free Low Poly Nature Pack/Prefabs/PP_Meadow_07.prefab
  artifactKey: Guid(cf22a2db10f09a34495e9f83913738c8) Importer(2089858483,0ecaa5967403d082aa24f35e1b516d23)
Start importing Assets/Pure Poly/Free Low Poly Nature Pack/Prefabs/PP_Meadow_07.prefab using Guid(cf22a2db10f09a34495e9f83913738c8) Importer(2089858483,0ecaa5967403d082aa24f35e1b516d23) (ScriptedImporter) -> (artifact id: '9c89c88562b8016c2a8f622611c9fa96') in 0.0191114 seconds
Number of updated asset objects reloaded before import = 0Number of asset objects unloaded after import = 9

========================================================================
Received Import Request.
  Time since last request: 0.000017 seconds.
  path: Assets/Pure Poly/Free Low Poly Nature Pack/Meshes/PP_Rock_Moss_Grown_09.fbx
  artifactKey: Guid(3184c8a016da6e34abff1686da99650b) Importer(2089858483,0ecaa5967403d082aa24f35e1b516d23)
Start importing Assets/Pure Poly/Free Low Poly Nature Pack/Meshes/PP_Rock_Moss_Grown_09.fbx using Guid(3184c8a016da6e34abff1686da99650b) Importer(2089858483,0ecaa5967403d082aa24f35e1b516d23) (ScriptedImporter) -> (artifact id: '6abc1e4a5626990680d877457ab8a195') in 0.0127831 seconds
Number of updated asset objects reloaded before import = 0Number of asset objects unloaded after import = 7

========================================================================
Received Import Request.
  Time since last request: 0.000036 seconds.
  path: Assets/TextMesh Pro/Examples & Extras/Fonts/Oswald-Bold.ttf
  artifactKey: Guid(c9f6d0e7bc8541498c9a4799ba184ede) Importer(2089858483,0ecaa5967403d082aa24f35e1b516d23)
Start importing Assets/TextMesh Pro/Examples & Extras/Fonts/Oswald-Bold.ttf using Guid(c9f6d0e7bc8541498c9a4799ba184ede) Importer(2089858483,0ecaa5967403d082aa24f35e1b516d23) (ScriptedImporter) -> (artifact id: '9068eb7f1aacaba6acf6c41815cc8088') in 0.0139731 seconds
Number of updated asset objects reloaded before import = 0Number of asset objects unloaded after import = 3

========================================================================
Received Import Request.
  Time since last request: 0.000034 seconds.
  path: Assets/TextMesh Pro/Examples & Extras/Scripts/ShaderPropAnimator.cs
  artifactKey: Guid(2787a46a4dc848c1b4b7b9307b614bfd) Importer(2089858483,0ecaa5967403d082aa24f35e1b516d23)
Start importing Assets/TextMesh Pro/Examples & Extras/Scripts/ShaderPropAnimator.cs using Guid(2787a46a4dc848c1b4b7b9307b614bfd) Importer(2089858483,0ecaa5967403d082aa24f35e1b516d23) (ScriptedImporter) -> (artifact id: 'b12c51e9a228f29ca3ee21eb50ab12fa') in 0.0094598 seconds
Number of updated asset objects reloaded before import = 0Number of asset objects unloaded after import = 0

========================================================================
Received Import Request.
  Time since last request: 0.000087 seconds.
  path: Assets/TextMesh Pro/Examples & Extras/Prefabs/TextMeshPro - Prefab 1.prefab
  artifactKey: Guid(a6e39ced0ea046bcb636c3f0b2e2a745) Importer(2089858483,0ecaa5967403d082aa24f35e1b516d23)
Start importing Assets/TextMesh Pro/Examples & Extras/Prefabs/TextMeshPro - Prefab 1.prefab using Guid(a6e39ced0ea046bcb636c3f0b2e2a745) Importer(2089858483,0ecaa5967403d082aa24f35e1b516d23) (ScriptedImporter) -> (artifact id: '9b246d56fca03ef880054b8e4ab2002f') in 0.0601273 seconds
Number of updated asset objects reloaded before import = 0Number of asset objects unloaded after import = 16

========================================================================
Received Import Request.
  Time since last request: 0.000015 seconds.
  path: Assets/TextMesh Pro/Examples & Extras/Scripts/TMP_PhoneNumberValidator.cs
  artifactKey: Guid(83680ab1a69f4102ac67d1459fe76e1f) Importer(2089858483,0ecaa5967403d082aa24f35e1b516d23)
Start importing Assets/TextMesh Pro/Examples & Extras/Scripts/TMP_PhoneNumberValidator.cs using Guid(83680ab1a69f4102ac67d1459fe76e1f) Importer(2089858483,0ecaa5967403d082aa24f35e1b516d23) (ScriptedImporter) -> (artifact id: '00b8d3fb5a5caedc9722182490a50d73') in 0.008279 seconds
Number of updated asset objects reloaded before import = 0Number of asset objects unloaded after import = 0

========================================================================
Received Import Request.
  Time since last request: 0.000072 seconds.
  path: Assets/TextMesh Pro/Examples & Extras/Fonts/Roboto-Bold - License.txt
  artifactKey: Guid(f0303f887b8fa7243a51432c478ff2f3) Importer(2089858483,0ecaa5967403d082aa24f35e1b516d23)
Start importing Assets/TextMesh Pro/Examples & Extras/Fonts/Roboto-Bold - License.txt using Guid(f0303f887b8fa7243a51432c478ff2f3) Importer(2089858483,0ecaa5967403d082aa24f35e1b516d23) (ScriptedImporter) -> (artifact id: '378fb4c6c67e21203f63d6df46a7dc0e') in 0.0091951 seconds
Number of updated asset objects reloaded before import = 0Number of asset objects unloaded after import = 1

========================================================================
Received Import Request.
  Time since last request: 0.000057 seconds.
  path: Assets/TextMesh Pro/Examples & Extras/Scenes/28 - HDRP Shader Example.unity
  artifactKey: Guid(eea2b7206368b444e84fbec4ec32b64a) Importer(2089858483,0ecaa5967403d082aa24f35e1b516d23)
Start importing Assets/TextMesh Pro/Examples & Extras/Scenes/28 - HDRP Shader Example.unity using Guid(eea2b7206368b444e84fbec4ec32b64a) Importer(2089858483,0ecaa5967403d082aa24f35e1b516d23) (ScriptedImporter) -> (artifact id: '6d9e5c21f720b6d102aa8865d6f8e82e') in 0.0072164 seconds
Number of updated asset objects reloaded before import = 0Number of asset objects unloaded after import = 1

========================================================================
Received Import Request.
  Time since last request: 0.000052 seconds.
  path: Assets/TextMesh Pro/Examples & Extras/Scripts/TMP_TextSelector_A.cs
  artifactKey: Guid(103e0a6a1d404693b9fb1a5173e0e979) Importer(2089858483,0ecaa5967403d082aa24f35e1b516d23)
Start importing Assets/TextMesh Pro/Examples & Extras/Scripts/TMP_TextSelector_A.cs using Guid(103e0a6a1d404693b9fb1a5173e0e979) Importer(2089858483,0ecaa5967403d082aa24f35e1b516d23) (ScriptedImporter) -> (artifact id: 'b26aaf8c5acc8bb06703432b9cda085e') in 0.008688 seconds
Number of updated asset objects reloaded before import = 0Number of asset objects unloaded after import = 0

========================================================================
Received Import Request.
  Time since last request: 0.000123 seconds.
  path: Assets/TextMesh Pro/Examples & Extras/Scripts/DropdownSample.cs
  artifactKey: Guid(ac1eb05af6d391b4eb0f4c070a99f1d0) Importer(2089858483,0ecaa5967403d082aa24f35e1b516d23)
Start importing Assets/TextMesh Pro/Examples & Extras/Scripts/DropdownSample.cs using Guid(ac1eb05af6d391b4eb0f4c070a99f1d0) Importer(2089858483,0ecaa5967403d082aa24f35e1b516d23) (ScriptedImporter) -> (artifact id: 'eb964a9e21d39123161cb1ee92312c47') in 0.0092369 seconds
Number of updated asset objects reloaded before import = 0Number of asset objects unloaded after import = 0

========================================================================
Received Import Request.
  Time since last request: 0.000070 seconds.
  path: Assets/Pure Poly/Free Low Poly Nature Pack/Prefabs/PP_Grass_15.prefab
  artifactKey: Guid(b8217b9c1183a5144b666d1dd63980c4) Importer(2089858483,0ecaa5967403d082aa24f35e1b516d23)
Start importing Assets/Pure Poly/Free Low Poly Nature Pack/Prefabs/PP_Grass_15.prefab using Guid(b8217b9c1183a5144b666d1dd63980c4) Importer(2089858483,0ecaa5967403d082aa24f35e1b516d23) (ScriptedImporter) -> (artifact id: 'f4d1e2e736ab7970ede0de7b34c32189') in 0.0173322 seconds
Number of updated asset objects reloaded before import = 0Number of asset objects unloaded after import = 9

========================================================================
Received Import Request.
  Time since last request: 0.000016 seconds.
  path: Assets/TextMesh Pro/Examples & Extras/Scenes/06 - Extra Rich Text Examples.unity
  artifactKey: Guid(39a1fa96ad2a449b908fca29d4297a74) Importer(2089858483,0ecaa5967403d082aa24f35e1b516d23)
Start importing Assets/TextMesh Pro/Examples & Extras/Scenes/06 - Extra Rich Text Examples.unity using Guid(39a1fa96ad2a449b908fca29d4297a74) Importer(2089858483,0ecaa5967403d082aa24f35e1b516d23) (ScriptedImporter) -> (artifact id: 'fc393d572446153fe14520541cd9b770') in 0.0085725 seconds
Number of updated asset objects reloaded before import = 0Number of asset objects unloaded after import = 1

========================================================================
Received Import Request.
  Time since last request: 0.000049 seconds.
  path: Assets/TextMesh Pro/Examples & Extras/Scenes/Benchmark (Floating Text).unity
  artifactKey: Guid(16177da2e3254cee91944756d5f8ddd3) Importer(2089858483,0ecaa5967403d082aa24f35e1b516d23)
Start importing Assets/TextMesh Pro/Examples & Extras/Scenes/Benchmark (Floating Text).unity using Guid(16177da2e3254cee91944756d5f8ddd3) Importer(2089858483,0ecaa5967403d082aa24f35e1b516d23) (ScriptedImporter) -> (artifact id: '15a44c4f8db72c38195ae42b553010f4') in 0.0103399 seconds
Number of updated asset objects reloaded before import = 0Number of asset objects unloaded after import = 1

========================================================================
Received Import Request.
  Time since last request: 0.000025 seconds.
  path: Assets/TextMesh Pro/Examples & Extras/Scenes/12 - Link Example.unity
  artifactKey: Guid(9747140c28254be2adc582210dfb89b8) Importer(2089858483,0ecaa5967403d082aa24f35e1b516d23)
Start importing Assets/TextMesh Pro/Examples & Extras/Scenes/12 - Link Example.unity using Guid(9747140c28254be2adc582210dfb89b8) Importer(2089858483,0ecaa5967403d082aa24f35e1b516d23) (ScriptedImporter) -> (artifact id: '08723763b7d5e23ba326ec1df3e4ead1') in 0.0083411 seconds
Number of updated asset objects reloaded before import = 0Number of asset objects unloaded after import = 1

========================================================================
Received Import Request.
  Time since last request: 0.000044 seconds.
  path: Assets/TextMesh Pro/Examples & Extras/Scripts/Benchmark04.cs
  artifactKey: Guid(dc20866c0d5e413ab7559440e15333ae) Importer(2089858483,0ecaa5967403d082aa24f35e1b516d23)
Start importing Assets/TextMesh Pro/Examples & Extras/Scripts/Benchmark04.cs using Guid(dc20866c0d5e413ab7559440e15333ae) Importer(2089858483,0ecaa5967403d082aa24f35e1b516d23) (ScriptedImporter) -> (artifact id: '7bfbd91375c6ac7ebb64bdeca3a0eae1') in 0.0105401 seconds
Number of updated asset objects reloaded before import = 0Number of asset objects unloaded after import = 0

========================================================================
Received Import Request.
  Time since last request: 0.000069 seconds.
  path: Assets/TextMesh Pro/Examples & Extras/Scripts/VertexJitter.cs
  artifactKey: Guid(2ed57967c52645d390a89dcf8f61ba73) Importer(2089858483,0ecaa5967403d082aa24f35e1b516d23)
Start importing Assets/TextMesh Pro/Examples & Extras/Scripts/VertexJitter.cs using Guid(2ed57967c52645d390a89dcf8f61ba73) Importer(2089858483,0ecaa5967403d082aa24f35e1b516d23) (ScriptedImporter) -> (artifact id: '44f20f116152b6f46969591ee722cc74') in 0.0117914 seconds
Number of updated asset objects reloaded before import = 0Number of asset objects unloaded after import = 0

========================================================================
Received Import Request.
  Time since last request: 0.000068 seconds.
  path: Assets/TextMesh Pro/Examples & Extras/Textures/Brushed Metal 3.jpg
  artifactKey: Guid(f88677df267a41d6be1e7a6133e7d227) Importer(2089858483,0ecaa5967403d082aa24f35e1b516d23)
Start importing Assets/TextMesh Pro/Examples & Extras/Textures/Brushed Metal 3.jpg using Guid(f88677df267a41d6be1e7a6133e7d227) Importer(2089858483,0ecaa5967403d082aa24f35e1b516d23) (ScriptedImporter) -> (artifact id: 'b6c64a14394a2b7e9e86e6ea6f58db4f') in 0.0232558 seconds
Number of updated asset objects reloaded before import = 0Number of asset objects unloaded after import = 1

========================================================================
Received Import Request.
  Time since last request: 0.000021 seconds.
  path: Assets/TextMesh Pro/Examples & Extras/Scripts/TMP_ExampleScript_01.cs
  artifactKey: Guid(6f2c5b59b6874405865e2616e4ec276a) Importer(2089858483,0ecaa5967403d082aa24f35e1b516d23)
Start importing Assets/TextMesh Pro/Examples & Extras/Scripts/TMP_ExampleScript_01.cs using Guid(6f2c5b59b6874405865e2616e4ec276a) Importer(2089858483,0ecaa5967403d082aa24f35e1b516d23) (ScriptedImporter) -> (artifact id: 'e98380484b28133a3d4a6ff116effc39') in 0.0106263 seconds
Number of updated asset objects reloaded before import = 0Number of asset objects unloaded after import = 0

========================================================================
Received Import Request.
  Time since last request: 0.000070 seconds.
  path: Assets/TextMesh Pro/Examples & Extras/Materials/Crate - Surface Shader Scene.mat
  artifactKey: Guid(e6b9b44320f4448d9d5e0ee634259966) Importer(2089858483,0ecaa5967403d082aa24f35e1b516d23)
Start importing Assets/TextMesh Pro/Examples & Extras/Materials/Crate - Surface Shader Scene.mat using Guid(e6b9b44320f4448d9d5e0ee634259966) Importer(2089858483,0ecaa5967403d082aa24f35e1b516d23) (ScriptedImporter) -> (artifact id: '025a4352881536376fdd1d434e984a65') in 0.021962 seconds
Number of updated asset objects reloaded before import = 0Number of asset objects unloaded after import = 3

========================================================================
Received Import Request.
  Time since last request: 0.000013 seconds.
  path: Assets/HQP STUDIOS/Rocks and Terrains Pack - Low Poly/Textures/ColorGrid.png
  artifactKey: Guid(eb2a77b0320b22042aba3e372a46cd6c) Importer(2089858483,0ecaa5967403d082aa24f35e1b516d23)
Start importing Assets/HQP STUDIOS/Rocks and Terrains Pack - Low Poly/Textures/ColorGrid.png using Guid(eb2a77b0320b22042aba3e372a46cd6c) Importer(2089858483,0ecaa5967403d082aa24f35e1b516d23) (ScriptedImporter) -> (artifact id: '53f0a55d4e7804976def7722147fddbb') in 0.0138297 seconds
Number of updated asset objects reloaded before import = 0Number of asset objects unloaded after import = 1

========================================================================
Received Import Request.
  Time since last request: 0.000046 seconds.
  path: Assets/Pure Poly/Free Low Poly Nature Pack/Prefabs/PP_Grass_11.prefab
  artifactKey: Guid(ef62619642b0df743b22dd5120c6ac4d) Importer(2089858483,0ecaa5967403d082aa24f35e1b516d23)
Start importing Assets/Pure Poly/Free Low Poly Nature Pack/Prefabs/PP_Grass_11.prefab using Guid(ef62619642b0df743b22dd5120c6ac4d) Importer(2089858483,0ecaa5967403d082aa24f35e1b516d23) (ScriptedImporter) -> (artifact id: '5af8b9f8a4f0b73cc037c0f8f32f4c41') in 0.0164927 seconds
Number of updated asset objects reloaded before import = 0Number of asset objects unloaded after import = 9

========================================================================
Received Import Request.
  Time since last request: 0.000013 seconds.
  path: Assets/Pure Poly/Free Low Poly Nature Pack/Meshes/PP_Lake_Ground_04.fbx
  artifactKey: Guid(38b178f6a1ea19f4baf761918779b712) Importer(2089858483,0ecaa5967403d082aa24f35e1b516d23)
Start importing Assets/Pure Poly/Free Low Poly Nature Pack/Meshes/PP_Lake_Ground_04.fbx using Guid(38b178f6a1ea19f4baf761918779b712) Importer(2089858483,0ecaa5967403d082aa24f35e1b516d23) (ScriptedImporter) -> (artifact id: 'ce8d3ecc2b6445f4fabcc3fbed4af162') in 0.0139719 seconds
Number of updated asset objects reloaded before import = 0Number of asset objects unloaded after import = 12

========================================================================
Received Import Request.
  Time since last request: 0.000014 seconds.
  path: Assets/Pure Poly/Free Low Poly Nature Pack/Prefabs/PP_Hyacinth_04.prefab
  artifactKey: Guid(194e9111af0c33840a49d573f2b26952) Importer(2089858483,0ecaa5967403d082aa24f35e1b516d23)
Start importing Assets/Pure Poly/Free Low Poly Nature Pack/Prefabs/PP_Hyacinth_04.prefab using Guid(194e9111af0c33840a49d573f2b26952) Importer(2089858483,0ecaa5967403d082aa24f35e1b516d23) (ScriptedImporter) -> (artifact id: 'f02f8c3187da690ee67b3bd75881787a') in 0.0188348 seconds
Number of updated asset objects reloaded before import = 0Number of asset objects unloaded after import = 9

========================================================================
Received Import Request.
  Time since last request: 0.000014 seconds.
  path: Assets/TextMesh Pro/Examples & Extras/Scenes/20 - Input Field with Scrollbar.unity
  artifactKey: Guid(337f92480dd24675aae9e79210fb1ad9) Importer(2089858483,0ecaa5967403d082aa24f35e1b516d23)
Start importing Assets/TextMesh Pro/Examples & Extras/Scenes/20 - Input Field with Scrollbar.unity using Guid(337f92480dd24675aae9e79210fb1ad9) Importer(2089858483,0ecaa5967403d082aa24f35e1b516d23) (ScriptedImporter) -> (artifact id: '3116eba1dab977e0a91162c6b0ad1180') in 0.0098923 seconds
Number of updated asset objects reloaded before import = 0Number of asset objects unloaded after import = 1

========================================================================
Received Import Request.
  Time since last request: 0.000029 seconds.
  path: Assets/TextMesh Pro/Examples & Extras/Scripts/Benchmark01.cs
  artifactKey: Guid(f970ea55f9f84bf79b05dab180b8c125) Importer(2089858483,0ecaa5967403d082aa24f35e1b516d23)
Start importing Assets/TextMesh Pro/Examples & Extras/Scripts/Benchmark01.cs using Guid(f970ea55f9f84bf79b05dab180b8c125) Importer(2089858483,0ecaa5967403d082aa24f35e1b516d23) (ScriptedImporter) -> (artifact id: 'be1628f6463ec55fa07788b5f91d6468') in 0.0087659 seconds
Number of updated asset objects reloaded before import = 0Number of asset objects unloaded after import = 0

========================================================================
Received Import Request.
  Time since last request: 0.000064 seconds.
  path: Assets/TextMesh Pro/Examples & Extras/Scripts/Benchmark02.cs
  artifactKey: Guid(e8538afcddc14efbb5d9e94b7ae50197) Importer(2089858483,0ecaa5967403d082aa24f35e1b516d23)
Start importing Assets/TextMesh Pro/Examples & Extras/Scripts/Benchmark02.cs using Guid(e8538afcddc14efbb5d9e94b7ae50197) Importer(2089858483,0ecaa5967403d082aa24f35e1b516d23) (ScriptedImporter) -> (artifact id: '103dbc725d6dff336a3cbbaa0375d689') in 0.0096951 seconds
Number of updated asset objects reloaded before import = 0Number of asset objects unloaded after import = 0

========================================================================
Received Import Request.
  Time since last request: 0.000069 seconds.
  path: Assets/Pure Poly/Free Low Poly Nature Pack/Meshes/PP_Meadow_07.fbx
  artifactKey: Guid(5d113e0df0acd474cb544e13e9327875) Importer(2089858483,0ecaa5967403d082aa24f35e1b516d23)
Start importing Assets/Pure Poly/Free Low Poly Nature Pack/Meshes/PP_Meadow_07.fbx using Guid(5d113e0df0acd474cb544e13e9327875) Importer(2089858483,0ecaa5967403d082aa24f35e1b516d23) (ScriptedImporter) -> (artifact id: '11d1df6daba34d2c7a59855d83905cbb') in 0.0141789 seconds
Number of updated asset objects reloaded before import = 0Number of asset objects unloaded after import = 7

========================================================================
Received Import Request.
  Time since last request: 0.000015 seconds.
  path: Assets/Pure Poly/Free Low Poly Nature Pack/Meshes/PP_Rock_Moss_Grown_11.fbx
  artifactKey: Guid(7ed75b99c26237b4d844c1581c5da1b2) Importer(2089858483,0ecaa5967403d082aa24f35e1b516d23)
Start importing Assets/Pure Poly/Free Low Poly Nature Pack/Meshes/PP_Rock_Moss_Grown_11.fbx using Guid(7ed75b99c26237b4d844c1581c5da1b2) Importer(2089858483,0ecaa5967403d082aa24f35e1b516d23) (ScriptedImporter) -> (artifact id: '99855d3c133b5538106e1d81ce4482a7') in 0.0157694 seconds
Number of updated asset objects reloaded before import = 0Number of asset objects unloaded after import = 7

========================================================================
Received Import Request.
  Time since last request: 0.000015 seconds.
  path: Assets/Pure Poly/Free Low Poly Nature Pack/Textures/PP_Color_Palette.png
  artifactKey: Guid(cffb506ec5b6cc94498def65473d32ed) Importer(2089858483,0ecaa5967403d082aa24f35e1b516d23)
Start importing Assets/Pure Poly/Free Low Poly Nature Pack/Textures/PP_Color_Palette.png using Guid(cffb506ec5b6cc94498def65473d32ed) Importer(2089858483,0ecaa5967403d082aa24f35e1b516d23) (ScriptedImporter) -> (artifact id: 'fee661ce0d00ae05d40a3b79fa02d87a') in 0.0142341 seconds
Number of updated asset objects reloaded before import = 0Number of asset objects unloaded after import = 1

========================================================================
Received Import Request.
  Time since last request: 0.000017 seconds.
  path: Assets/Pure Poly/Free Low Poly Nature Pack/Meshes/PP_Mushroom_Fantasy_Purple_05.fbx
  artifactKey: Guid(7259cce9d7302d44a8f8bf53cb1bc376) Importer(2089858483,0ecaa5967403d082aa24f35e1b516d23)
Start importing Assets/Pure Poly/Free Low Poly Nature Pack/Meshes/PP_Mushroom_Fantasy_Purple_05.fbx using Guid(7259cce9d7302d44a8f8bf53cb1bc376) Importer(2089858483,0ecaa5967403d082aa24f35e1b516d23) (ScriptedImporter) -> (artifact id: '5f47ad2d32d32d725c44bfda4f855731') in 0.0182977 seconds
Number of updated asset objects reloaded before import = 0Number of asset objects unloaded after import = 7

========================================================================
Received Import Request.
  Time since last request: 0.000017 seconds.
  path: Assets/Pure Poly/Free Low Poly Nature Pack/Prefabs/PP_Tree_02.prefab
  artifactKey: Guid(e133dac167ef59c40b7678ba58107c6a) Importer(2089858483,0ecaa5967403d082aa24f35e1b516d23)
Start importing Assets/Pure Poly/Free Low Poly Nature Pack/Prefabs/PP_Tree_02.prefab using Guid(e133dac167ef59c40b7678ba58107c6a) Importer(2089858483,0ecaa5967403d082aa24f35e1b516d23) (ScriptedImporter) -> (artifact id: 'bde156aaf2bc9112fb5da47bd5c6e72b') in 0.0191706 seconds
Number of updated asset objects reloaded before import = 0Number of asset objects unloaded after import = 9

========================================================================
Received Import Request.
  Time since last request: 0.000017 seconds.
  path: Assets/Pure Poly/Free Low Poly Nature Pack/Meshes/PP_Forest_Mountain_Moss_02.fbx
  artifactKey: Guid(0a4e8c0b5a685eb4394da10424e65a7a) Importer(2089858483,0ecaa5967403d082aa24f35e1b516d23)
Start importing Assets/Pure Poly/Free Low Poly Nature Pack/Meshes/PP_Forest_Mountain_Moss_02.fbx using Guid(0a4e8c0b5a685eb4394da10424e65a7a) Importer(2089858483,0ecaa5967403d082aa24f35e1b516d23) (ScriptedImporter) -> (artifact id: '518c66f0bacc7536ea84a5076e21d8a6') in 0.0170992 seconds
Number of updated asset objects reloaded before import = 0Number of asset objects unloaded after import = 7

========================================================================
Received Import Request.
  Time since last request: 0.000017 seconds.
  path: Assets/Pure Poly/Free Low Poly Nature Pack/Prefabs/PP_Daffodil_03.prefab
  artifactKey: Guid(13dd10d6717971d4ea9125d158299b1e) Importer(2089858483,0ecaa5967403d082aa24f35e1b516d23)
Start importing Assets/Pure Poly/Free Low Poly Nature Pack/Prefabs/PP_Daffodil_03.prefab using Guid(13dd10d6717971d4ea9125d158299b1e) Importer(2089858483,0ecaa5967403d082aa24f35e1b516d23) (ScriptedImporter) -> (artifact id: '6f4d06be47d9cf9b2a17c24bbcc1198e') in 0.017445 seconds
Number of updated asset objects reloaded before import = 0Number of asset objects unloaded after import = 9

========================================================================
Received Import Request.
  Time since last request: 0.000024 seconds.
  path: Assets/Pure Poly/Free Low Poly Nature Pack/Prefabs/PP_Birch_Tree_05.prefab
  artifactKey: Guid(2554008d6447a2540b44e55f0c0b576e) Importer(2089858483,0ecaa5967403d082aa24f35e1b516d23)
Start importing Assets/Pure Poly/Free Low Poly Nature Pack/Prefabs/PP_Birch_Tree_05.prefab using Guid(2554008d6447a2540b44e55f0c0b576e) Importer(2089858483,0ecaa5967403d082aa24f35e1b516d23) (ScriptedImporter) -> (artifact id: '929a1bf4bbfde08296d91581e07347d6') in 0.0220984 seconds
Number of updated asset objects reloaded before import = 0Number of asset objects unloaded after import = 9

========================================================================
Received Import Request.
  Time since last request: 0.000017 seconds.
  path: Assets/DefaceGames/Fantasy Map Assets Pack Lite/PSD Files/demo-map.psd
  artifactKey: Guid(49e16b4b50c92694f961677f0c2c06c4) Importer(2089858483,0ecaa5967403d082aa24f35e1b516d23)
Start importing Assets/DefaceGames/Fantasy Map Assets Pack Lite/PSD Files/demo-map.psd using Guid(49e16b4b50c92694f961677f0c2c06c4) Importer(2089858483,0ecaa5967403d082aa24f35e1b516d23) (ScriptedImporter) -> (artifact id: '24ff82c5b6e7515d1c7e3834b10df925') in 0.0184174 seconds
Number of updated asset objects reloaded before import = 0Number of asset objects unloaded after import = 1

========================================================================
Received Import Request.
  Time since last request: 0.000019 seconds.
  path: Assets/Pure Poly/Free Low Poly Nature Pack/Meshes/PP_Tree_02.fbx
  artifactKey: Guid(c6b568bf9e55de141add501b8cd2a0e9) Importer(2089858483,0ecaa5967403d082aa24f35e1b516d23)
Start importing Assets/Pure Poly/Free Low Poly Nature Pack/Meshes/PP_Tree_02.fbx using Guid(c6b568bf9e55de141add501b8cd2a0e9) Importer(2089858483,0ecaa5967403d082aa24f35e1b516d23) (ScriptedImporter) -> (artifact id: 'df99d1407dba67c680dab1061796a200') in 0.015413 seconds
Number of updated asset objects reloaded before import = 0Number of asset objects unloaded after import = 7

========================================================================
Received Import Request.
  Time since last request: 0.000016 seconds.
  path: Assets/TextMesh Pro/Examples & Extras/Scenes/23 - Animating Vertex Attributes.unity
  artifactKey: Guid(54e994244b4b467e8583cf2da6dcc716) Importer(2089858483,0ecaa5967403d082aa24f35e1b516d23)
Start importing Assets/TextMesh Pro/Examples & Extras/Scenes/23 - Animating Vertex Attributes.unity using Guid(54e994244b4b467e8583cf2da6dcc716) Importer(2089858483,0ecaa5967403d082aa24f35e1b516d23) (ScriptedImporter) -> (artifact id: 'd484fe8f3e88cb5ed32574bc3e41cdb5') in 0.0093027 seconds
Number of updated asset objects reloaded before import = 0Number of asset objects unloaded after import = 1

========================================================================
Received Import Request.
  Time since last request: 0.000047 seconds.
  path: Assets/Pure Poly/Free Low Poly Nature Pack/Meshes/PP_Birch_Tree_05.fbx
  artifactKey: Guid(d721af70c8ba1ab4daa81f30de0dbb54) Importer(2089858483,0ecaa5967403d082aa24f35e1b516d23)
Start importing Assets/Pure Poly/Free Low Poly Nature Pack/Meshes/PP_Birch_Tree_05.fbx using Guid(d721af70c8ba1ab4daa81f30de0dbb54) Importer(2089858483,0ecaa5967403d082aa24f35e1b516d23) (ScriptedImporter) -> (artifact id: 'c847833efca5469dc5c9c931d2f7a7ab') in 0.0150158 seconds
Number of updated asset objects reloaded before import = 0Number of asset objects unloaded after import = 7

========================================================================
Received Import Request.
  Time since last request: 0.000016 seconds.
  path: Assets/LowPolyMedievalPropsLite/Prefabs/FX/FX_Fire_01.prefab
  artifactKey: Guid(93d1b88863b5d6e4f8bd41fd97feb859) Importer(2089858483,0ecaa5967403d082aa24f35e1b516d23)
Start importing Assets/LowPolyMedievalPropsLite/Prefabs/FX/FX_Fire_01.prefab using Guid(93d1b88863b5d6e4f8bd41fd97feb859) Importer(2089858483,0ecaa5967403d082aa24f35e1b516d23) (ScriptedImporter) -> (artifact id: 'f419d10fd60c12c409ada684066ab26a') in 0.054336 seconds
Number of updated asset objects reloaded before import = 0Number of asset objects unloaded after import = 10

========================================================================
Received Import Request.
  Time since last request: 0.000015 seconds.
  path: Assets/TextMesh Pro/Examples & Extras/Textures/Floor Cement.jpg
  artifactKey: Guid(283f897e4925411ebbaa758b4cb13fc2) Importer(2089858483,0ecaa5967403d082aa24f35e1b516d23)
Start importing Assets/TextMesh Pro/Examples & Extras/Textures/Floor Cement.jpg using Guid(283f897e4925411ebbaa758b4cb13fc2) Importer(2089858483,0ecaa5967403d082aa24f35e1b516d23) (ScriptedImporter) -> (artifact id: 'd6a9cf482eaa168eb0254ef24a0b50fd') in 0.0200314 seconds
Number of updated asset objects reloaded before import = 0Number of asset objects unloaded after import = 1

========================================================================
Received Import Request.
  Time since last request: 0.000029 seconds.
  path: Assets/TextMesh Pro/Examples & Extras/Scenes/18 - ScrollRect & Masking & Layout.unity
  artifactKey: Guid(03f9d74cec8e4b94a29d2dfd177c821b) Importer(2089858483,0ecaa5967403d082aa24f35e1b516d23)
Start importing Assets/TextMesh Pro/Examples & Extras/Scenes/18 - ScrollRect & Masking & Layout.unity using Guid(03f9d74cec8e4b94a29d2dfd177c821b) Importer(2089858483,0ecaa5967403d082aa24f35e1b516d23) (ScriptedImporter) -> (artifact id: '4c0a76f270d84f6f81c42803e7344bd1') in 0.0097456 seconds
Number of updated asset objects reloaded before import = 0Number of asset objects unloaded after import = 1

========================================================================
Received Import Request.
  Time since last request: 0.000029 seconds.
  path: Assets/Pure Poly/Free Low Poly Nature Pack/Materials/PP_Standard_Material.mat
  artifactKey: Guid(0799a1e95665ef14f8fe2cbcd4ba3dc4) Importer(2089858483,0ecaa5967403d082aa24f35e1b516d23)
Start importing Assets/Pure Poly/Free Low Poly Nature Pack/Materials/PP_Standard_Material.mat using Guid(0799a1e95665ef14f8fe2cbcd4ba3dc4) Importer(2089858483,0ecaa5967403d082aa24f35e1b516d23) (ScriptedImporter) -> (artifact id: '633d55b2d292f751eef4dfb9d20cae86') in 0.0115515 seconds
Number of updated asset objects reloaded before import = 0Number of asset objects unloaded after import = 2

========================================================================
Received Import Request.
  Time since last request: 0.000019 seconds.
  path: Assets/Pure Poly/Free Low Poly Nature Pack/Prefabs/PP_Meadow_Path_05.prefab
  artifactKey: Guid(d5b8de414112a004a82d0437b5f7a780) Importer(2089858483,0ecaa5967403d082aa24f35e1b516d23)
Start importing Assets/Pure Poly/Free Low Poly Nature Pack/Prefabs/PP_Meadow_Path_05.prefab using Guid(d5b8de414112a004a82d0437b5f7a780) Importer(2089858483,0ecaa5967403d082aa24f35e1b516d23) (ScriptedImporter) -> (artifact id: 'a03540220c12e73f2dbb2f611b6f673f') in 0.0197019 seconds
Number of updated asset objects reloaded before import = 0Number of asset objects unloaded after import = 9

========================================================================
Received Import Request.
  Time since last request: 0.000013 seconds.
  path: Assets/TextMesh Pro/Examples & Extras/Scenes/25 - Sunny Days Example.unity
  artifactKey: Guid(f9b4c22e15cff344ba9fc6542a58dd07) Importer(2089858483,0ecaa5967403d082aa24f35e1b516d23)
Start importing Assets/TextMesh Pro/Examples & Extras/Scenes/25 - Sunny Days Example.unity using Guid(f9b4c22e15cff344ba9fc6542a58dd07) Importer(2089858483,0ecaa5967403d082aa24f35e1b516d23) (ScriptedImporter) -> (artifact id: 'b6f55623c8c9f99d24b8ff56938e809c') in 0.0103251 seconds
Number of updated asset objects reloaded before import = 0Number of asset objects unloaded after import = 1

========================================================================
Received Import Request.
  Time since last request: 0.000020 seconds.
  path: Assets/Pure Poly/Free Low Poly Nature Pack/Prefabs/PP_Forest_Mountain_Moss_02.prefab
  artifactKey: Guid(034023ff02a37fc47aab6bc6c49bf15b) Importer(2089858483,0ecaa5967403d082aa24f35e1b516d23)
Start importing Assets/Pure Poly/Free Low Poly Nature Pack/Prefabs/PP_Forest_Mountain_Moss_02.prefab using Guid(034023ff02a37fc47aab6bc6c49bf15b) Importer(2089858483,0ecaa5967403d082aa24f35e1b516d23) (ScriptedImporter) -> (artifact id: '57a3f03bb6e2a54ba62c54ed27fc1708') in 0.0186657 seconds
Number of updated asset objects reloaded before import = 0Number of asset objects unloaded after import = 9

========================================================================
Received Import Request.
  Time since last request: 0.000025 seconds.
  path: Assets/Pure Poly/Free Low Poly Nature Pack/Meshes/PP_Mushroom_Fantasy_Orange_09.fbx
  artifactKey: Guid(43f6c6253561ce74b9f993709176caff) Importer(2089858483,0ecaa5967403d082aa24f35e1b516d23)
Start importing Assets/Pure Poly/Free Low Poly Nature Pack/Meshes/PP_Mushroom_Fantasy_Orange_09.fbx using Guid(43f6c6253561ce74b9f993709176caff) Importer(2089858483,0ecaa5967403d082aa24f35e1b516d23) (ScriptedImporter) -> (artifact id: '6efa9b066be2bb9cb2f5965aebb8079a') in 0.0183131 seconds
Number of updated asset objects reloaded before import = 0Number of asset objects unloaded after import = 7

========================================================================
Received Import Request.
  Time since last request: 0.000016 seconds.
  path: Assets/Pure Poly/Free Low Poly Nature Pack/Meshes/PP_Grass_11.fbx
  artifactKey: Guid(b50dd34feb8fa1b4fa5aa0a7d2271066) Importer(2089858483,0ecaa5967403d082aa24f35e1b516d23)
Start importing Assets/Pure Poly/Free Low Poly Nature Pack/Meshes/PP_Grass_11.fbx using Guid(b50dd34feb8fa1b4fa5aa0a7d2271066) Importer(2089858483,0ecaa5967403d082aa24f35e1b516d23) (ScriptedImporter) -> (artifact id: '6696e88c5aa5f11dd7556b6c0f3b20a0') in 0.0168939 seconds
Number of updated asset objects reloaded before import = 0Number of asset objects unloaded after import = 7

========================================================================
Received Import Request.
  Time since last request: 0.000021 seconds.
  path: Assets/TextMesh Pro/Examples & Extras/Fonts/Roboto-Bold.ttf
  artifactKey: Guid(4beb055f07aaff244873dec698d0363e) Importer(2089858483,0ecaa5967403d082aa24f35e1b516d23)
Start importing Assets/TextMesh Pro/Examples & Extras/Fonts/Roboto-Bold.ttf using Guid(4beb055f07aaff244873dec698d0363e) Importer(2089858483,0ecaa5967403d082aa24f35e1b516d23) (ScriptedImporter) -> (artifact id: '274130a0ab3463e76c74579bc2fc8cdc') in 0.0107353 seconds
Number of updated asset objects reloaded before import = 0Number of asset objects unloaded after import = 3

========================================================================
Received Import Request.
  Time since last request: 0.000016 seconds.
  path: Assets/Pure Poly/Free Low Poly Nature Pack/Meshes/PP_Forest_Mountain_Moss_01.fbx
  artifactKey: Guid(d818648c1b009ab48a03dbcc4ae09583) Importer(2089858483,0ecaa5967403d082aa24f35e1b516d23)
Start importing Assets/Pure Poly/Free Low Poly Nature Pack/Meshes/PP_Forest_Mountain_Moss_01.fbx using Guid(d818648c1b009ab48a03dbcc4ae09583) Importer(2089858483,0ecaa5967403d082aa24f35e1b516d23) (ScriptedImporter) -> (artifact id: '927ab66a080004e28d20bc87c213d01f') in 0.0175682 seconds
Number of updated asset objects reloaded before import = 0Number of asset objects unloaded after import = 7

========================================================================
Received Import Request.
  Time since last request: 0.000016 seconds.
  path: Assets/TextMesh Pro/Examples & Extras/Prefabs/Text Popup.prefab
  artifactKey: Guid(b06f0e6c1dfa4356ac918da1bb32c603) Importer(2089858483,0ecaa5967403d082aa24f35e1b516d23)
Start importing Assets/TextMesh Pro/Examples & Extras/Prefabs/Text Popup.prefab using Guid(b06f0e6c1dfa4356ac918da1bb32c603) Importer(2089858483,0ecaa5967403d082aa24f35e1b516d23) (ScriptedImporter) -> (artifact id: 'e1792f9b2d0f4b27f00ff24ac42f0815') in 0.0355729 seconds
Number of updated asset objects reloaded before import = 0Number of asset objects unloaded after import = 21

========================================================================
Received Import Request.
  Time since last request: 0.000013 seconds.
  path: Assets/TextMesh Pro/Examples & Extras/Fonts/Roboto-Bold - AFL.txt
  artifactKey: Guid(f28c334d44214474d9702d3ad79ecb0a) Importer(2089858483,0ecaa5967403d082aa24f35e1b516d23)
Start importing Assets/TextMesh Pro/Examples & Extras/Fonts/Roboto-Bold - AFL.txt using Guid(f28c334d44214474d9702d3ad79ecb0a) Importer(2089858483,0ecaa5967403d082aa24f35e1b516d23) (ScriptedImporter) -> (artifact id: 'a52f595c7089ecdd151f4ee55fe030f6') in 0.0087928 seconds
Number of updated asset objects reloaded before import = 0Number of asset objects unloaded after import = 1

========================================================================
Received Import Request.
  Time since last request: 0.000029 seconds.
  path: Assets/TextMesh Pro/Examples & Extras/Scenes/21 - Script Example.unity
  artifactKey: Guid(50f52f9274434ecfb34dd87f0836f323) Importer(2089858483,0ecaa5967403d082aa24f35e1b516d23)
Start importing Assets/TextMesh Pro/Examples & Extras/Scenes/21 - Script Example.unity using Guid(50f52f9274434ecfb34dd87f0836f323) Importer(2089858483,0ecaa5967403d082aa24f35e1b516d23) (ScriptedImporter) -> (artifact id: 'c8e2f075ac761604113bb341527ab130') in 0.0081275 seconds
Number of updated asset objects reloaded before import = 0Number of asset objects unloaded after import = 1

========================================================================
Received Import Request.
  Time since last request: 0.000071 seconds.
  path: Assets/Pure Poly/Free Low Poly Nature Pack/Prefabs/PP_Sunflower_04.prefab
  artifactKey: Guid(18bb023d75a113f4cb8d1452371f5c0e) Importer(2089858483,0ecaa5967403d082aa24f35e1b516d23)
Start importing Assets/Pure Poly/Free Low Poly Nature Pack/Prefabs/PP_Sunflower_04.prefab using Guid(18bb023d75a113f4cb8d1452371f5c0e) Importer(2089858483,0ecaa5967403d082aa24f35e1b516d23) (ScriptedImporter) -> (artifact id: '1ec0872756a104b8efb201ec97ef38bc') in 0.0174294 seconds
Number of updated asset objects reloaded before import = 0Number of asset objects unloaded after import = 9

========================================================================
Received Import Request.
  Time since last request: 0.000013 seconds.
  path: Assets/TextMesh Pro/Examples & Extras/Textures/Fruit Jelly (B&W).jpg
  artifactKey: Guid(1cdc5b506b1a4a33a53c30669ced1f51) Importer(2089858483,0ecaa5967403d082aa24f35e1b516d23)
Start importing Assets/TextMesh Pro/Examples & Extras/Textures/Fruit Jelly (B&W).jpg using Guid(1cdc5b506b1a4a33a53c30669ced1f51) Importer(2089858483,0ecaa5967403d082aa24f35e1b516d23) (ScriptedImporter) -> (artifact id: 'b7ab6021db803f174b0e06e0f00d45d0') in 0.0148412 seconds
Number of updated asset objects reloaded before import = 0Number of asset objects unloaded after import = 1

========================================================================
Received Import Request.
  Time since last request: 0.000014 seconds.
  path: Assets/TextMesh Pro/Examples & Extras/Materials/Ground - URP.mat
  artifactKey: Guid(71529b88994c1a341b22bc57c038674a) Importer(2089858483,0ecaa5967403d082aa24f35e1b516d23)
Start importing Assets/TextMesh Pro/Examples & Extras/Materials/Ground - URP.mat using Guid(71529b88994c1a341b22bc57c038674a) Importer(2089858483,0ecaa5967403d082aa24f35e1b516d23) (ScriptedImporter) -> (artifact id: '5cf3e308003c77784a993c941a8ac1fd') in 0.0118497 seconds
Number of updated asset objects reloaded before import = 0Number of asset objects unloaded after import = 1

========================================================================
Received Import Request.
  Time since last request: 0.000016 seconds.
  path: Assets/TextMesh Pro/Examples & Extras/Scenes/05 - Style Tags.unity
  artifactKey: Guid(70615243e2be4a81afaab9bf5d273d65) Importer(2089858483,0ecaa5967403d082aa24f35e1b516d23)
Start importing Assets/TextMesh Pro/Examples & Extras/Scenes/05 - Style Tags.unity using Guid(70615243e2be4a81afaab9bf5d273d65) Importer(2089858483,0ecaa5967403d082aa24f35e1b516d23) (ScriptedImporter) -> (artifact id: '1c2b41456c87ffbc2322337d252cc173') in 0.0091448 seconds
Number of updated asset objects reloaded before import = 0Number of asset objects unloaded after import = 1

========================================================================
Received Import Request.
  Time since last request: 0.000032 seconds.
  path: Assets/Pure Poly/Free Low Poly Nature Pack/Meshes/PP_Tree_10.fbx
  artifactKey: Guid(a3ccb41ae53c6bf4bb0a5bfc470bf069) Importer(2089858483,0ecaa5967403d082aa24f35e1b516d23)
Start importing Assets/Pure Poly/Free Low Poly Nature Pack/Meshes/PP_Tree_10.fbx using Guid(a3ccb41ae53c6bf4bb0a5bfc470bf069) Importer(2089858483,0ecaa5967403d082aa24f35e1b516d23) (ScriptedImporter) -> (artifact id: 'f318cb32935cfebb436a6a83282dc75f') in 0.0145874 seconds
Number of updated asset objects reloaded before import = 0Number of asset objects unloaded after import = 7

========================================================================
Received Import Request.
  Time since last request: 0.000014 seconds.
  path: Assets/DefaceGames/Fantasy Map Assets Pack Lite/Photoshop Assets/Skymon Waves Brushes.abr
  artifactKey: Guid(42f66cef917701149a95b97e90769f8c) Importer(2089858483,0ecaa5967403d082aa24f35e1b516d23)
Start importing Assets/DefaceGames/Fantasy Map Assets Pack Lite/Photoshop Assets/Skymon Waves Brushes.abr using Guid(42f66cef917701149a95b97e90769f8c) Importer(2089858483,0ecaa5967403d082aa24f35e1b516d23) (ScriptedImporter) -> (artifact id: 'e0c3ce0c0c18e853427d8a2efe62f147') in 0.0076026 seconds
Number of updated asset objects reloaded before import = 0Number of asset objects unloaded after import = 1

========================================================================
Received Import Request.
  Time since last request: 0.000044 seconds.
  path: Assets/Pure Poly/Free Low Poly Nature Pack/Prefabs/PP_Birch_Tree_06.prefab
  artifactKey: Guid(a2bd798ea40c7e341aa61ad124d95342) Importer(2089858483,0ecaa5967403d082aa24f35e1b516d23)
Start importing Assets/Pure Poly/Free Low Poly Nature Pack/Prefabs/PP_Birch_Tree_06.prefab using Guid(a2bd798ea40c7e341aa61ad124d95342) Importer(2089858483,0ecaa5967403d082aa24f35e1b516d23) (ScriptedImporter) -> (artifact id: 'dd1a47932ec8ecbbe58e6938c5b88b07') in 0.012168 seconds
Number of updated asset objects reloaded before import = 0Number of asset objects unloaded after import = 9

========================================================================
Received Import Request.
  Time since last request: 0.000019 seconds.
  path: Assets/TextMesh Pro/Examples & Extras/Scenes/16 - Linked text overflow mode example.unity
  artifactKey: Guid(9442cda25baa4a0bb544c4d095b00caa) Importer(2089858483,0ecaa5967403d082aa24f35e1b516d23)
Start importing Assets/TextMesh Pro/Examples & Extras/Scenes/16 - Linked text overflow mode example.unity using Guid(9442cda25baa4a0bb544c4d095b00caa) Importer(2089858483,0ecaa5967403d082aa24f35e1b516d23) (ScriptedImporter) -> (artifact id: '685c9ddd6c6c424ff4f8309d07501c79') in 0.0079819 seconds
Number of updated asset objects reloaded before import = 0Number of asset objects unloaded after import = 1

========================================================================
Received Import Request.
  Time since last request: 0.000043 seconds.
  path: Assets/TextMesh Pro/Examples & Extras/Scenes/01-  Single Line TextMesh Pro.unity
  artifactKey: Guid(2ac8cf212df6445e8aebbe3cb832e993) Importer(2089858483,0ecaa5967403d082aa24f35e1b516d23)
Start importing Assets/TextMesh Pro/Examples & Extras/Scenes/01-  Single Line TextMesh Pro.unity using Guid(2ac8cf212df6445e8aebbe3cb832e993) Importer(2089858483,0ecaa5967403d082aa24f35e1b516d23) (ScriptedImporter) -> (artifact id: '6416c942285e276cfecf3b68751cc9ce') in 0.0106045 seconds
Number of updated asset objects reloaded before import = 0Number of asset objects unloaded after import = 1

========================================================================
Received Import Request.
  Time since last request: 0.000043 seconds.
  path: Assets/TextMesh Pro/Examples & Extras/Scenes/04 - Word Wrapping.unity
  artifactKey: Guid(8f7137eacd7042d5b17ef0efe5e744f5) Importer(2089858483,0ecaa5967403d082aa24f35e1b516d23)
Start importing Assets/TextMesh Pro/Examples & Extras/Scenes/04 - Word Wrapping.unity using Guid(8f7137eacd7042d5b17ef0efe5e744f5) Importer(2089858483,0ecaa5967403d082aa24f35e1b516d23) (ScriptedImporter) -> (artifact id: 'e2a20a70362147b557af7c6d3251cf78') in 0.0080382 seconds
Number of updated asset objects reloaded before import = 0Number of asset objects unloaded after import = 1

========================================================================
Received Import Request.
  Time since last request: 0.000055 seconds.
  path: Assets/Pure Poly/Free Low Poly Nature Pack/Meshes/PP_Mushroom_Fantasy_Purple_08.fbx
  artifactKey: Guid(6aac2ae04e9a93646918391471e1a564) Importer(2089858483,0ecaa5967403d082aa24f35e1b516d23)
Start importing Assets/Pure Poly/Free Low Poly Nature Pack/Meshes/PP_Mushroom_Fantasy_Purple_08.fbx using Guid(6aac2ae04e9a93646918391471e1a564) Importer(2089858483,0ecaa5967403d082aa24f35e1b516d23) (ScriptedImporter) -> (artifact id: '7259a7541f3e417e12fc005dbdf0ae91') in 0.0130962 seconds
Number of updated asset objects reloaded before import = 0Number of asset objects unloaded after import = 7

========================================================================
Received Import Request.
  Time since last request: 0.000014 seconds.
  path: Assets/TextMesh Pro/Examples & Extras/Scripts/TMP_TextEventHandler.cs
  artifactKey: Guid(1312ae25639a4bae8e25ae223209cc50) Importer(2089858483,0ecaa5967403d082aa24f35e1b516d23)
Start importing Assets/TextMesh Pro/Examples & Extras/Scripts/TMP_TextEventHandler.cs using Guid(1312ae25639a4bae8e25ae223209cc50) Importer(2089858483,0ecaa5967403d082aa24f35e1b516d23) (ScriptedImporter) -> (artifact id: 'afdbd030a72669ec127b4b97561d65b5') in 0.0097909 seconds
Number of updated asset objects reloaded before import = 0Number of asset objects unloaded after import = 0

========================================================================
Received Import Request.
  Time since last request: 0.000072 seconds.
  path: Assets/TextMesh Pro/Examples & Extras/Scripts/SkewTextExample.cs
  artifactKey: Guid(d412675cfb3441efa3bf8dcd9b7624dc) Importer(2089858483,0ecaa5967403d082aa24f35e1b516d23)
Start importing Assets/TextMesh Pro/Examples & Extras/Scripts/SkewTextExample.cs using Guid(d412675cfb3441efa3bf8dcd9b7624dc) Importer(2089858483,0ecaa5967403d082aa24f35e1b516d23) (ScriptedImporter) -> (artifact id: '599ca81154f9b54b0d41f1401cabb629') in 0.0099385 seconds
Number of updated asset objects reloaded before import = 0Number of asset objects unloaded after import = 0

========================================================================
Received Import Request.
  Time since last request: 0.000066 seconds.
  path: Assets/TextMesh Pro/Examples & Extras/Scripts/VertexColorCycler.cs
  artifactKey: Guid(91b8ba3d52e041fab2d0e0f169855539) Importer(2089858483,0ecaa5967403d082aa24f35e1b516d23)
Start importing Assets/TextMesh Pro/Examples & Extras/Scripts/VertexColorCycler.cs using Guid(91b8ba3d52e041fab2d0e0f169855539) Importer(2089858483,0ecaa5967403d082aa24f35e1b516d23) (ScriptedImporter) -> (artifact id: 'c6221196ff0038ae65bd49de8c29c486') in 0.0127082 seconds
Number of updated asset objects reloaded before import = 0Number of asset objects unloaded after import = 0

========================================================================
Received Import Request.
  Time since last request: 0.000110 seconds.
  path: Assets/TextMesh Pro/Examples & Extras/Scripts/VertexZoom.cs
  artifactKey: Guid(52ec835d14bd486f900952b77698b7eb) Importer(2089858483,0ecaa5967403d082aa24f35e1b516d23)
Start importing Assets/TextMesh Pro/Examples & Extras/Scripts/VertexZoom.cs using Guid(52ec835d14bd486f900952b77698b7eb) Importer(2089858483,0ecaa5967403d082aa24f35e1b516d23) (ScriptedImporter) -> (artifact id: '313d9cb13840c325d25b0195b669d362') in 0.0114505 seconds
Number of updated asset objects reloaded before import = 0Number of asset objects unloaded after import = 0

========================================================================
Received Import Request.
  Time since last request: 0.130250 seconds.
  path: Assets/TextMesh Pro/Examples & Extras/Textures/Gradient Horizontal (Color).jpg
  artifactKey: Guid(6eb184de103d4b3f812b38561065192f) Importer(2089858483,0ecaa5967403d082aa24f35e1b516d23)
Start importing Assets/TextMesh Pro/Examples & Extras/Textures/Gradient Horizontal (Color).jpg using Guid(6eb184de103d4b3f812b38561065192f) Importer(2089858483,0ecaa5967403d082aa24f35e1b516d23) (ScriptedImporter) -> (artifact id: '70ca2bf29f4b7b51d60fabed18b5cc7f') in 0.0218879 seconds
Number of updated asset objects reloaded before import = 0Number of asset objects unloaded after import = 1

========================================================================
Received Import Request.
  Time since last request: 0.000064 seconds.
  path: Assets/TextMesh Pro/Examples & Extras/Resources/Fonts & Materials/Unity SDF.asset
  artifactKey: Guid(c9adb1f542a93ae489bacfeae21e8394) Importer(2089858483,0ecaa5967403d082aa24f35e1b516d23)
Start importing Assets/TextMesh Pro/Examples & Extras/Resources/Fonts & Materials/Unity SDF.asset using Guid(c9adb1f542a93ae489bacfeae21e8394) Importer(2089858483,0ecaa5967403d082aa24f35e1b516d23) (ScriptedImporter) -> (artifact id: 'ae72b32980fed9a9db7fe70379ea70ec') in 0.0244778 seconds
Number of updated asset objects reloaded before import = 0Number of asset objects unloaded after import = 3

========================================================================
Received Import Request.
  Time since last request: 0.000017 seconds.
  path: Assets/DefaceGames/Fantasy Map Assets Pack Lite/Assets/buildings-black/home solid.png
  artifactKey: Guid(4ddc3555fdfb70c4882d4438c40d085a) Importer(2089858483,0ecaa5967403d082aa24f35e1b516d23)
Start importing Assets/DefaceGames/Fantasy Map Assets Pack Lite/Assets/buildings-black/home solid.png using Guid(4ddc3555fdfb70c4882d4438c40d085a) Importer(2089858483,0ecaa5967403d082aa24f35e1b516d23) (ScriptedImporter) -> (artifact id: '4f91da097278ddde885860eb9c2d5f5d') in 0.0244484 seconds
Number of updated asset objects reloaded before import = 0Number of asset objects unloaded after import = 3

========================================================================
Received Import Request.
  Time since last request: 0.000016 seconds.
  path: Assets/HQP STUDIOS/Rocks and Terrains Pack - Low Poly/Models/Clouds/Cloud_02.fbx
  artifactKey: Guid(ca23fdf61fd743b489c80202311ef6aa) Importer(2089858483,0ecaa5967403d082aa24f35e1b516d23)
Start importing Assets/HQP STUDIOS/Rocks and Terrains Pack - Low Poly/Models/Clouds/Cloud_02.fbx using Guid(ca23fdf61fd743b489c80202311ef6aa) Importer(2089858483,0ecaa5967403d082aa24f35e1b516d23) (ScriptedImporter) -> (artifact id: '8a77564b1e17fe3058ad034d459234bf') in 0.0177856 seconds
Number of updated asset objects reloaded before import = 0Number of asset objects unloaded after import = 9

========================================================================
Received Import Request.
  Time since last request: 0.000014 seconds.
  path: Assets/HQP STUDIOS/Rocks and Terrains Pack - Low Poly/Models/Rocks/Block Rocks/Moss Block Rocks/Block_Moss_Rock_38.fbx
  artifactKey: Guid(01ee94a56fcf76d4fb6c33e1e62c2969) Importer(2089858483,0ecaa5967403d082aa24f35e1b516d23)
Start importing Assets/HQP STUDIOS/Rocks and Terrains Pack - Low Poly/Models/Rocks/Block Rocks/Moss Block Rocks/Block_Moss_Rock_38.fbx using Guid(01ee94a56fcf76d4fb6c33e1e62c2969) Importer(2089858483,0ecaa5967403d082aa24f35e1b516d23) (ScriptedImporter) -> (artifact id: 'b045c5c459c508840cd8b849f6a2bc27') in 0.0194429 seconds
Number of updated asset objects reloaded before import = 0Number of asset objects unloaded after import = 9

========================================================================
Received Import Request.
  Time since last request: 0.000015 seconds.
  path: Assets/HQP STUDIOS/Rocks and Terrains Pack - Low Poly/Models/Rocks/Block Rocks/Block Rocks/Block_Rock_14.fbx
  artifactKey: Guid(f2ac964844778034c90241c43ad47417) Importer(2089858483,0ecaa5967403d082aa24f35e1b516d23)
Start importing Assets/HQP STUDIOS/Rocks and Terrains Pack - Low Poly/Models/Rocks/Block Rocks/Block Rocks/Block_Rock_14.fbx using Guid(f2ac964844778034c90241c43ad47417) Importer(2089858483,0ecaa5967403d082aa24f35e1b516d23) (ScriptedImporter) -> (artifact id: '01666b8ad68f113c5e03c0e1d88603bd') in 0.0136573 seconds
Number of updated asset objects reloaded before import = 0Number of asset objects unloaded after import = 9

========================================================================
Received Import Request.
  Time since last request: 0.000013 seconds.
  path: Assets/HQP STUDIOS/Rocks and Terrains Pack - Low Poly/Models/Rocks/Block Rocks/Block Rocks/Block_Rock_7.fbx
  artifactKey: Guid(a4e519f6583f63b429b610ed782d6a55) Importer(2089858483,0ecaa5967403d082aa24f35e1b516d23)
Start importing Assets/HQP STUDIOS/Rocks and Terrains Pack - Low Poly/Models/Rocks/Block Rocks/Block Rocks/Block_Rock_7.fbx using Guid(a4e519f6583f63b429b610ed782d6a55) Importer(2089858483,0ecaa5967403d082aa24f35e1b516d23) (ScriptedImporter) -> (artifact id: '48848898a4fbf411f560fdd6ca2d97fd') in 0.0187682 seconds
Number of updated asset objects reloaded before import = 0Number of asset objects unloaded after import = 9

========================================================================
Received Import Request.
  Time since last request: 0.000018 seconds.
  path: Assets/TextMesh Pro/Examples & Extras/Textures/Wipe Pattern - Diagonal.psd
  artifactKey: Guid(ed5290d8df18488780e2996b9b882f01) Importer(2089858483,0ecaa5967403d082aa24f35e1b516d23)
Start importing Assets/TextMesh Pro/Examples & Extras/Textures/Wipe Pattern - Diagonal.psd using Guid(ed5290d8df18488780e2996b9b882f01) Importer(2089858483,0ecaa5967403d082aa24f35e1b516d23) (ScriptedImporter) -> (artifact id: '41aff9cfdc9f94a81867ca0667a10178') in 0.0218771 seconds
Number of updated asset objects reloaded before import = 0Number of asset objects unloaded after import = 1

========================================================================
Received Import Request.
  Time since last request: 0.000017 seconds.
  path: Assets/Whaleride/Hand Painted Rocks Road (Blocky)/Materials/road_rocks_blocky.mat
  artifactKey: Guid(cafc9061f099046478914e5d9f965271) Importer(2089858483,0ecaa5967403d082aa24f35e1b516d23)
Start importing Assets/Whaleride/Hand Painted Rocks Road (Blocky)/Materials/road_rocks_blocky.mat using Guid(cafc9061f099046478914e5d9f965271) Importer(2089858483,0ecaa5967403d082aa24f35e1b516d23) (ScriptedImporter) -> (artifact id: 'e79f60988ff286b04be302aeff02c819') in 0.012176 seconds
Number of updated asset objects reloaded before import = 0Number of asset objects unloaded after import = 2

========================================================================
Received Import Request.
  Time since last request: 0.000017 seconds.
  path: Assets/HQP STUDIOS/Rocks and Terrains Pack - Low Poly/Models/Rocks/Block Rocks/Block Rocks/Block_Rock_13.fbx
  artifactKey: Guid(16d95c78e59cad44e8c428704231ecac) Importer(2089858483,0ecaa5967403d082aa24f35e1b516d23)
Start importing Assets/HQP STUDIOS/Rocks and Terrains Pack - Low Poly/Models/Rocks/Block Rocks/Block Rocks/Block_Rock_13.fbx using Guid(16d95c78e59cad44e8c428704231ecac) Importer(2089858483,0ecaa5967403d082aa24f35e1b516d23) (ScriptedImporter) -> (artifact id: '7db23984019f06d14f25ebd04454a2b2') in 0.0162302 seconds
Number of updated asset objects reloaded before import = 0Number of asset objects unloaded after import = 9

========================================================================
Received Import Request.
  Time since last request: 0.000014 seconds.
  path: Assets/TextMesh Pro/Examples & Extras/Resources/Sprite Assets/Default Sprite Asset.asset
  artifactKey: Guid(fbef3c704dce48f08a44612d6c856c8d) Importer(2089858483,0ecaa5967403d082aa24f35e1b516d23)
Start importing Assets/TextMesh Pro/Examples & Extras/Resources/Sprite Assets/Default Sprite Asset.asset using Guid(fbef3c704dce48f08a44612d6c856c8d) Importer(2089858483,0ecaa5967403d082aa24f35e1b516d23) (ScriptedImporter) -> (artifact id: 'd0c46448521afa2c6be6d7b61b4b8833') in 0.01288 seconds
Number of updated asset objects reloaded before import = 0Number of asset objects unloaded after import = 3

========================================================================
Received Import Request.
  Time since last request: 0.000016 seconds.
  path: Assets/HQP STUDIOS/Rocks and Terrains Pack - Low Poly/Models/Rocks/Block Rocks/Block Rocks/Block_Rock_12.fbx
  artifactKey: Guid(dcae95948252f5a41abc149f0c73063f) Importer(2089858483,0ecaa5967403d082aa24f35e1b516d23)
Start importing Assets/HQP STUDIOS/Rocks and Terrains Pack - Low Poly/Models/Rocks/Block Rocks/Block Rocks/Block_Rock_12.fbx using Guid(dcae95948252f5a41abc149f0c73063f) Importer(2089858483,0ecaa5967403d082aa24f35e1b516d23) (ScriptedImporter) -> (artifact id: '4ca5c972e73c181923d5345166699dcc') in 0.0141418 seconds
Number of updated asset objects reloaded before import = 0Number of asset objects unloaded after import = 9

========================================================================
Received Import Request.
  Time since last request: 0.000018 seconds.
  path: Assets/DefaceGames/Fantasy Map Assets Pack Lite/Assets/trees-black/pine3 solid.png
  artifactKey: Guid(2b97c64366da8c2479b4b21a2c97e750) Importer(2089858483,0ecaa5967403d082aa24f35e1b516d23)
Start importing Assets/DefaceGames/Fantasy Map Assets Pack Lite/Assets/trees-black/pine3 solid.png using Guid(2b97c64366da8c2479b4b21a2c97e750) Importer(2089858483,0ecaa5967403d082aa24f35e1b516d23) (ScriptedImporter) -> (artifact id: 'dbf49ab9506a73c956532c91e8632587') in 0.0271348 seconds
Number of updated asset objects reloaded before import = 0Number of asset objects unloaded after import = 3

========================================================================
Received Import Request.
  Time since last request: 0.000013 seconds.
  path: Assets/DefaceGames/Fantasy Map Assets Pack Lite/Assets/trees-black/bush1 solid.png
  artifactKey: Guid(d1fe13f9db8f8e24ba94a8fab97d70d6) Importer(2089858483,0ecaa5967403d082aa24f35e1b516d23)
Start importing Assets/DefaceGames/Fantasy Map Assets Pack Lite/Assets/trees-black/bush1 solid.png using Guid(d1fe13f9db8f8e24ba94a8fab97d70d6) Importer(2089858483,0ecaa5967403d082aa24f35e1b516d23) (ScriptedImporter) -> (artifact id: '83df4cf2f06037789c4a8483cc58e62e') in 0.0246075 seconds
Number of updated asset objects reloaded before import = 0Number of asset objects unloaded after import = 3

========================================================================
Received Import Request.
  Time since last request: 0.000018 seconds.
  path: Assets/HQP STUDIOS/Rocks and Terrains Pack - Low Poly/Models/Rocks/Block Rocks/Moss Block Rocks/Block_Moss_Rock_28.fbx
  artifactKey: Guid(716c6576275772b43b5144848de22125) Importer(2089858483,0ecaa5967403d082aa24f35e1b516d23)
Start importing Assets/HQP STUDIOS/Rocks and Terrains Pack - Low Poly/Models/Rocks/Block Rocks/Moss Block Rocks/Block_Moss_Rock_28.fbx using Guid(716c6576275772b43b5144848de22125) Importer(2089858483,0ecaa5967403d082aa24f35e1b516d23) (ScriptedImporter) -> (artifact id: '6854f448e012e32f864ddd160f878237') in 0.0160423 seconds
Number of updated asset objects reloaded before import = 0Number of asset objects unloaded after import = 9

========================================================================
Received Import Request.
  Time since last request: 0.000016 seconds.
  path: Assets/HQP STUDIOS/Rocks and Terrains Pack - Low Poly/Models/Rocks/Block Rocks/Moss Block Rocks/Block_Moss_Rock_39.fbx
  artifactKey: Guid(04ba7e5350507e6429f4fe2a83207afc) Importer(2089858483,0ecaa5967403d082aa24f35e1b516d23)
Start importing Assets/HQP STUDIOS/Rocks and Terrains Pack - Low Poly/Models/Rocks/Block Rocks/Moss Block Rocks/Block_Moss_Rock_39.fbx using Guid(04ba7e5350507e6429f4fe2a83207afc) Importer(2089858483,0ecaa5967403d082aa24f35e1b516d23) (ScriptedImporter) -> (artifact id: 'c9f009d1145aaa8491e90f572300f6a6') in 0.0164496 seconds
Number of updated asset objects reloaded before import = 0Number of asset objects unloaded after import = 9

========================================================================
Received Import Request.
  Time since last request: 0.000017 seconds.
  path: Assets/DefaceGames/Fantasy Map Assets Pack Lite/Assets/mountains-black/mount2.png
  artifactKey: Guid(1952341a68522ce48abc50e0ccc61a9c) Importer(2089858483,0ecaa5967403d082aa24f35e1b516d23)
Start importing Assets/DefaceGames/Fantasy Map Assets Pack Lite/Assets/mountains-black/mount2.png using Guid(1952341a68522ce48abc50e0ccc61a9c) Importer(2089858483,0ecaa5967403d082aa24f35e1b516d23) (ScriptedImporter) -> (artifact id: '04d79d29b7f70a626ff2aa0767c10d45') in 0.0229268 seconds
Number of updated asset objects reloaded before import = 0Number of asset objects unloaded after import = 3

========================================================================
Received Import Request.
  Time since last request: 0.000017 seconds.
  path: Assets/HQP STUDIOS/Rocks and Terrains Pack - Low Poly/Models/Rocks/Block Rocks/Snow Block Rocks/Block_Snow_Rock_22.fbx
  artifactKey: Guid(ff6933a705e345a49be4b025f1dcc09c) Importer(2089858483,0ecaa5967403d082aa24f35e1b516d23)
Start importing Assets/HQP STUDIOS/Rocks and Terrains Pack - Low Poly/Models/Rocks/Block Rocks/Snow Block Rocks/Block_Snow_Rock_22.fbx using Guid(ff6933a705e345a49be4b025f1dcc09c) Importer(2089858483,0ecaa5967403d082aa24f35e1b516d23) (ScriptedImporter) -> (artifact id: 'e0b07513f534822ed7371ea4dc9cd5e1') in 0.0155101 seconds
Number of updated asset objects reloaded before import = 0Number of asset objects unloaded after import = 9

========================================================================
Received Import Request.
  Time since last request: 0.000014 seconds.
  path: Assets/HQP STUDIOS/Rocks and Terrains Pack - Low Poly/Models/Rocks/Block Rocks/Moss Block Rocks/Block_Moss_Rock_33.fbx
  artifactKey: Guid(618558f02fece434098f6b0cdc99c4b8) Importer(2089858483,0ecaa5967403d082aa24f35e1b516d23)
Start importing Assets/HQP STUDIOS/Rocks and Terrains Pack - Low Poly/Models/Rocks/Block Rocks/Moss Block Rocks/Block_Moss_Rock_33.fbx using Guid(618558f02fece434098f6b0cdc99c4b8) Importer(2089858483,0ecaa5967403d082aa24f35e1b516d23) (ScriptedImporter) -> (artifact id: 'f55c0b7cc195984a6f1f214c5f59bf61') in 0.0166903 seconds
Number of updated asset objects reloaded before import = 0Number of asset objects unloaded after import = 9

========================================================================
Received Import Request.
  Time since last request: 0.000025 seconds.
  path: Assets/TextMesh Pro/Examples & Extras/Resources/Fonts & Materials/Roboto-Bold SDF - Surface.mat
  artifactKey: Guid(e6b276ec991f467aa14ef1f3cc665993) Importer(2089858483,0ecaa5967403d082aa24f35e1b516d23)
Start importing Assets/TextMesh Pro/Examples & Extras/Resources/Fonts & Materials/Roboto-Bold SDF - Surface.mat using Guid(e6b276ec991f467aa14ef1f3cc665993) Importer(2089858483,0ecaa5967403d082aa24f35e1b516d23) (ScriptedImporter) -> (artifact id: 'f5a47bae6b2697479bec03336bcd5b47') in 0.0131555 seconds
Number of updated asset objects reloaded before import = 0Number of asset objects unloaded after import = 2

========================================================================
Received Import Request.
  Time since last request: 0.000016 seconds.
  path: Assets/TextMesh Pro/Examples & Extras/Resources/Fonts & Materials/Unity SDF - HDRP LIT - Outline.mat
  artifactKey: Guid(967f61bb1e3e28645a39e0cb647cc79e) Importer(2089858483,0ecaa5967403d082aa24f35e1b516d23)
Start importing Assets/TextMesh Pro/Examples & Extras/Resources/Fonts & Materials/Unity SDF - HDRP LIT - Outline.mat using Guid(967f61bb1e3e28645a39e0cb647cc79e) Importer(2089858483,0ecaa5967403d082aa24f35e1b516d23) (ScriptedImporter) -> (artifact id: '913596345fc38c682cfcdfd3cef6dc35') in 0.0111853 seconds
Number of updated asset objects reloaded before import = 0Number of asset objects unloaded after import = 1

========================================================================
Received Import Request.
  Time since last request: 0.000015 seconds.
  path: Assets/TextMesh Pro/Resources/Fonts & Materials/LiberationSans SDF - Outline.mat
  artifactKey: Guid(79459efec17a4d00a321bdcc27bbc385) Importer(2089858483,0ecaa5967403d082aa24f35e1b516d23)
Start importing Assets/TextMesh Pro/Resources/Fonts & Materials/LiberationSans SDF - Outline.mat using Guid(79459efec17a4d00a321bdcc27bbc385) Importer(2089858483,0ecaa5967403d082aa24f35e1b516d23) (ScriptedImporter) -> (artifact id: 'ecfaf7e71bcd9fd9249980d206e2e873') in 0.0195607 seconds
Number of updated asset objects reloaded before import = 0Number of asset objects unloaded after import = 2

========================================================================
Received Import Request.
  Time since last request: 0.000017 seconds.
  path: Assets/HQP STUDIOS/Rocks and Terrains Pack - Low Poly/Models/Rocks/Block Rocks/Moss Block Rocks/Block_Moss_Rock_11.fbx
  artifactKey: Guid(f84afcd3cf7f31e4583cf427ea37e7d2) Importer(2089858483,0ecaa5967403d082aa24f35e1b516d23)
Start importing Assets/HQP STUDIOS/Rocks and Terrains Pack - Low Poly/Models/Rocks/Block Rocks/Moss Block Rocks/Block_Moss_Rock_11.fbx using Guid(f84afcd3cf7f31e4583cf427ea37e7d2) Importer(2089858483,0ecaa5967403d082aa24f35e1b516d23) (ScriptedImporter) -> (artifact id: '919b5704dd2cfdcd7fa438fafd92e34a') in 0.0170579 seconds
Number of updated asset objects reloaded before import = 0Number of asset objects unloaded after import = 9

========================================================================
Received Import Request.
  Time since last request: 0.000015 seconds.
  path: Assets/HQP STUDIOS/Rocks and Terrains Pack - Low Poly/Models/Rocks/Block Rocks/Moss Block Rocks/Block_Moss_Rock_8.fbx
  artifactKey: Guid(aea71a8a81d178c4ab7d8b392c58d4bd) Importer(2089858483,0ecaa5967403d082aa24f35e1b516d23)
Start importing Assets/HQP STUDIOS/Rocks and Terrains Pack - Low Poly/Models/Rocks/Block Rocks/Moss Block Rocks/Block_Moss_Rock_8.fbx using Guid(aea71a8a81d178c4ab7d8b392c58d4bd) Importer(2089858483,0ecaa5967403d082aa24f35e1b516d23) (ScriptedImporter) -> (artifact id: 'fa942dc6b6cb24efc24796d9f216e7f9') in 0.0165841 seconds
Number of updated asset objects reloaded before import = 0Number of asset objects unloaded after import = 9

========================================================================
Received Import Request.
  Time since last request: 0.000017 seconds.
  path: Assets/HQP STUDIOS/Rocks and Terrains Pack - Low Poly/Models/Rocks/Block Rocks/Moss Block Rocks/Block_Moss_Rock_3.fbx
  artifactKey: Guid(25a58604d6409744487508c47ab97d51) Importer(2089858483,0ecaa5967403d082aa24f35e1b516d23)
Start importing Assets/HQP STUDIOS/Rocks and Terrains Pack - Low Poly/Models/Rocks/Block Rocks/Moss Block Rocks/Block_Moss_Rock_3.fbx using Guid(25a58604d6409744487508c47ab97d51) Importer(2089858483,0ecaa5967403d082aa24f35e1b516d23) (ScriptedImporter) -> (artifact id: '30e52e9b3980863f81c6cb54cd6e3223') in 0.0145922 seconds
Number of updated asset objects reloaded before import = 0Number of asset objects unloaded after import = 9

========================================================================
Received Import Request.
  Time since last request: 0.000028 seconds.
  path: Assets/DefaceGames/Fantasy Map Assets Pack Lite/Assets/mountains-black/mount4.png
  artifactKey: Guid(6a14b9f1a6d89d742b4cafd3c83bd1ff) Importer(2089858483,0ecaa5967403d082aa24f35e1b516d23)
Start importing Assets/DefaceGames/Fantasy Map Assets Pack Lite/Assets/mountains-black/mount4.png using Guid(6a14b9f1a6d89d742b4cafd3c83bd1ff) Importer(2089858483,0ecaa5967403d082aa24f35e1b516d23) (ScriptedImporter) -> (artifact id: 'ad904af8357b280531828ebe44902e62') in 0.0221778 seconds
Number of updated asset objects reloaded before import = 0Number of asset objects unloaded after import = 3

========================================================================
Received Import Request.
  Time since last request: 0.000018 seconds.
  path: Assets/HQP STUDIOS/Rocks and Terrains Pack - Low Poly/Models/Rocks/Block Rocks/Snow Block Rocks/Block_Snow_Rock_24.fbx
  artifactKey: Guid(1e5d67f03a93af54785c47250ad3f032) Importer(2089858483,0ecaa5967403d082aa24f35e1b516d23)
Start importing Assets/HQP STUDIOS/Rocks and Terrains Pack - Low Poly/Models/Rocks/Block Rocks/Snow Block Rocks/Block_Snow_Rock_24.fbx using Guid(1e5d67f03a93af54785c47250ad3f032) Importer(2089858483,0ecaa5967403d082aa24f35e1b516d23) (ScriptedImporter) -> (artifact id: '8816d52f149336ea2a02b878fd1b9093') in 0.0163606 seconds
Number of updated asset objects reloaded before import = 0Number of asset objects unloaded after import = 9

========================================================================
Received Import Request.
  Time since last request: 0.000018 seconds.
  path: Assets/TextMesh Pro/Examples & Extras/Textures/Wipe Pattern - Radial Quad.psd
  artifactKey: Guid(2b5e9ae96c5644d8bae932f8b4ca68a2) Importer(2089858483,0ecaa5967403d082aa24f35e1b516d23)
Start importing Assets/TextMesh Pro/Examples & Extras/Textures/Wipe Pattern - Radial Quad.psd using Guid(2b5e9ae96c5644d8bae932f8b4ca68a2) Importer(2089858483,0ecaa5967403d082aa24f35e1b516d23) (ScriptedImporter) -> (artifact id: 'a487074798482f7d8db72f052fcab067') in 0.0223884 seconds
Number of updated asset objects reloaded before import = 0Number of asset objects unloaded after import = 1

========================================================================
Received Import Request.
  Time since last request: 0.000016 seconds.
  path: Assets/HQP STUDIOS/Rocks and Terrains Pack - Low Poly/Models/Rocks/Block Rocks/Moss Block Rocks/Block_Moss_Rock_23.fbx
  artifactKey: Guid(bf2e7dffb5eee2d4ea938a8009cc6702) Importer(2089858483,0ecaa5967403d082aa24f35e1b516d23)
Start importing Assets/HQP STUDIOS/Rocks and Terrains Pack - Low Poly/Models/Rocks/Block Rocks/Moss Block Rocks/Block_Moss_Rock_23.fbx using Guid(bf2e7dffb5eee2d4ea938a8009cc6702) Importer(2089858483,0ecaa5967403d082aa24f35e1b516d23) (ScriptedImporter) -> (artifact id: '726b783725ce14f3654059fe9eaf87ce') in 0.0161512 seconds
Number of updated asset objects reloaded before import = 0Number of asset objects unloaded after import = 9

========================================================================
Received Import Request.
  Time since last request: 0.000025 seconds.
  path: Assets/HQP STUDIOS/Rocks and Terrains Pack - Low Poly/Models/Clouds/Cloud_01.fbx
  artifactKey: Guid(cb9ab99d8ba42de439e774fac2d2ddb8) Importer(2089858483,0ecaa5967403d082aa24f35e1b516d23)
Start importing Assets/HQP STUDIOS/Rocks and Terrains Pack - Low Poly/Models/Clouds/Cloud_01.fbx using Guid(cb9ab99d8ba42de439e774fac2d2ddb8) Importer(2089858483,0ecaa5967403d082aa24f35e1b516d23) (ScriptedImporter) -> (artifact id: 'a8e07275c7329b5325d4a3d3a5b956f3') in 0.0172059 seconds
Number of updated asset objects reloaded before import = 0Number of asset objects unloaded after import = 9

========================================================================
Received Import Request.
  Time since last request: 0.000014 seconds.
  path: Assets/DefaceGames/Fantasy Map Assets Pack Lite/Assets/icons-black/bridge.png
  artifactKey: Guid(ddd0f5795048148489b901a169e153d4) Importer(2089858483,0ecaa5967403d082aa24f35e1b516d23)
Start importing Assets/DefaceGames/Fantasy Map Assets Pack Lite/Assets/icons-black/bridge.png using Guid(ddd0f5795048148489b901a169e153d4) Importer(2089858483,0ecaa5967403d082aa24f35e1b516d23) (ScriptedImporter) -> (artifact id: 'f752b43aef7897e17e1a01fbc0405b4f') in 0.0208876 seconds
Number of updated asset objects reloaded before import = 0Number of asset objects unloaded after import = 3

========================================================================
Received Import Request.
  Time since last request: 0.000016 seconds.
  path: Assets/HQP STUDIOS/Rocks and Terrains Pack - Low Poly/Models/Rocks/Block Rocks/Snow Block Rocks/Block_Snow_Rock_40.fbx
  artifactKey: Guid(64836c11b94276f41bddcadf943b5150) Importer(2089858483,0ecaa5967403d082aa24f35e1b516d23)
Start importing Assets/HQP STUDIOS/Rocks and Terrains Pack - Low Poly/Models/Rocks/Block Rocks/Snow Block Rocks/Block_Snow_Rock_40.fbx using Guid(64836c11b94276f41bddcadf943b5150) Importer(2089858483,0ecaa5967403d082aa24f35e1b516d23) (ScriptedImporter) -> (artifact id: '951645d717e5425ec8f8f3c40ae2908e') in 0.0165136 seconds
Number of updated asset objects reloaded before import = 0Number of asset objects unloaded after import = 9

========================================================================
Received Import Request.
  Time since last request: 0.000018 seconds.
  path: Assets/DefaceGames/Fantasy Map Assets Pack Lite/Assets/trees-black/tree7 solid.png
  artifactKey: Guid(dcc21d0105141614fb0a562a5f99f292) Importer(2089858483,0ecaa5967403d082aa24f35e1b516d23)
Start importing Assets/DefaceGames/Fantasy Map Assets Pack Lite/Assets/trees-black/tree7 solid.png using Guid(dcc21d0105141614fb0a562a5f99f292) Importer(2089858483,0ecaa5967403d082aa24f35e1b516d23) (ScriptedImporter) -> (artifact id: '1744fc04c6c8bceeb58c8ceda6830f6e') in 0.0209711 seconds
Number of updated asset objects reloaded before import = 0Number of asset objects unloaded after import = 3

========================================================================
Received Import Request.
  Time since last request: 0.000016 seconds.
  path: Assets/HQP STUDIOS/Rocks and Terrains Pack - Low Poly/Models/Rocks/Block Rocks/Block Rocks/Block_Rock_15.fbx
  artifactKey: Guid(9e41f55123438b549ad1c0efcf269853) Importer(2089858483,0ecaa5967403d082aa24f35e1b516d23)
Start importing Assets/HQP STUDIOS/Rocks and Terrains Pack - Low Poly/Models/Rocks/Block Rocks/Block Rocks/Block_Rock_15.fbx using Guid(9e41f55123438b549ad1c0efcf269853) Importer(2089858483,0ecaa5967403d082aa24f35e1b516d23) (ScriptedImporter) -> (artifact id: 'dfd7e54924b93d0fbf4d129f88774e6f') in 0.0159516 seconds
Number of updated asset objects reloaded before import = 0Number of asset objects unloaded after import = 9

========================================================================
Received Import Request.
  Time since last request: 0.000019 seconds.
  path: Assets/DefaceGames/Fantasy Map Assets Pack Lite/Assets/buildings-black/open-city solid.png
  artifactKey: Guid(4a70aa0f0c12189439a56397df68977f) Importer(2089858483,0ecaa5967403d082aa24f35e1b516d23)
Start importing Assets/DefaceGames/Fantasy Map Assets Pack Lite/Assets/buildings-black/open-city solid.png using Guid(4a70aa0f0c12189439a56397df68977f) Importer(2089858483,0ecaa5967403d082aa24f35e1b516d23) (ScriptedImporter) -> (artifact id: '86ea3656a3b4393ad4f327ed7ce37daa') in 0.0196643 seconds
Number of updated asset objects reloaded before import = 0Number of asset objects unloaded after import = 3

========================================================================
Received Import Request.
  Time since last request: 0.000016 seconds.
  path: Assets/HQP STUDIOS/Rocks and Terrains Pack - Low Poly/Models/Rocks/Block Rocks/Block Rocks/Block_Rock_2.fbx
  artifactKey: Guid(ae1f35566a3d0b349aa2f46edaf5a41b) Importer(2089858483,0ecaa5967403d082aa24f35e1b516d23)
Start importing Assets/HQP STUDIOS/Rocks and Terrains Pack - Low Poly/Models/Rocks/Block Rocks/Block Rocks/Block_Rock_2.fbx using Guid(ae1f35566a3d0b349aa2f46edaf5a41b) Importer(2089858483,0ecaa5967403d082aa24f35e1b516d23) (ScriptedImporter) -> (artifact id: '01cde6dbcc3ca3454317695f27385fd6') in 0.0152124 seconds
Number of updated asset objects reloaded before import = 0Number of asset objects unloaded after import = 9

========================================================================
Received Import Request.
  Time since last request: 0.000027 seconds.
  path: Assets/TextMesh Pro/Examples & Extras/Textures/Wipe Pattern - Radial Double.psd
  artifactKey: Guid(7631f4eff8f74ed38eb3eb9db17134e1) Importer(2089858483,0ecaa5967403d082aa24f35e1b516d23)
Start importing Assets/TextMesh Pro/Examples & Extras/Textures/Wipe Pattern - Radial Double.psd using Guid(7631f4eff8f74ed38eb3eb9db17134e1) Importer(2089858483,0ecaa5967403d082aa24f35e1b516d23) (ScriptedImporter) -> (artifact id: 'd6cf2c7084385d628cabc4679fdfd4d2') in 0.0195221 seconds
Number of updated asset objects reloaded before import = 0Number of asset objects unloaded after import = 1

========================================================================
Received Import Request.
  Time since last request: 0.000029 seconds.
  path: Assets/HQP STUDIOS/Rocks and Terrains Pack - Low Poly/Models/Rocks/Block Rocks/Moss Block Rocks/Block_Moss_Rock_25.fbx
  artifactKey: Guid(0308d6518d2d35947a337548fa1ff254) Importer(2089858483,0ecaa5967403d082aa24f35e1b516d23)
Start importing Assets/HQP STUDIOS/Rocks and Terrains Pack - Low Poly/Models/Rocks/Block Rocks/Moss Block Rocks/Block_Moss_Rock_25.fbx using Guid(0308d6518d2d35947a337548fa1ff254) Importer(2089858483,0ecaa5967403d082aa24f35e1b516d23) (ScriptedImporter) -> (artifact id: 'c959d8e9793ee1e184ff5bf8bd7af89b') in 0.0163466 seconds
Number of updated asset objects reloaded before import = 0Number of asset objects unloaded after import = 9

========================================================================
Received Import Request.
  Time since last request: 0.000017 seconds.
  path: Assets/HQP STUDIOS/Rocks and Terrains Pack - Low Poly/Models/Rocks/Block Rocks/Snow Block Rocks/Block_Snow_Rock_26.fbx
  artifactKey: Guid(0739dc1b131508848a206287bb3a3dd3) Importer(2089858483,0ecaa5967403d082aa24f35e1b516d23)
Start importing Assets/HQP STUDIOS/Rocks and Terrains Pack - Low Poly/Models/Rocks/Block Rocks/Snow Block Rocks/Block_Snow_Rock_26.fbx using Guid(0739dc1b131508848a206287bb3a3dd3) Importer(2089858483,0ecaa5967403d082aa24f35e1b516d23) (ScriptedImporter) -> (artifact id: '8848d1041facd22c56ed1975745bb28e') in 0.0150166 seconds
Number of updated asset objects reloaded before import = 0Number of asset objects unloaded after import = 9

========================================================================
Received Import Request.
  Time since last request: 0.000014 seconds.
  path: Assets/TextMesh Pro/Examples & Extras/Textures/Sunny Days - Seamless.jpg
  artifactKey: Guid(17c350171f7a3ca479f830547c66d187) Importer(2089858483,0ecaa5967403d082aa24f35e1b516d23)
Start importing Assets/TextMesh Pro/Examples & Extras/Textures/Sunny Days - Seamless.jpg using Guid(17c350171f7a3ca479f830547c66d187) Importer(2089858483,0ecaa5967403d082aa24f35e1b516d23) (ScriptedImporter) -> (artifact id: '5601fc5512df1258c26ac83827843f56') in 0.0169367 seconds
Number of updated asset objects reloaded before import = 0Number of asset objects unloaded after import = 1

========================================================================
Received Import Request.
  Time since last request: 0.000053 seconds.
  path: Assets/DefaceGames/Fantasy Map Assets Pack Lite/Assets/islands-black/Layer 1.png
  artifactKey: Guid(8186c7ab0706bf54abbad12cfedb75c2) Importer(2089858483,0ecaa5967403d082aa24f35e1b516d23)
Start importing Assets/DefaceGames/Fantasy Map Assets Pack Lite/Assets/islands-black/Layer 1.png using Guid(8186c7ab0706bf54abbad12cfedb75c2) Importer(2089858483,0ecaa5967403d082aa24f35e1b516d23) (ScriptedImporter) -> (artifact id: '30f7d28a8627c24856ca693914eee8b5') in 0.0287882 seconds
Number of updated asset objects reloaded before import = 0Number of asset objects unloaded after import = 3

========================================================================
Received Import Request.
  Time since last request: 0.000017 seconds.
  path: Assets/DefaceGames/Fantasy Map Assets Pack Lite/Assets/waves-black/waves 3.png
  artifactKey: Guid(b4db5505248672f4f925f6f9cef00b2e) Importer(2089858483,0ecaa5967403d082aa24f35e1b516d23)
Start importing Assets/DefaceGames/Fantasy Map Assets Pack Lite/Assets/waves-black/waves 3.png using Guid(b4db5505248672f4f925f6f9cef00b2e) Importer(2089858483,0ecaa5967403d082aa24f35e1b516d23) (ScriptedImporter) -> (artifact id: 'ec2f84db105c91ceee33a1ac67d20fa1') in 0.0260259 seconds
Number of updated asset objects reloaded before import = 0Number of asset objects unloaded after import = 3

========================================================================
Received Import Request.
  Time since last request: 0.000021 seconds.
  path: Assets/UI/Resource Vector Graphics/Source/UI_Graphic_Resource_Gems.eps
  artifactKey: Guid(a8ce0361aaab841968de66ffbfb39c98) Importer(2089858483,0ecaa5967403d082aa24f35e1b516d23)
Start importing Assets/UI/Resource Vector Graphics/Source/UI_Graphic_Resource_Gems.eps using Guid(a8ce0361aaab841968de66ffbfb39c98) Importer(2089858483,0ecaa5967403d082aa24f35e1b516d23) (ScriptedImporter) -> (artifact id: 'b6a5cef4b90fb81922ec5d42851649f4') in 0.0075838 seconds
Number of updated asset objects reloaded before import = 0Number of asset objects unloaded after import = 1

========================================================================
Received Import Request.
  Time since last request: 0.000037 seconds.
  path: Assets/HQP STUDIOS/Rocks and Terrains Pack - Low Poly/Models/Rocks/Block Rocks/Snow Block Rocks/Block_Snow_Rock_9.fbx
  artifactKey: Guid(965da5dd689218b40bb15354b3423b41) Importer(2089858483,0ecaa5967403d082aa24f35e1b516d23)
Start importing Assets/HQP STUDIOS/Rocks and Terrains Pack - Low Poly/Models/Rocks/Block Rocks/Snow Block Rocks/Block_Snow_Rock_9.fbx using Guid(965da5dd689218b40bb15354b3423b41) Importer(2089858483,0ecaa5967403d082aa24f35e1b516d23) (ScriptedImporter) -> (artifact id: 'd862d8c2fc8d8c79291dc54786628d87') in 0.0173269 seconds
Number of updated asset objects reloaded before import = 0Number of asset objects unloaded after import = 9

========================================================================
Received Import Request.
  Time since last request: 0.000016 seconds.
  path: Assets/HQP STUDIOS/Rocks and Terrains Pack - Low Poly/Models/Rocks/Block Rocks/Moss Block Rocks/Block_Moss_Rock_22.fbx
  artifactKey: Guid(cb97f5c2b22600c498ab5af2b8dcfec1) Importer(2089858483,0ecaa5967403d082aa24f35e1b516d23)
Start importing Assets/HQP STUDIOS/Rocks and Terrains Pack - Low Poly/Models/Rocks/Block Rocks/Moss Block Rocks/Block_Moss_Rock_22.fbx using Guid(cb97f5c2b22600c498ab5af2b8dcfec1) Importer(2089858483,0ecaa5967403d082aa24f35e1b516d23) (ScriptedImporter) -> (artifact id: '90057a3828a5cb96bc1569d49eeb9c41') in 0.0170143 seconds
Number of updated asset objects reloaded before import = 0Number of asset objects unloaded after import = 9

========================================================================
Received Import Request.
  Time since last request: 0.000013 seconds.
  path: Assets/HQP STUDIOS/Rocks and Terrains Pack - Low Poly/Models/Rocks/Block Rocks/Block Rocks/Block_Rock_16.fbx
  artifactKey: Guid(e3681cf9448fc34448f5bfca684bef15) Importer(2089858483,0ecaa5967403d082aa24f35e1b516d23)
Start importing Assets/HQP STUDIOS/Rocks and Terrains Pack - Low Poly/Models/Rocks/Block Rocks/Block Rocks/Block_Rock_16.fbx using Guid(e3681cf9448fc34448f5bfca684bef15) Importer(2089858483,0ecaa5967403d082aa24f35e1b516d23) (ScriptedImporter) -> (artifact id: 'c2f73703501ea7ac086febccbc42f065') in 0.0156445 seconds
Number of updated asset objects reloaded before import = 0Number of asset objects unloaded after import = 9

========================================================================
Received Import Request.
  Time since last request: 0.000016 seconds.
  path: Assets/HQP STUDIOS/Rocks and Terrains Pack - Low Poly/Models/Rocks/Block Rocks/Moss Block Rocks/Block_Moss_Rock_37.fbx
  artifactKey: Guid(9cdc4da82f8c9684aaafe8eb5b12b9cf) Importer(2089858483,0ecaa5967403d082aa24f35e1b516d23)
Start importing Assets/HQP STUDIOS/Rocks and Terrains Pack - Low Poly/Models/Rocks/Block Rocks/Moss Block Rocks/Block_Moss_Rock_37.fbx using Guid(9cdc4da82f8c9684aaafe8eb5b12b9cf) Importer(2089858483,0ecaa5967403d082aa24f35e1b516d23) (ScriptedImporter) -> (artifact id: '1e9f5d2a872b774f584a1d9ba8fd7d9c') in 0.0175536 seconds
Number of updated asset objects reloaded before import = 0Number of asset objects unloaded after import = 9

========================================================================
Received Import Request.
  Time since last request: 0.000019 seconds.
  path: Assets/UI/Resource Vector Graphics/Source/UI_Graphic_Resource_Iron.eps
  artifactKey: Guid(a8ce15687eda8462dafb5ea675f1ec12) Importer(2089858483,0ecaa5967403d082aa24f35e1b516d23)
Start importing Assets/UI/Resource Vector Graphics/Source/UI_Graphic_Resource_Iron.eps using Guid(a8ce15687eda8462dafb5ea675f1ec12) Importer(2089858483,0ecaa5967403d082aa24f35e1b516d23) (ScriptedImporter) -> (artifact id: '988a5a5009fb28ec5aaff80bd91a8a5f') in 0.0074579 seconds
Number of updated asset objects reloaded before import = 0Number of asset objects unloaded after import = 1

========================================================================
Received Import Request.
  Time since last request: 0.000035 seconds.
  path: Assets/DefaceGames/Fantasy Map Assets Pack Lite/Assets/buildings-black/cave solid.png
  artifactKey: Guid(476ab3b3c7c30e54583a44069dc788c6) Importer(2089858483,0ecaa5967403d082aa24f35e1b516d23)
Start importing Assets/DefaceGames/Fantasy Map Assets Pack Lite/Assets/buildings-black/cave solid.png using Guid(476ab3b3c7c30e54583a44069dc788c6) Importer(2089858483,0ecaa5967403d082aa24f35e1b516d23) (ScriptedImporter) -> (artifact id: '5027c185a629a82a8b6bce58c72b2cdb') in 0.0218258 seconds
Number of updated asset objects reloaded before import = 0Number of asset objects unloaded after import = 3

========================================================================
Received Import Request.
  Time since last request: 0.000022 seconds.
  path: Assets/DefaceGames/Fantasy Map Assets Pack Lite/Assets/icons-black/chest.png
  artifactKey: Guid(2356afd79c3d94c448d46fc04fb8542a) Importer(2089858483,0ecaa5967403d082aa24f35e1b516d23)
Start importing Assets/DefaceGames/Fantasy Map Assets Pack Lite/Assets/icons-black/chest.png using Guid(2356afd79c3d94c448d46fc04fb8542a) Importer(2089858483,0ecaa5967403d082aa24f35e1b516d23) (ScriptedImporter) -> (artifact id: '45d04cbd0f04cc1261e3733d6c502cf5') in 0.0240615 seconds
Number of updated asset objects reloaded before import = 0Number of asset objects unloaded after import = 3

========================================================================
Received Import Request.
  Time since last request: 0.000030 seconds.
  path: Assets/HQP STUDIOS/Rocks and Terrains Pack - Low Poly/Models/Rocks/Block Rocks/Moss Block Rocks/Block_Moss_Rock_31.fbx
  artifactKey: Guid(0557f75a4ece6f84a841270e1c8e55a5) Importer(2089858483,0ecaa5967403d082aa24f35e1b516d23)
Start importing Assets/HQP STUDIOS/Rocks and Terrains Pack - Low Poly/Models/Rocks/Block Rocks/Moss Block Rocks/Block_Moss_Rock_31.fbx using Guid(0557f75a4ece6f84a841270e1c8e55a5) Importer(2089858483,0ecaa5967403d082aa24f35e1b516d23) (ScriptedImporter) -> (artifact id: '4d357a7668ee77fc75d8809c11fd218d') in 0.0135355 seconds
Number of updated asset objects reloaded before import = 0Number of asset objects unloaded after import = 9

========================================================================
Received Import Request.
  Time since last request: 0.000019 seconds.
  path: Assets/TextMesh Pro/Examples & Extras/Resources/Fonts & Materials/Oswald Bold SDF.asset
  artifactKey: Guid(0161d805a3764c089bef00bfe00793f5) Importer(2089858483,0ecaa5967403d082aa24f35e1b516d23)
Start importing Assets/TextMesh Pro/Examples & Extras/Resources/Fonts & Materials/Oswald Bold SDF.asset using Guid(0161d805a3764c089bef00bfe00793f5) Importer(2089858483,0ecaa5967403d082aa24f35e1b516d23) (ScriptedImporter) -> (artifact id: '8addbe9a62f937b99920e3050b6751f7') in 0.0168944 seconds
Number of updated asset objects reloaded before import = 0Number of asset objects unloaded after import = 5

========================================================================
Received Import Request.
  Time since last request: 0.000017 seconds.
  path: Assets/HQP STUDIOS/Rocks and Terrains Pack - Low Poly/Models/Rocks/Block Rocks/Snow Block Rocks/Block_Snow_Rock_38.fbx
  artifactKey: Guid(be1d138effcd6ff47ac65bf01ab251e7) Importer(2089858483,0ecaa5967403d082aa24f35e1b516d23)
Start importing Assets/HQP STUDIOS/Rocks and Terrains Pack - Low Poly/Models/Rocks/Block Rocks/Snow Block Rocks/Block_Snow_Rock_38.fbx using Guid(be1d138effcd6ff47ac65bf01ab251e7) Importer(2089858483,0ecaa5967403d082aa24f35e1b516d23) (ScriptedImporter) -> (artifact id: '832f50f4fbe651a03b94e1001e5ac9e2') in 0.0141521 seconds
Number of updated asset objects reloaded before import = 0Number of asset objects unloaded after import = 9

========================================================================
Received Import Request.
  Time since last request: 0.000077 seconds.
  path: Assets/HQP STUDIOS/Rocks and Terrains Pack - Low Poly/Models/Rocks/Block Rocks/Moss Block Rocks/Block_Moss_Rock_9.fbx
  artifactKey: Guid(05e3d460b5d50e242b10397625989ced) Importer(2089858483,0ecaa5967403d082aa24f35e1b516d23)
Start importing Assets/HQP STUDIOS/Rocks and Terrains Pack - Low Poly/Models/Rocks/Block Rocks/Moss Block Rocks/Block_Moss_Rock_9.fbx using Guid(05e3d460b5d50e242b10397625989ced) Importer(2089858483,0ecaa5967403d082aa24f35e1b516d23) (ScriptedImporter) -> (artifact id: '99f28dc307f14a7c096a31cb7b190c56') in 0.0161547 seconds
Number of updated asset objects reloaded before import = 0Number of asset objects unloaded after import = 9

========================================================================
Received Import Request.
  Time since last request: 0.000017 seconds.
  path: Assets/HQP STUDIOS/Rocks and Terrains Pack - Low Poly/Models/Rocks/Block Rocks/Snow Block Rocks/Block_Snow_Rock_20.fbx
  artifactKey: Guid(71a77028dd8658b4ea865fdae6702214) Importer(2089858483,0ecaa5967403d082aa24f35e1b516d23)
Start importing Assets/HQP STUDIOS/Rocks and Terrains Pack - Low Poly/Models/Rocks/Block Rocks/Snow Block Rocks/Block_Snow_Rock_20.fbx using Guid(71a77028dd8658b4ea865fdae6702214) Importer(2089858483,0ecaa5967403d082aa24f35e1b516d23) (ScriptedImporter) -> (artifact id: '6ed10fb9df95358160b4cfdca7421b56') in 0.0161826 seconds
Number of updated asset objects reloaded before import = 0Number of asset objects unloaded after import = 9

========================================================================
Received Import Request.
  Time since last request: 0.000019 seconds.
  path: Assets/UI/Resource Vector Graphics/Source/UI_Graphic_Resource_Coins.eps
  artifactKey: Guid(dc3a3b7f8e64b48919fae5f113cdcca9) Importer(2089858483,0ecaa5967403d082aa24f35e1b516d23)
Start importing Assets/UI/Resource Vector Graphics/Source/UI_Graphic_Resource_Coins.eps using Guid(dc3a3b7f8e64b48919fae5f113cdcca9) Importer(2089858483,0ecaa5967403d082aa24f35e1b516d23) (ScriptedImporter) -> (artifact id: 'd91b21340a53aaa7b55843f60f1d112b') in 0.0101429 seconds
Number of updated asset objects reloaded before import = 0Number of asset objects unloaded after import = 1

========================================================================
Received Import Request.
  Time since last request: 0.000041 seconds.
  path: Assets/DefaceGames/Fantasy Map Assets Pack Lite/Assets/bg-overlays-black/water2.png
  artifactKey: Guid(66b97faf57913014b952400111402d07) Importer(2089858483,0ecaa5967403d082aa24f35e1b516d23)
Start importing Assets/DefaceGames/Fantasy Map Assets Pack Lite/Assets/bg-overlays-black/water2.png using Guid(66b97faf57913014b952400111402d07) Importer(2089858483,0ecaa5967403d082aa24f35e1b516d23) (ScriptedImporter) -> (artifact id: '74e70364cfc6145f84b87aea04453bcb') in 0.018335 seconds
Number of updated asset objects reloaded before import = 0Number of asset objects unloaded after import = 3

========================================================================
Received Import Request.
  Time since last request: 0.000017 seconds.
  path: Assets/HQP STUDIOS/Rocks and Terrains Pack - Low Poly/Models/Rocks/Block Rocks/Block Rocks/Block_Rock_11.fbx
  artifactKey: Guid(13aafd9c8dff54e4db16eb36b36e0c3c) Importer(2089858483,0ecaa5967403d082aa24f35e1b516d23)
Start importing Assets/HQP STUDIOS/Rocks and Terrains Pack - Low Poly/Models/Rocks/Block Rocks/Block Rocks/Block_Rock_11.fbx using Guid(13aafd9c8dff54e4db16eb36b36e0c3c) Importer(2089858483,0ecaa5967403d082aa24f35e1b516d23) (ScriptedImporter) -> (artifact id: '953ab8d174635ee97650b47d52e2139f') in 0.0170391 seconds
Number of updated asset objects reloaded before import = 0Number of asset objects unloaded after import = 9

========================================================================
Received Import Request.
  Time since last request: 0.000018 seconds.
  path: Assets/DefaceGames/Fantasy Map Assets Pack Lite/Assets/misc-black/compass.png
  artifactKey: Guid(48bb648d1fe458a459420cca0c739aca) Importer(2089858483,0ecaa5967403d082aa24f35e1b516d23)
Start importing Assets/DefaceGames/Fantasy Map Assets Pack Lite/Assets/misc-black/compass.png using Guid(48bb648d1fe458a459420cca0c739aca) Importer(2089858483,0ecaa5967403d082aa24f35e1b516d23) (ScriptedImporter) -> (artifact id: '3b10340d599f0136972e8af22e32feed') in 0.0211433 seconds
Number of updated asset objects reloaded before import = 0Number of asset objects unloaded after import = 3

========================================================================
Received Import Request.
  Time since last request: 0.000014 seconds.
  path: Assets/HQP STUDIOS/Rocks and Terrains Pack - Low Poly/Models/Rocks/Block Rocks/Snow Block Rocks/Block_Snow_Rock_7.fbx
  artifactKey: Guid(e55b6ffbcfad5c649b128bcf40b4302e) Importer(2089858483,0ecaa5967403d082aa24f35e1b516d23)
Start importing Assets/HQP STUDIOS/Rocks and Terrains Pack - Low Poly/Models/Rocks/Block Rocks/Snow Block Rocks/Block_Snow_Rock_7.fbx using Guid(e55b6ffbcfad5c649b128bcf40b4302e) Importer(2089858483,0ecaa5967403d082aa24f35e1b516d23) (ScriptedImporter) -> (artifact id: '8c77d946d866e6136356dd6f900545c9') in 0.0169061 seconds
Number of updated asset objects reloaded before import = 0Number of asset objects unloaded after import = 9

========================================================================
Received Import Request.
  Time since last request: 0.000018 seconds.
  path: Assets/HQP STUDIOS/Rocks and Terrains Pack - Low Poly/Models/Rocks/Flat Rocks/Moss Flat Rocks/Flat_Moss_Rock_11.fbx
  artifactKey: Guid(0fe33e3b7a1c7d24fbdc85ebc50f0925) Importer(2089858483,0ecaa5967403d082aa24f35e1b516d23)
Start importing Assets/HQP STUDIOS/Rocks and Terrains Pack - Low Poly/Models/Rocks/Flat Rocks/Moss Flat Rocks/Flat_Moss_Rock_11.fbx using Guid(0fe33e3b7a1c7d24fbdc85ebc50f0925) Importer(2089858483,0ecaa5967403d082aa24f35e1b516d23) (ScriptedImporter) -> (artifact id: '550e78d480fc68d06c19e768d4003246') in 0.0157948 seconds
Number of updated asset objects reloaded before import = 0Number of asset objects unloaded after import = 9

========================================================================
Received Import Request.
  Time since last request: 0.000014 seconds.
  path: Assets/HQP STUDIOS/Rocks and Terrains Pack - Low Poly/Models/Rocks/Flat Rocks/Snow Flat Rocks/Flat_Snow_Rock_27.fbx
  artifactKey: Guid(af7cf34113800984ea9e874b9ef40078) Importer(2089858483,0ecaa5967403d082aa24f35e1b516d23)
Start importing Assets/HQP STUDIOS/Rocks and Terrains Pack - Low Poly/Models/Rocks/Flat Rocks/Snow Flat Rocks/Flat_Snow_Rock_27.fbx using Guid(af7cf34113800984ea9e874b9ef40078) Importer(2089858483,0ecaa5967403d082aa24f35e1b516d23) (ScriptedImporter) -> (artifact id: 'b899689848ceab9d22b24bc4baefa14e') in 0.0151656 seconds
Number of updated asset objects reloaded before import = 0Number of asset objects unloaded after import = 9

========================================================================
Received Import Request.
  Time since last request: 0.000015 seconds.
  path: Assets/HQP STUDIOS/Rocks and Terrains Pack - Low Poly/Models/Rocks/Flat Rocks/Snow Flat Rocks/Flat_Snow_Rock_15.fbx
  artifactKey: Guid(5ee55a1ebed3adc4fb16c3635ea3316d) Importer(2089858483,0ecaa5967403d082aa24f35e1b516d23)
Start importing Assets/HQP STUDIOS/Rocks and Terrains Pack - Low Poly/Models/Rocks/Flat Rocks/Snow Flat Rocks/Flat_Snow_Rock_15.fbx using Guid(5ee55a1ebed3adc4fb16c3635ea3316d) Importer(2089858483,0ecaa5967403d082aa24f35e1b516d23) (ScriptedImporter) -> (artifact id: '142e97ed3df52ff8eff20ad5d5d21bd4') in 0.0155985 seconds
Number of updated asset objects reloaded before import = 0Number of asset objects unloaded after import = 9

========================================================================
Received Import Request.
  Time since last request: 0.000019 seconds.
  path: Assets/HQP STUDIOS/Rocks and Terrains Pack - Low Poly/Models/Rocks/Sharp Rocks/Sharp Rocks/Sharp_Rock_10.fbx
  artifactKey: Guid(37f565f92adcc56418457d7cc4ff1c17) Importer(2089858483,0ecaa5967403d082aa24f35e1b516d23)
Start importing Assets/HQP STUDIOS/Rocks and Terrains Pack - Low Poly/Models/Rocks/Sharp Rocks/Sharp Rocks/Sharp_Rock_10.fbx using Guid(37f565f92adcc56418457d7cc4ff1c17) Importer(2089858483,0ecaa5967403d082aa24f35e1b516d23) (ScriptedImporter) -> (artifact id: '9c02211b5d679d69a16607db5cc1c097') in 0.0159746 seconds
Number of updated asset objects reloaded before import = 0Number of asset objects unloaded after import = 9

========================================================================
Received Import Request.
  Time since last request: 0.000023 seconds.
  path: Assets/HQP STUDIOS/Rocks and Terrains Pack - Low Poly/Models/Rocks/Flat Rocks/Moss Flat Rocks/Flat_Moss_Rock_5.fbx
  artifactKey: Guid(1997f7ec5a0ca37489d94b984877e6c5) Importer(2089858483,0ecaa5967403d082aa24f35e1b516d23)
Start importing Assets/HQP STUDIOS/Rocks and Terrains Pack - Low Poly/Models/Rocks/Flat Rocks/Moss Flat Rocks/Flat_Moss_Rock_5.fbx using Guid(1997f7ec5a0ca37489d94b984877e6c5) Importer(2089858483,0ecaa5967403d082aa24f35e1b516d23) (ScriptedImporter) -> (artifact id: '090d8313275ebc5648ab921385272990') in 0.0151579 seconds
Number of updated asset objects reloaded before import = 0Number of asset objects unloaded after import = 9

========================================================================
Received Import Request.
  Time since last request: 0.000016 seconds.
  path: Assets/HQP STUDIOS/Rocks and Terrains Pack - Low Poly/Models/Rocks/Flat Rocks/Flat Rocks/Flat_Rock_25.fbx
  artifactKey: Guid(562d90dd357bb594f80691da0df445d6) Importer(2089858483,0ecaa5967403d082aa24f35e1b516d23)
Start importing Assets/HQP STUDIOS/Rocks and Terrains Pack - Low Poly/Models/Rocks/Flat Rocks/Flat Rocks/Flat_Rock_25.fbx using Guid(562d90dd357bb594f80691da0df445d6) Importer(2089858483,0ecaa5967403d082aa24f35e1b516d23) (ScriptedImporter) -> (artifact id: 'dc7f4a762b83cc28139d67d10f26f1ee') in 0.0185984 seconds
Number of updated asset objects reloaded before import = 0Number of asset objects unloaded after import = 9

========================================================================
Received Import Request.
  Time since last request: 0.000014 seconds.
  path: Assets/HQP STUDIOS/Rocks and Terrains Pack - Low Poly/Models/Rocks/Flat Rocks/Flat Rocks/Flat_Rock_20.fbx
  artifactKey: Guid(03fca9a2284053f40a76090bd04fa93b) Importer(2089858483,0ecaa5967403d082aa24f35e1b516d23)
Start importing Assets/HQP STUDIOS/Rocks and Terrains Pack - Low Poly/Models/Rocks/Flat Rocks/Flat Rocks/Flat_Rock_20.fbx using Guid(03fca9a2284053f40a76090bd04fa93b) Importer(2089858483,0ecaa5967403d082aa24f35e1b516d23) (ScriptedImporter) -> (artifact id: 'd500551bfab9d489e07fb556a82c8b9e') in 0.016219 seconds
Number of updated asset objects reloaded before import = 0Number of asset objects unloaded after import = 9

========================================================================
Received Import Request.
  Time since last request: 0.000013 seconds.
  path: Assets/HQP STUDIOS/Rocks and Terrains Pack - Low Poly/Models/Rocks/Sharp Rocks/Sharp Rocks/Sharp_Rock_3.fbx
  artifactKey: Guid(c146033f36418b3488c0ce222643e5c5) Importer(2089858483,0ecaa5967403d082aa24f35e1b516d23)
Start importing Assets/HQP STUDIOS/Rocks and Terrains Pack - Low Poly/Models/Rocks/Sharp Rocks/Sharp Rocks/Sharp_Rock_3.fbx using Guid(c146033f36418b3488c0ce222643e5c5) Importer(2089858483,0ecaa5967403d082aa24f35e1b516d23) (ScriptedImporter) -> (artifact id: '307bcc3b47c4c460238f0c6fd40c634d') in 0.0142558 seconds
Number of updated asset objects reloaded before import = 0Number of asset objects unloaded after import = 9

========================================================================
Received Import Request.
  Time since last request: 0.000087 seconds.
  path: Assets/HQP STUDIOS/Rocks and Terrains Pack - Low Poly/Models/Rocks/Flat Rocks/Flat Rocks/Flat_Rock_15.fbx
  artifactKey: Guid(ca288b9896d4fa24985297c359adcb79) Importer(2089858483,0ecaa5967403d082aa24f35e1b516d23)
Start importing Assets/HQP STUDIOS/Rocks and Terrains Pack - Low Poly/Models/Rocks/Flat Rocks/Flat Rocks/Flat_Rock_15.fbx using Guid(ca288b9896d4fa24985297c359adcb79) Importer(2089858483,0ecaa5967403d082aa24f35e1b516d23) (ScriptedImporter) -> (artifact id: '3b7958785b44dff439cbdceb2e877915') in 0.0140193 seconds
Number of updated asset objects reloaded before import = 0Number of asset objects unloaded after import = 9

========================================================================
Received Import Request.
  Time since last request: 0.000017 seconds.
  path: Assets/HQP STUDIOS/Rocks and Terrains Pack - Low Poly/Models/Rocks/Flat Rocks/Snow Flat Rocks/Flat_Snow_Rock_3.fbx
  artifactKey: Guid(b514018a44508e14984e7bf47ef371fd) Importer(2089858483,0ecaa5967403d082aa24f35e1b516d23)
Start importing Assets/HQP STUDIOS/Rocks and Terrains Pack - Low Poly/Models/Rocks/Flat Rocks/Snow Flat Rocks/Flat_Snow_Rock_3.fbx using Guid(b514018a44508e14984e7bf47ef371fd) Importer(2089858483,0ecaa5967403d082aa24f35e1b516d23) (ScriptedImporter) -> (artifact id: 'f2523709f3f678c3f33466e1a417f652') in 0.0149019 seconds
Number of updated asset objects reloaded before import = 0Number of asset objects unloaded after import = 9

========================================================================
Received Import Request.
  Time since last request: 0.000017 seconds.
  path: Assets/HQP STUDIOS/Rocks and Terrains Pack - Low Poly/Models/Rocks/Sharp Rocks/Sharp Rocks/Sharp_Rock_9.fbx
  artifactKey: Guid(9f85bfefdec3ef8428e6677634fde684) Importer(2089858483,0ecaa5967403d082aa24f35e1b516d23)
Start importing Assets/HQP STUDIOS/Rocks and Terrains Pack - Low Poly/Models/Rocks/Sharp Rocks/Sharp Rocks/Sharp_Rock_9.fbx using Guid(9f85bfefdec3ef8428e6677634fde684) Importer(2089858483,0ecaa5967403d082aa24f35e1b516d23) (ScriptedImporter) -> (artifact id: 'acfbcc9cc23334748ea83aef590ca2f9') in 0.0154279 seconds
Number of updated asset objects reloaded before import = 0Number of asset objects unloaded after import = 9

========================================================================
Received Import Request.
  Time since last request: 0.000014 seconds.
  path: Assets/HQP STUDIOS/Rocks and Terrains Pack - Low Poly/Models/Rocks/Flat Rocks/Flat Rocks/Flat_Rock_28.fbx
  artifactKey: Guid(19156ca93e49acf47821be036dbaf8d4) Importer(2089858483,0ecaa5967403d082aa24f35e1b516d23)
Start importing Assets/HQP STUDIOS/Rocks and Terrains Pack - Low Poly/Models/Rocks/Flat Rocks/Flat Rocks/Flat_Rock_28.fbx using Guid(19156ca93e49acf47821be036dbaf8d4) Importer(2089858483,0ecaa5967403d082aa24f35e1b516d23) (ScriptedImporter) -> (artifact id: '520ea857214d2a7580faeaa6e8af5fd5') in 0.0147985 seconds
Number of updated asset objects reloaded before import = 0Number of asset objects unloaded after import = 9

========================================================================
Received Import Request.
  Time since last request: 0.000015 seconds.
  path: Assets/HQP STUDIOS/Rocks and Terrains Pack - Low Poly/Models/Rocks/Flat Rocks/Flat Rocks/Flat_Rock_4.fbx
  artifactKey: Guid(b1466b9b659e3b042804b43f78b3f4ed) Importer(2089858483,0ecaa5967403d082aa24f35e1b516d23)
Start importing Assets/HQP STUDIOS/Rocks and Terrains Pack - Low Poly/Models/Rocks/Flat Rocks/Flat Rocks/Flat_Rock_4.fbx using Guid(b1466b9b659e3b042804b43f78b3f4ed) Importer(2089858483,0ecaa5967403d082aa24f35e1b516d23) (ScriptedImporter) -> (artifact id: '8975b360e0c05b608182c3e1a2bde8ec') in 0.0159224 seconds
Number of updated asset objects reloaded before import = 0Number of asset objects unloaded after import = 9

========================================================================
Received Import Request.
  Time since last request: 0.000014 seconds.
  path: Assets/HQP STUDIOS/Rocks and Terrains Pack - Low Poly/Models/Rocks/Sharp Rocks/Moss Sharp Rocks/Sharp_Moss_Rock_1.fbx
  artifactKey: Guid(a614e18c779e5614abe43b8c8151d226) Importer(2089858483,0ecaa5967403d082aa24f35e1b516d23)
Start importing Assets/HQP STUDIOS/Rocks and Terrains Pack - Low Poly/Models/Rocks/Sharp Rocks/Moss Sharp Rocks/Sharp_Moss_Rock_1.fbx using Guid(a614e18c779e5614abe43b8c8151d226) Importer(2089858483,0ecaa5967403d082aa24f35e1b516d23) (ScriptedImporter) -> (artifact id: 'ed6c767064abca5cb20b020ece80f5f4') in 0.0158703 seconds
Number of updated asset objects reloaded before import = 0Number of asset objects unloaded after import = 9

========================================================================
Received Import Request.
  Time since last request: 0.000017 seconds.
  path: Assets/HQP STUDIOS/Rocks and Terrains Pack - Low Poly/Models/Rocks/Sharp Rocks/Sharp Rocks/Sharp_Rock_7.fbx
  artifactKey: Guid(8e5d4b51f981e3c4e8fb8d25f7fdf846) Importer(2089858483,0ecaa5967403d082aa24f35e1b516d23)
Start importing Assets/HQP STUDIOS/Rocks and Terrains Pack - Low Poly/Models/Rocks/Sharp Rocks/Sharp Rocks/Sharp_Rock_7.fbx using Guid(8e5d4b51f981e3c4e8fb8d25f7fdf846) Importer(2089858483,0ecaa5967403d082aa24f35e1b516d23) (ScriptedImporter) -> (artifact id: '29724a963b1e0f7dbcbeb0b1ab762a3e') in 0.0169565 seconds
Number of updated asset objects reloaded before import = 0Number of asset objects unloaded after import = 9

========================================================================
Received Import Request.
  Time since last request: 0.000019 seconds.
  path: Assets/HQP STUDIOS/Rocks and Terrains Pack - Low Poly/Models/Rocks/Flat Rocks/Moss Flat Rocks/Flat_Moss_Rock_17.fbx
  artifactKey: Guid(d03235d25d5469e46bb248e8cc6923fc) Importer(2089858483,0ecaa5967403d082aa24f35e1b516d23)
Start importing Assets/HQP STUDIOS/Rocks and Terrains Pack - Low Poly/Models/Rocks/Flat Rocks/Moss Flat Rocks/Flat_Moss_Rock_17.fbx using Guid(d03235d25d5469e46bb248e8cc6923fc) Importer(2089858483,0ecaa5967403d082aa24f35e1b516d23) (ScriptedImporter) -> (artifact id: '042c29f469fe76c1437fec5995517a98') in 0.0138479 seconds
Number of updated asset objects reloaded before import = 0Number of asset objects unloaded after import = 9

========================================================================
Received Import Request.
  Time since last request: 0.000012 seconds.
  path: Assets/HQP STUDIOS/Rocks and Terrains Pack - Low Poly/Models/Rocks/Flat Rocks/Moss Flat Rocks/Flat_Moss_Rock_25.fbx
  artifactKey: Guid(a6b4ab586b8411447a8635ae4d2691cb) Importer(2089858483,0ecaa5967403d082aa24f35e1b516d23)
Start importing Assets/HQP STUDIOS/Rocks and Terrains Pack - Low Poly/Models/Rocks/Flat Rocks/Moss Flat Rocks/Flat_Moss_Rock_25.fbx using Guid(a6b4ab586b8411447a8635ae4d2691cb) Importer(2089858483,0ecaa5967403d082aa24f35e1b516d23) (ScriptedImporter) -> (artifact id: '78754135f41afea6cfb4f96e4d75c458') in 0.0163433 seconds
Number of updated asset objects reloaded before import = 0Number of asset objects unloaded after import = 9

========================================================================
Received Import Request.
  Time since last request: 0.000018 seconds.
  path: Assets/HQP STUDIOS/Rocks and Terrains Pack - Low Poly/Models/Rocks/Flat Rocks/Moss Flat Rocks/Flat_Moss_Rock_2.fbx
  artifactKey: Guid(aa432f856cd21464cad279294be4eeab) Importer(2089858483,0ecaa5967403d082aa24f35e1b516d23)
Start importing Assets/HQP STUDIOS/Rocks and Terrains Pack - Low Poly/Models/Rocks/Flat Rocks/Moss Flat Rocks/Flat_Moss_Rock_2.fbx using Guid(aa432f856cd21464cad279294be4eeab) Importer(2089858483,0ecaa5967403d082aa24f35e1b516d23) (ScriptedImporter) -> (artifact id: 'db4191aef7fdf5e4cedba2fdf713ae99') in 0.0133304 seconds
Number of updated asset objects reloaded before import = 0Number of asset objects unloaded after import = 9

========================================================================
Received Import Request.
  Time since last request: 0.000024 seconds.
  path: Assets/HQP STUDIOS/Rocks and Terrains Pack - Low Poly/Models/Rocks/Flat Rocks/Flat Rocks/Flat_Rock_13.fbx
  artifactKey: Guid(9e0e6c5a7d8416d44928aa38b0ac9bd1) Importer(2089858483,0ecaa5967403d082aa24f35e1b516d23)
Start importing Assets/HQP STUDIOS/Rocks and Terrains Pack - Low Poly/Models/Rocks/Flat Rocks/Flat Rocks/Flat_Rock_13.fbx using Guid(9e0e6c5a7d8416d44928aa38b0ac9bd1) Importer(2089858483,0ecaa5967403d082aa24f35e1b516d23) (ScriptedImporter) -> (artifact id: 'c9f5a95f7416d1a2e552e244b30077ef') in 0.0159305 seconds
Number of updated asset objects reloaded before import = 0Number of asset objects unloaded after import = 9

========================================================================
Received Import Request.
  Time since last request: 0.000016 seconds.
  path: Assets/HQP STUDIOS/Rocks and Terrains Pack - Low Poly/Models/Rocks/Flat Rocks/Snow Flat Rocks/Flat_Snow_Rock_2.fbx
  artifactKey: Guid(ed071a08d2aff6c47bb4a0647e949400) Importer(2089858483,0ecaa5967403d082aa24f35e1b516d23)
Start importing Assets/HQP STUDIOS/Rocks and Terrains Pack - Low Poly/Models/Rocks/Flat Rocks/Snow Flat Rocks/Flat_Snow_Rock_2.fbx using Guid(ed071a08d2aff6c47bb4a0647e949400) Importer(2089858483,0ecaa5967403d082aa24f35e1b516d23) (ScriptedImporter) -> (artifact id: '500eda9a3a469096d6afcfabebdb6931') in 0.0153194 seconds
Number of updated asset objects reloaded before import = 0Number of asset objects unloaded after import = 9

========================================================================
Received Import Request.
  Time since last request: 0.000014 seconds.
  path: Assets/HQP STUDIOS/Rocks and Terrains Pack - Low Poly/Models/Rocks/Sharp Rocks/Snow Sharp Rocks/Sharp_Snow_Rock_10.fbx
  artifactKey: Guid(006c0796f1f8a3a49814bc66bcf75763) Importer(2089858483,0ecaa5967403d082aa24f35e1b516d23)
Start importing Assets/HQP STUDIOS/Rocks and Terrains Pack - Low Poly/Models/Rocks/Sharp Rocks/Snow Sharp Rocks/Sharp_Snow_Rock_10.fbx using Guid(006c0796f1f8a3a49814bc66bcf75763) Importer(2089858483,0ecaa5967403d082aa24f35e1b516d23) (ScriptedImporter) -> (artifact id: '31243439e37a89c73fc8f49944569b62') in 0.0153949 seconds
Number of updated asset objects reloaded before import = 0Number of asset objects unloaded after import = 9

========================================================================
Received Import Request.
  Time since last request: 0.000013 seconds.
  path: Assets/HQP STUDIOS/Rocks and Terrains Pack - Low Poly/Models/Rocks/Flat Rocks/Flat Rocks/Flat_Rock_2.fbx
  artifactKey: Guid(3c376500d3936584b990ecc79c0a4c23) Importer(2089858483,0ecaa5967403d082aa24f35e1b516d23)
Start importing Assets/HQP STUDIOS/Rocks and Terrains Pack - Low Poly/Models/Rocks/Flat Rocks/Flat Rocks/Flat_Rock_2.fbx using Guid(3c376500d3936584b990ecc79c0a4c23) Importer(2089858483,0ecaa5967403d082aa24f35e1b516d23) (ScriptedImporter) -> (artifact id: '9c1a41da672c8bc81f4ef589ef55f8c9') in 0.0143666 seconds
Number of updated asset objects reloaded before import = 0Number of asset objects unloaded after import = 9

========================================================================
Received Import Request.
  Time since last request: 0.000017 seconds.
  path: Assets/HQP STUDIOS/Rocks and Terrains Pack - Low Poly/Models/Rocks/Flat Rocks/Flat Rocks/Flat_Rock_21.fbx
  artifactKey: Guid(45d39d962f1b858458ff645c5d8aff5a) Importer(2089858483,0ecaa5967403d082aa24f35e1b516d23)
Start importing Assets/HQP STUDIOS/Rocks and Terrains Pack - Low Poly/Models/Rocks/Flat Rocks/Flat Rocks/Flat_Rock_21.fbx using Guid(45d39d962f1b858458ff645c5d8aff5a) Importer(2089858483,0ecaa5967403d082aa24f35e1b516d23) (ScriptedImporter) -> (artifact id: 'b4c08a16706968344b1c0119d8091501') in 0.0198015 seconds
Number of updated asset objects reloaded before import = 0Number of asset objects unloaded after import = 9

========================================================================
Received Import Request.
  Time since last request: 0.000017 seconds.
  path: Assets/HQP STUDIOS/Rocks and Terrains Pack - Low Poly/Models/Rocks/Sharp Rocks/Sharp Rocks/Sharp_Rock_4.fbx
  artifactKey: Guid(80e897207f8a40a4fb8463f2a9a3a194) Importer(2089858483,0ecaa5967403d082aa24f35e1b516d23)
Start importing Assets/HQP STUDIOS/Rocks and Terrains Pack - Low Poly/Models/Rocks/Sharp Rocks/Sharp Rocks/Sharp_Rock_4.fbx using Guid(80e897207f8a40a4fb8463f2a9a3a194) Importer(2089858483,0ecaa5967403d082aa24f35e1b516d23) (ScriptedImporter) -> (artifact id: '349e20b5594fda117474278dbaf6ed97') in 0.0134897 seconds
Number of updated asset objects reloaded before import = 0Number of asset objects unloaded after import = 9

========================================================================
Received Import Request.
  Time since last request: 0.000013 seconds.
  path: Assets/HQP STUDIOS/Rocks and Terrains Pack - Low Poly/Models/Rocks/Flat Rocks/Snow Flat Rocks/Flat_Snow_Rock_19.fbx
  artifactKey: Guid(c040e2eeacd3d45478327193861ccd45) Importer(2089858483,0ecaa5967403d082aa24f35e1b516d23)
Start importing Assets/HQP STUDIOS/Rocks and Terrains Pack - Low Poly/Models/Rocks/Flat Rocks/Snow Flat Rocks/Flat_Snow_Rock_19.fbx using Guid(c040e2eeacd3d45478327193861ccd45) Importer(2089858483,0ecaa5967403d082aa24f35e1b516d23) (ScriptedImporter) -> (artifact id: 'f38431139fed8f3e35b9c75e2f5e7950') in 0.0154302 seconds
Number of updated asset objects reloaded before import = 0Number of asset objects unloaded after import = 9

========================================================================
Received Import Request.
  Time since last request: 0.000032 seconds.
  path: Assets/HQP STUDIOS/Rocks and Terrains Pack - Low Poly/Models/Rocks/Flat Rocks/Moss Flat Rocks/Flat_Moss_Rock_28.fbx
  artifactKey: Guid(ae7ca100fbc5dae4086790b86c41689c) Importer(2089858483,0ecaa5967403d082aa24f35e1b516d23)
Start importing Assets/HQP STUDIOS/Rocks and Terrains Pack - Low Poly/Models/Rocks/Flat Rocks/Moss Flat Rocks/Flat_Moss_Rock_28.fbx using Guid(ae7ca100fbc5dae4086790b86c41689c) Importer(2089858483,0ecaa5967403d082aa24f35e1b516d23) (ScriptedImporter) -> (artifact id: '5764bc62f1802c580584fa980b94ae82') in 0.013765 seconds
Number of updated asset objects reloaded before import = 0Number of asset objects unloaded after import = 9

========================================================================
Received Import Request.
  Time since last request: 0.000014 seconds.
  path: Assets/HQP STUDIOS/Rocks and Terrains Pack - Low Poly/Models/Rocks/Sharp Rocks/Moss Sharp Rocks/Sharp_Moss_Rock_7.fbx
  artifactKey: Guid(6200e79294fdb9447aacc88290a8ff29) Importer(2089858483,0ecaa5967403d082aa24f35e1b516d23)
Start importing Assets/HQP STUDIOS/Rocks and Terrains Pack - Low Poly/Models/Rocks/Sharp Rocks/Moss Sharp Rocks/Sharp_Moss_Rock_7.fbx using Guid(6200e79294fdb9447aacc88290a8ff29) Importer(2089858483,0ecaa5967403d082aa24f35e1b516d23) (ScriptedImporter) -> (artifact id: '70217e35735d90fb80592ac77820d370') in 0.0145783 seconds
Number of updated asset objects reloaded before import = 0Number of asset objects unloaded after import = 9

========================================================================
Received Import Request.
  Time since last request: 0.000016 seconds.
  path: Assets/HQP STUDIOS/Rocks and Terrains Pack - Low Poly/Models/Rocks/Sharp Rocks/Snow Sharp Rocks/Sharp_Snow_Rock_11.fbx
  artifactKey: Guid(a70dd1292e90f23418496c664211b40e) Importer(2089858483,0ecaa5967403d082aa24f35e1b516d23)
Start importing Assets/HQP STUDIOS/Rocks and Terrains Pack - Low Poly/Models/Rocks/Sharp Rocks/Snow Sharp Rocks/Sharp_Snow_Rock_11.fbx using Guid(a70dd1292e90f23418496c664211b40e) Importer(2089858483,0ecaa5967403d082aa24f35e1b516d23) (ScriptedImporter) -> (artifact id: '3cde2cb5f2dd241db902729cf6d542fb') in 0.014914 seconds
Number of updated asset objects reloaded before import = 0Number of asset objects unloaded after import = 9

========================================================================
Received Import Request.
  Time since last request: 0.000015 seconds.
  path: Assets/HQP STUDIOS/Rocks and Terrains Pack - Low Poly/Models/Rocks/Sharp Rocks/Moss Sharp Rocks/Sharp_Moss_Rock_9.fbx
  artifactKey: Guid(29acb8332a3e367418a0c3134cd72037) Importer(2089858483,0ecaa5967403d082aa24f35e1b516d23)
Start importing Assets/HQP STUDIOS/Rocks and Terrains Pack - Low Poly/Models/Rocks/Sharp Rocks/Moss Sharp Rocks/Sharp_Moss_Rock_9.fbx using Guid(29acb8332a3e367418a0c3134cd72037) Importer(2089858483,0ecaa5967403d082aa24f35e1b516d23) (ScriptedImporter) -> (artifact id: '84eb72b3b6a3220b43f3dd0361956a3f') in 0.0174665 seconds
Number of updated asset objects reloaded before import = 0Number of asset objects unloaded after import = 9

========================================================================
Received Import Request.
  Time since last request: 0.000018 seconds.
  path: Assets/HQP STUDIOS/Rocks and Terrains Pack - Low Poly/Models/Rocks/Flat Rocks/Snow Flat Rocks/Flat_Snow_Rock_6.fbx
  artifactKey: Guid(e28faff316bf69544895f8102f1a8ef8) Importer(2089858483,0ecaa5967403d082aa24f35e1b516d23)
Start importing Assets/HQP STUDIOS/Rocks and Terrains Pack - Low Poly/Models/Rocks/Flat Rocks/Snow Flat Rocks/Flat_Snow_Rock_6.fbx using Guid(e28faff316bf69544895f8102f1a8ef8) Importer(2089858483,0ecaa5967403d082aa24f35e1b516d23) (ScriptedImporter) -> (artifact id: 'f33213483efe6a4f7786d9c64b920fe7') in 0.016292 seconds
Number of updated asset objects reloaded before import = 0Number of asset objects unloaded after import = 9

========================================================================
Received Import Request.
  Time since last request: 0.000016 seconds.
  path: Assets/HQP STUDIOS/Rocks and Terrains Pack - Low Poly/Models/Rocks/Flat Rocks/Moss Flat Rocks/Flat_Moss_Rock_13.fbx
  artifactKey: Guid(62e88e90cf1813e49ad9c8fb80938fc1) Importer(2089858483,0ecaa5967403d082aa24f35e1b516d23)
Start importing Assets/HQP STUDIOS/Rocks and Terrains Pack - Low Poly/Models/Rocks/Flat Rocks/Moss Flat Rocks/Flat_Moss_Rock_13.fbx using Guid(62e88e90cf1813e49ad9c8fb80938fc1) Importer(2089858483,0ecaa5967403d082aa24f35e1b516d23) (ScriptedImporter) -> (artifact id: 'c12f95021a679c523ffbd25b75205f4c') in 0.0170054 seconds
Number of updated asset objects reloaded before import = 0Number of asset objects unloaded after import = 9

========================================================================
Received Import Request.
  Time since last request: 0.000015 seconds.
  path: Assets/HQP STUDIOS/Rocks and Terrains Pack - Low Poly/Models/Rocks/Sharp Rocks/Sharp Rocks/Sharp_Rock_5.fbx
  artifactKey: Guid(9f54bd20da34f534595483e973d23a45) Importer(2089858483,0ecaa5967403d082aa24f35e1b516d23)
Start importing Assets/HQP STUDIOS/Rocks and Terrains Pack - Low Poly/Models/Rocks/Sharp Rocks/Sharp Rocks/Sharp_Rock_5.fbx using Guid(9f54bd20da34f534595483e973d23a45) Importer(2089858483,0ecaa5967403d082aa24f35e1b516d23) (ScriptedImporter) -> (artifact id: 'e51455bbbbac06a10980c438c0407000') in 0.0138465 seconds
Number of updated asset objects reloaded before import = 0Number of asset objects unloaded after import = 9

========================================================================
Received Import Request.
  Time since last request: 0.000025 seconds.
  path: Assets/HQP STUDIOS/Rocks and Terrains Pack - Low Poly/Models/Rocks/Flat Rocks/Snow Flat Rocks/Flat_Snow_Rock_13.fbx
  artifactKey: Guid(20681c84a9419df4889ae7f56bc46650) Importer(2089858483,0ecaa5967403d082aa24f35e1b516d23)
Start importing Assets/HQP STUDIOS/Rocks and Terrains Pack - Low Poly/Models/Rocks/Flat Rocks/Snow Flat Rocks/Flat_Snow_Rock_13.fbx using Guid(20681c84a9419df4889ae7f56bc46650) Importer(2089858483,0ecaa5967403d082aa24f35e1b516d23) (ScriptedImporter) -> (artifact id: '785452498e7b3ffa91fc3e3453f1b6d9') in 0.0167304 seconds
Number of updated asset objects reloaded before import = 0Number of asset objects unloaded after import = 9

========================================================================
Received Import Request.
  Time since last request: 0.000019 seconds.
  path: Assets/TextMesh Pro/Examples & Extras/Textures/Small Crate_normal.jpg
  artifactKey: Guid(8878a782f4334ecbbcf683b3ac780966) Importer(2089858483,0ecaa5967403d082aa24f35e1b516d23)
Start importing Assets/TextMesh Pro/Examples & Extras/Textures/Small Crate_normal.jpg using Guid(8878a782f4334ecbbcf683b3ac780966) Importer(2089858483,0ecaa5967403d082aa24f35e1b516d23) (ScriptedImporter) -> (artifact id: '009bf98e73be924f7b7f86482ae300a7') in 0.0152626 seconds
Number of updated asset objects reloaded before import = 0Number of asset objects unloaded after import = 1

========================================================================
Received Import Request.
  Time since last request: 0.000018 seconds.
  path: Assets/HQP STUDIOS/Rocks and Terrains Pack - Low Poly/Models/Rocks/Block Rocks/Moss Block Rocks/Block_Moss_Rock_14.fbx
  artifactKey: Guid(7c9b5376399744e4383d498f67757bed) Importer(2089858483,0ecaa5967403d082aa24f35e1b516d23)
Start importing Assets/HQP STUDIOS/Rocks and Terrains Pack - Low Poly/Models/Rocks/Block Rocks/Moss Block Rocks/Block_Moss_Rock_14.fbx using Guid(7c9b5376399744e4383d498f67757bed) Importer(2089858483,0ecaa5967403d082aa24f35e1b516d23) (ScriptedImporter) -> (artifact id: '7b2f556c02ab2817b88a98685dd69257') in 0.0179496 seconds
Number of updated asset objects reloaded before import = 0Number of asset objects unloaded after import = 9

========================================================================
Received Import Request.
  Time since last request: 0.000015 seconds.
  path: Assets/HQP STUDIOS/Rocks and Terrains Pack - Low Poly/Models/Rocks/Block Rocks/Snow Block Rocks/Block_Snow_Rock_14.fbx
  artifactKey: Guid(59593fd6466d40149b2d716382f3bf39) Importer(2089858483,0ecaa5967403d082aa24f35e1b516d23)
Start importing Assets/HQP STUDIOS/Rocks and Terrains Pack - Low Poly/Models/Rocks/Block Rocks/Snow Block Rocks/Block_Snow_Rock_14.fbx using Guid(59593fd6466d40149b2d716382f3bf39) Importer(2089858483,0ecaa5967403d082aa24f35e1b516d23) (ScriptedImporter) -> (artifact id: '8cd2279345729186b01c8334f19dab08') in 0.0144512 seconds
Number of updated asset objects reloaded before import = 0Number of asset objects unloaded after import = 9

========================================================================
Received Import Request.
  Time since last request: 0.000018 seconds.
  path: Assets/HQP STUDIOS/Rocks and Terrains Pack - Low Poly/Models/Rocks/Sharp Rocks/Snow Sharp Rocks/Sharp_Snow_Rock_4.fbx
  artifactKey: Guid(ec12340fdb937c04e892ce8b5d4310ff) Importer(2089858483,0ecaa5967403d082aa24f35e1b516d23)
Start importing Assets/HQP STUDIOS/Rocks and Terrains Pack - Low Poly/Models/Rocks/Sharp Rocks/Snow Sharp Rocks/Sharp_Snow_Rock_4.fbx using Guid(ec12340fdb937c04e892ce8b5d4310ff) Importer(2089858483,0ecaa5967403d082aa24f35e1b516d23) (ScriptedImporter) -> (artifact id: '3f1900cd8a5ffb9507d3d6ffb5aaff51') in 0.0156877 seconds
Number of updated asset objects reloaded before import = 0Number of asset objects unloaded after import = 9

========================================================================
Received Import Request.
  Time since last request: 0.000015 seconds.
  path: Assets/DefaceGames/Fantasy Map Assets Pack Lite/Assets/mountains-black/mount9.png
  artifactKey: Guid(eb7ee6d0ef30d114087eb2e0ba1b5c3e) Importer(2089858483,0ecaa5967403d082aa24f35e1b516d23)
Start importing Assets/DefaceGames/Fantasy Map Assets Pack Lite/Assets/mountains-black/mount9.png using Guid(eb7ee6d0ef30d114087eb2e0ba1b5c3e) Importer(2089858483,0ecaa5967403d082aa24f35e1b516d23) (ScriptedImporter) -> (artifact id: 'db642374d883ae5ff85c559bd95e05f4') in 0.022391 seconds
Number of updated asset objects reloaded before import = 0Number of asset objects unloaded after import = 3

========================================================================
Received Import Request.
  Time since last request: 0.000017 seconds.
  path: Assets/HQP STUDIOS/Rocks and Terrains Pack - Low Poly/Models/Rocks/Block Rocks/Moss Block Rocks/Block_Moss_Rock_16.fbx
  artifactKey: Guid(3a68eff8f7f22ef4a9a00606b1771d8e) Importer(2089858483,0ecaa5967403d082aa24f35e1b516d23)
Start importing Assets/HQP STUDIOS/Rocks and Terrains Pack - Low Poly/Models/Rocks/Block Rocks/Moss Block Rocks/Block_Moss_Rock_16.fbx using Guid(3a68eff8f7f22ef4a9a00606b1771d8e) Importer(2089858483,0ecaa5967403d082aa24f35e1b516d23) (ScriptedImporter) -> (artifact id: '30e2bf4561a8d511b9ebf04aac5641b2') in 0.0163493 seconds
Number of updated asset objects reloaded before import = 0Number of asset objects unloaded after import = 9

========================================================================
Received Import Request.
  Time since last request: 0.000016 seconds.
  path: Assets/TextMesh Pro/Examples & Extras/Resources/Fonts & Materials/Bangers SDF - Drop Shadow.mat
  artifactKey: Guid(f2dcf029949142e28b974630369c8b4e) Importer(2089858483,0ecaa5967403d082aa24f35e1b516d23)
Start importing Assets/TextMesh Pro/Examples & Extras/Resources/Fonts & Materials/Bangers SDF - Drop Shadow.mat using Guid(f2dcf029949142e28b974630369c8b4e) Importer(2089858483,0ecaa5967403d082aa24f35e1b516d23) (ScriptedImporter) -> (artifact id: '14e9b4e4cd0cd10cd9eebbf225471154') in 0.0115549 seconds
Number of updated asset objects reloaded before import = 0Number of asset objects unloaded after import = 2

========================================================================
Received Import Request.
  Time since last request: 0.000026 seconds.
  path: Assets/DefaceGames/Fantasy Map Assets Pack Lite/Assets/backgrounds/base paper bg.png
  artifactKey: Guid(b5a35330975e5a34a9ccb8860ece3cd6) Importer(2089858483,0ecaa5967403d082aa24f35e1b516d23)
Start importing Assets/DefaceGames/Fantasy Map Assets Pack Lite/Assets/backgrounds/base paper bg.png using Guid(b5a35330975e5a34a9ccb8860ece3cd6) Importer(2089858483,0ecaa5967403d082aa24f35e1b516d23) (ScriptedImporter) -> (artifact id: '3a0ee4c95cd0c75d22fef142ad37df8e') in 0.0164509 seconds
Number of updated asset objects reloaded before import = 0Number of asset objects unloaded after import = 3

========================================================================
Received Import Request.
  Time since last request: 0.000019 seconds.
  path: Assets/HQP STUDIOS/Rocks and Terrains Pack - Low Poly/Models/Rocks/Block Rocks/Moss Block Rocks/Block_Moss_Rock_12.fbx
  artifactKey: Guid(8d426548d0eda244ba277615f6b66d15) Importer(2089858483,0ecaa5967403d082aa24f35e1b516d23)
Start importing Assets/HQP STUDIOS/Rocks and Terrains Pack - Low Poly/Models/Rocks/Block Rocks/Moss Block Rocks/Block_Moss_Rock_12.fbx using Guid(8d426548d0eda244ba277615f6b66d15) Importer(2089858483,0ecaa5967403d082aa24f35e1b516d23) (ScriptedImporter) -> (artifact id: '1bbb427f9b0bb3afd698124b40a705b3') in 0.0179014 seconds
Number of updated asset objects reloaded before import = 0Number of asset objects unloaded after import = 9

========================================================================
Received Import Request.
  Time since last request: 0.000021 seconds.
  path: Assets/HQP STUDIOS/Rocks and Terrains Pack - Low Poly/Models/Rocks/Flat Rocks/Snow Flat Rocks/Flat_Snow_Rock_7.fbx
  artifactKey: Guid(6a92eab310bbd0d45925cc630985737d) Importer(2089858483,0ecaa5967403d082aa24f35e1b516d23)
Start importing Assets/HQP STUDIOS/Rocks and Terrains Pack - Low Poly/Models/Rocks/Flat Rocks/Snow Flat Rocks/Flat_Snow_Rock_7.fbx using Guid(6a92eab310bbd0d45925cc630985737d) Importer(2089858483,0ecaa5967403d082aa24f35e1b516d23) (ScriptedImporter) -> (artifact id: 'c602b0eb833035ad97a9212f0581ae8d') in 0.0160593 seconds
Number of updated asset objects reloaded before import = 0Number of asset objects unloaded after import = 9

========================================================================
Received Import Request.
  Time since last request: 0.000016 seconds.
  path: Assets/HQP STUDIOS/Rocks and Terrains Pack - Low Poly/Models/Rocks/Flat Rocks/Flat Rocks/Flat_Rock_9.fbx
  artifactKey: Guid(ea95bd2ae1cfd724d83c4a3972c983f0) Importer(2089858483,0ecaa5967403d082aa24f35e1b516d23)
Start importing Assets/HQP STUDIOS/Rocks and Terrains Pack - Low Poly/Models/Rocks/Flat Rocks/Flat Rocks/Flat_Rock_9.fbx using Guid(ea95bd2ae1cfd724d83c4a3972c983f0) Importer(2089858483,0ecaa5967403d082aa24f35e1b516d23) (ScriptedImporter) -> (artifact id: 'cb73e2c9fa908afb4499f82a3a65f011') in 0.0158287 seconds
Number of updated asset objects reloaded before import = 0Number of asset objects unloaded after import = 9

========================================================================
Received Import Request.
  Time since last request: 0.000016 seconds.
  path: Assets/HQP STUDIOS/Rocks and Terrains Pack - Low Poly/Models/Rocks/Flat Rocks/Snow Flat Rocks/Flat_Snow_Rock_25.fbx
  artifactKey: Guid(1613a6514d23cbe4484ad234ef937c71) Importer(2089858483,0ecaa5967403d082aa24f35e1b516d23)
Start importing Assets/HQP STUDIOS/Rocks and Terrains Pack - Low Poly/Models/Rocks/Flat Rocks/Snow Flat Rocks/Flat_Snow_Rock_25.fbx using Guid(1613a6514d23cbe4484ad234ef937c71) Importer(2089858483,0ecaa5967403d082aa24f35e1b516d23) (ScriptedImporter) -> (artifact id: 'c529af4a6454185fd06ca0ed9b06a3ea') in 0.0134302 seconds
Number of updated asset objects reloaded before import = 0Number of asset objects unloaded after import = 9

========================================================================
Received Import Request.
  Time since last request: 0.000018 seconds.
  path: Assets/HQP STUDIOS/Rocks and Terrains Pack - Low Poly/Models/Rocks/Block Rocks/Moss Block Rocks/Block_Moss_Rock_30.fbx
  artifactKey: Guid(84dcde963e523b54392896a90be88b8f) Importer(2089858483,0ecaa5967403d082aa24f35e1b516d23)
Start importing Assets/HQP STUDIOS/Rocks and Terrains Pack - Low Poly/Models/Rocks/Block Rocks/Moss Block Rocks/Block_Moss_Rock_30.fbx using Guid(84dcde963e523b54392896a90be88b8f) Importer(2089858483,0ecaa5967403d082aa24f35e1b516d23) (ScriptedImporter) -> (artifact id: '7a944052d00e0ab05e609900d246a91b') in 0.0156082 seconds
Number of updated asset objects reloaded before import = 0Number of asset objects unloaded after import = 9

========================================================================
Received Import Request.
  Time since last request: 0.000021 seconds.
  path: Assets/HQP STUDIOS/Rocks and Terrains Pack - Low Poly/Models/Rocks/Flat Rocks/Flat Rocks/Flat_Rock_3.fbx
  artifactKey: Guid(647309ff5b882bd4085713ac7cbcf9af) Importer(2089858483,0ecaa5967403d082aa24f35e1b516d23)
Start importing Assets/HQP STUDIOS/Rocks and Terrains Pack - Low Poly/Models/Rocks/Flat Rocks/Flat Rocks/Flat_Rock_3.fbx using Guid(647309ff5b882bd4085713ac7cbcf9af) Importer(2089858483,0ecaa5967403d082aa24f35e1b516d23) (ScriptedImporter) -> (artifact id: '932cfbaf7c0292002f5c188c482a31d2') in 0.01503 seconds
Number of updated asset objects reloaded before import = 0Number of asset objects unloaded after import = 9

========================================================================
Received Import Request.
  Time since last request: 0.000015 seconds.
  path: Assets/TextMesh Pro/Examples & Extras/Resources/Color Gradient Presets/Dark to Light Green - Vertical.asset
  artifactKey: Guid(4c86a3366cd840348ebe8dc438570ee4) Importer(2089858483,0ecaa5967403d082aa24f35e1b516d23)
Start importing Assets/TextMesh Pro/Examples & Extras/Resources/Color Gradient Presets/Dark to Light Green - Vertical.asset using Guid(4c86a3366cd840348ebe8dc438570ee4) Importer(2089858483,0ecaa5967403d082aa24f35e1b516d23) (ScriptedImporter) -> (artifact id: 'f45e80965e26553c169aa821c10f9b22') in 0.0103199 seconds
Number of updated asset objects reloaded before import = 0Number of asset objects unloaded after import = 1

========================================================================
Received Import Request.
  Time since last request: 0.000023 seconds.
  path: Assets/DefaceGames/Fantasy Map Assets Pack Lite/Assets/waves-black/waves calm3.png
  artifactKey: Guid(6c7250a698d29384db19a936b2b56250) Importer(2089858483,0ecaa5967403d082aa24f35e1b516d23)
Start importing Assets/DefaceGames/Fantasy Map Assets Pack Lite/Assets/waves-black/waves calm3.png using Guid(6c7250a698d29384db19a936b2b56250) Importer(2089858483,0ecaa5967403d082aa24f35e1b516d23) (ScriptedImporter) -> (artifact id: 'ba2788b115189264bc1b0b8aa8f2600c') in 0.020374 seconds
Number of updated asset objects reloaded before import = 0Number of asset objects unloaded after import = 3

========================================================================
Received Import Request.
  Time since last request: 0.000016 seconds.
  path: Assets/HQP STUDIOS/Rocks and Terrains Pack - Low Poly/Models/Rocks/Block Rocks/Snow Block Rocks/Block_Snow_Rock_4.fbx
  artifactKey: Guid(3e4a1fa2332ddb9479389d6f4dfb72c2) Importer(2089858483,0ecaa5967403d082aa24f35e1b516d23)
Start importing Assets/HQP STUDIOS/Rocks and Terrains Pack - Low Poly/Models/Rocks/Block Rocks/Snow Block Rocks/Block_Snow_Rock_4.fbx using Guid(3e4a1fa2332ddb9479389d6f4dfb72c2) Importer(2089858483,0ecaa5967403d082aa24f35e1b516d23) (ScriptedImporter) -> (artifact id: '385dad4d422a56ace4befd483d9bede9') in 0.0145371 seconds
Number of updated asset objects reloaded before import = 0Number of asset objects unloaded after import = 9

========================================================================
Received Import Request.
  Time since last request: 0.000014 seconds.
  path: Assets/DefaceGames/Fantasy Map Assets Pack Lite/Assets/trees-black/tree6 solid.png
  artifactKey: Guid(070ade48d91a38044a149fc3b607ff53) Importer(2089858483,0ecaa5967403d082aa24f35e1b516d23)
Start importing Assets/DefaceGames/Fantasy Map Assets Pack Lite/Assets/trees-black/tree6 solid.png using Guid(070ade48d91a38044a149fc3b607ff53) Importer(2089858483,0ecaa5967403d082aa24f35e1b516d23) (ScriptedImporter) -> (artifact id: '212abbf5ef5684d409716c85459d9dc5') in 0.0205817 seconds
Number of updated asset objects reloaded before import = 0Number of asset objects unloaded after import = 3

========================================================================
Received Import Request.
  Time since last request: 0.000016 seconds.
  path: Assets/HQP STUDIOS/Rocks and Terrains Pack - Low Poly/Models/Rocks/Block Rocks/Snow Block Rocks/Block_Snow_Rock_6.fbx
  artifactKey: Guid(d3f6d86fea744dc4fa45a734b0b9e7ba) Importer(2089858483,0ecaa5967403d082aa24f35e1b516d23)
Start importing Assets/HQP STUDIOS/Rocks and Terrains Pack - Low Poly/Models/Rocks/Block Rocks/Snow Block Rocks/Block_Snow_Rock_6.fbx using Guid(d3f6d86fea744dc4fa45a734b0b9e7ba) Importer(2089858483,0ecaa5967403d082aa24f35e1b516d23) (ScriptedImporter) -> (artifact id: '00fde181f8877c13025ce2c497757ee9') in 0.0136183 seconds
Number of updated asset objects reloaded before import = 0Number of asset objects unloaded after import = 9

========================================================================
Received Import Request.
  Time since last request: 0.000012 seconds.
  path: Assets/HQP STUDIOS/Rocks and Terrains Pack - Low Poly/Models/Rocks/Flat Rocks/Flat Rocks/Flat_Rock_6.fbx
  artifactKey: Guid(6bab93c2812ca434880e698319a6f856) Importer(2089858483,0ecaa5967403d082aa24f35e1b516d23)
Start importing Assets/HQP STUDIOS/Rocks and Terrains Pack - Low Poly/Models/Rocks/Flat Rocks/Flat Rocks/Flat_Rock_6.fbx using Guid(6bab93c2812ca434880e698319a6f856) Importer(2089858483,0ecaa5967403d082aa24f35e1b516d23) (ScriptedImporter) -> (artifact id: '1067fb6b202cef9509f2529e4f5f1e87') in 0.0179174 seconds
Number of updated asset objects reloaded before import = 0Number of asset objects unloaded after import = 9

========================================================================
Received Import Request.
  Time since last request: 0.000017 seconds.
  path: Assets/HQP STUDIOS/Rocks and Terrains Pack - Low Poly/Models/Rocks/Block Rocks/Snow Block Rocks/Block_Snow_Rock_36.fbx
  artifactKey: Guid(b5a50b98ebd1f134486ad6e8561b8287) Importer(2089858483,0ecaa5967403d082aa24f35e1b516d23)
Start importing Assets/HQP STUDIOS/Rocks and Terrains Pack - Low Poly/Models/Rocks/Block Rocks/Snow Block Rocks/Block_Snow_Rock_36.fbx using Guid(b5a50b98ebd1f134486ad6e8561b8287) Importer(2089858483,0ecaa5967403d082aa24f35e1b516d23) (ScriptedImporter) -> (artifact id: '1af72712a1d1c987cbf30c8ec42355ea') in 0.0137636 seconds
Number of updated asset objects reloaded before import = 0Number of asset objects unloaded after import = 9

========================================================================
Received Import Request.
  Time since last request: 0.000014 seconds.
  path: Assets/TextMesh Pro/Examples & Extras/Resources/Fonts & Materials/Bangers SDF Glow.mat
  artifactKey: Guid(d75b8f41e959450c84ac6e967084d3e1) Importer(2089858483,0ecaa5967403d082aa24f35e1b516d23)
Start importing Assets/TextMesh Pro/Examples & Extras/Resources/Fonts & Materials/Bangers SDF Glow.mat using Guid(d75b8f41e959450c84ac6e967084d3e1) Importer(2089858483,0ecaa5967403d082aa24f35e1b516d23) (ScriptedImporter) -> (artifact id: 'cd744aeb40f1a7863f9103f19cf35273') in 0.010337 seconds
Number of updated asset objects reloaded before import = 0Number of asset objects unloaded after import = 3

========================================================================
Received Import Request.
  Time since last request: 0.000016 seconds.
  path: Assets/HQP STUDIOS/Rocks and Terrains Pack - Low Poly/Models/Rocks/Block Rocks/Snow Block Rocks/Block_Snow_Rock_23.fbx
  artifactKey: Guid(fc42041b3c915c04dba1b4480a955dec) Importer(2089858483,0ecaa5967403d082aa24f35e1b516d23)
Start importing Assets/HQP STUDIOS/Rocks and Terrains Pack - Low Poly/Models/Rocks/Block Rocks/Snow Block Rocks/Block_Snow_Rock_23.fbx using Guid(fc42041b3c915c04dba1b4480a955dec) Importer(2089858483,0ecaa5967403d082aa24f35e1b516d23) (ScriptedImporter) -> (artifact id: '4c85f957038ace608e319b86d0a08c5b') in 0.0167224 seconds
Number of updated asset objects reloaded before import = 0Number of asset objects unloaded after import = 9

========================================================================
Received Import Request.
  Time since last request: 0.000017 seconds.
  path: Assets/HQP STUDIOS/Rocks and Terrains Pack - Low Poly/Models/Rocks/Flat Rocks/Snow Flat Rocks/Flat_Snow_Rock_23.fbx
  artifactKey: Guid(e53f2db3eaceed74aa8f72c99f0ba32f) Importer(2089858483,0ecaa5967403d082aa24f35e1b516d23)
Start importing Assets/HQP STUDIOS/Rocks and Terrains Pack - Low Poly/Models/Rocks/Flat Rocks/Snow Flat Rocks/Flat_Snow_Rock_23.fbx using Guid(e53f2db3eaceed74aa8f72c99f0ba32f) Importer(2089858483,0ecaa5967403d082aa24f35e1b516d23) (ScriptedImporter) -> (artifact id: '336ef2ef0b554423a1fbffa4493728f3') in 0.0149603 seconds
Number of updated asset objects reloaded before import = 0Number of asset objects unloaded after import = 9

========================================================================
Received Import Request.
  Time since last request: 0.000014 seconds.
  path: Assets/UI/Resource Vector Graphics/Source/UI_Graphic_Resource_Food.eps
  artifactKey: Guid(288ab92498fef43d8959dff6339488a3) Importer(2089858483,0ecaa5967403d082aa24f35e1b516d23)
Start importing Assets/UI/Resource Vector Graphics/Source/UI_Graphic_Resource_Food.eps using Guid(288ab92498fef43d8959dff6339488a3) Importer(2089858483,0ecaa5967403d082aa24f35e1b516d23) (ScriptedImporter) -> (artifact id: '5531fe69e07a1af8cd842c264196b5c6') in 0.0104886 seconds
Number of updated asset objects reloaded before import = 0Number of asset objects unloaded after import = 1

========================================================================
Received Import Request.
  Time since last request: 0.000055 seconds.
  path: Assets/HQP STUDIOS/Rocks and Terrains Pack - Low Poly/Models/Rocks/Flat Rocks/Moss Flat Rocks/Flat_Moss_Rock_22.fbx
  artifactKey: Guid(829349e2f0951f1479b74e9222143fe7) Importer(2089858483,0ecaa5967403d082aa24f35e1b516d23)
Start importing Assets/HQP STUDIOS/Rocks and Terrains Pack - Low Poly/Models/Rocks/Flat Rocks/Moss Flat Rocks/Flat_Moss_Rock_22.fbx using Guid(829349e2f0951f1479b74e9222143fe7) Importer(2089858483,0ecaa5967403d082aa24f35e1b516d23) (ScriptedImporter) -> (artifact id: '48ad28df1d3659a302f5ec534a677d4b') in 0.0144407 seconds
Number of updated asset objects reloaded before import = 0Number of asset objects unloaded after import = 9

========================================================================
Received Import Request.
  Time since last request: 0.000013 seconds.
  path: Assets/HQP STUDIOS/Rocks and Terrains Pack - Low Poly/Models/Rocks/Square Rocks/Snow Square Rocks/Square_Snow_Rock_26.fbx
  artifactKey: Guid(1630306db16ca34469bc0d69946a7fde) Importer(2089858483,0ecaa5967403d082aa24f35e1b516d23)
Start importing Assets/HQP STUDIOS/Rocks and Terrains Pack - Low Poly/Models/Rocks/Square Rocks/Snow Square Rocks/Square_Snow_Rock_26.fbx using Guid(1630306db16ca34469bc0d69946a7fde) Importer(2089858483,0ecaa5967403d082aa24f35e1b516d23) (ScriptedImporter) -> (artifact id: '53c68d1217c6fb6804dd68b2dfa889be') in 0.0157029 seconds
Number of updated asset objects reloaded before import = 0Number of asset objects unloaded after import = 9

========================================================================
Received Import Request.
  Time since last request: 0.000015 seconds.
  path: Assets/HQP STUDIOS/Rocks and Terrains Pack - Low Poly/Models/Rocks/Square Rocks/Moss Square Rocks/Square_Moss_Rock_21.fbx
  artifactKey: Guid(415893fa261063f498622f029db7f325) Importer(2089858483,0ecaa5967403d082aa24f35e1b516d23)
Start importing Assets/HQP STUDIOS/Rocks and Terrains Pack - Low Poly/Models/Rocks/Square Rocks/Moss Square Rocks/Square_Moss_Rock_21.fbx using Guid(415893fa261063f498622f029db7f325) Importer(2089858483,0ecaa5967403d082aa24f35e1b516d23) (ScriptedImporter) -> (artifact id: '87995d2a2ab35f9421336f566a343995') in 0.0139736 seconds
Number of updated asset objects reloaded before import = 0Number of asset objects unloaded after import = 9

========================================================================
Received Import Request.
  Time since last request: 0.000024 seconds.
  path: Assets/HQP STUDIOS/Rocks and Terrains Pack - Low Poly/Models/Rocks/Square Rocks/Moss Square Rocks/Square_Moss_Rock_3.fbx
  artifactKey: Guid(16c73707afcbce74fb4beb6e5f7543ad) Importer(2089858483,0ecaa5967403d082aa24f35e1b516d23)
Start importing Assets/HQP STUDIOS/Rocks and Terrains Pack - Low Poly/Models/Rocks/Square Rocks/Moss Square Rocks/Square_Moss_Rock_3.fbx using Guid(16c73707afcbce74fb4beb6e5f7543ad) Importer(2089858483,0ecaa5967403d082aa24f35e1b516d23) (ScriptedImporter) -> (artifact id: '84705cfb09c2b7ce2f29a46b33216cae') in 0.015429 seconds
Number of updated asset objects reloaded before import = 0Number of asset objects unloaded after import = 9

========================================================================
Received Import Request.
  Time since last request: 0.000015 seconds.
  path: Assets/HQP STUDIOS/Rocks and Terrains Pack - Low Poly/Models/Rocks/Square Rocks/Snow Square Rocks/Square_Snow_Rock_11.fbx
  artifactKey: Guid(924ad34b3cb1fd549ab6e824951c1434) Importer(2089858483,0ecaa5967403d082aa24f35e1b516d23)
Start importing Assets/HQP STUDIOS/Rocks and Terrains Pack - Low Poly/Models/Rocks/Square Rocks/Snow Square Rocks/Square_Snow_Rock_11.fbx using Guid(924ad34b3cb1fd549ab6e824951c1434) Importer(2089858483,0ecaa5967403d082aa24f35e1b516d23) (ScriptedImporter) -> (artifact id: '488b15038acc07d7270ef5e96a511170') in 0.0136537 seconds
Number of updated asset objects reloaded before import = 0Number of asset objects unloaded after import = 9

========================================================================
Received Import Request.
  Time since last request: 0.000014 seconds.
  path: Assets/HQP STUDIOS/Rocks and Terrains Pack - Low Poly/Models/Rocks/Stonehenge Rocks/Snow_Stonehenges/Stonehenge_Snow_Rock_4.fbx
  artifactKey: Guid(6c8092801246a0e498cc284858aa02f7) Importer(2089858483,0ecaa5967403d082aa24f35e1b516d23)
Start importing Assets/HQP STUDIOS/Rocks and Terrains Pack - Low Poly/Models/Rocks/Stonehenge Rocks/Snow_Stonehenges/Stonehenge_Snow_Rock_4.fbx using Guid(6c8092801246a0e498cc284858aa02f7) Importer(2089858483,0ecaa5967403d082aa24f35e1b516d23) (ScriptedImporter) -> (artifact id: '94dc3dc51a96310e4f95bb1a5e36b26a') in 0.0171265 seconds
Number of updated asset objects reloaded before import = 0Number of asset objects unloaded after import = 9

========================================================================
Received Import Request.
  Time since last request: 0.000017 seconds.
  path: Assets/HQP STUDIOS/Rocks and Terrains Pack - Low Poly/Models/Rocks/Square Rocks/Square Rocks/Square_Rock_27.fbx
  artifactKey: Guid(946dbdd655f3f514289ff71224bcca3a) Importer(2089858483,0ecaa5967403d082aa24f35e1b516d23)
Start importing Assets/HQP STUDIOS/Rocks and Terrains Pack - Low Poly/Models/Rocks/Square Rocks/Square Rocks/Square_Rock_27.fbx using Guid(946dbdd655f3f514289ff71224bcca3a) Importer(2089858483,0ecaa5967403d082aa24f35e1b516d23) (ScriptedImporter) -> (artifact id: '636f4273a84bd171f74555ca972268ab') in 0.0131855 seconds
Number of updated asset objects reloaded before import = 0Number of asset objects unloaded after import = 9

========================================================================
Received Import Request.
  Time since last request: 0.000017 seconds.
  path: Assets/HQP STUDIOS/Rocks and Terrains Pack - Low Poly/Models/Rocks/Square Rocks/Square Rocks/Square_Rock_12.fbx
  artifactKey: Guid(e8aaa1a3ec8e9ba4c957bb952307f443) Importer(2089858483,0ecaa5967403d082aa24f35e1b516d23)
Start importing Assets/HQP STUDIOS/Rocks and Terrains Pack - Low Poly/Models/Rocks/Square Rocks/Square Rocks/Square_Rock_12.fbx using Guid(e8aaa1a3ec8e9ba4c957bb952307f443) Importer(2089858483,0ecaa5967403d082aa24f35e1b516d23) (ScriptedImporter) -> (artifact id: '5b4f21571b58ad5428007333712db73f') in 0.016343 seconds
Number of updated asset objects reloaded before import = 0Number of asset objects unloaded after import = 9

========================================================================
Received Import Request.
  Time since last request: 0.000019 seconds.
  path: Assets/HQP STUDIOS/Rocks and Terrains Pack - Low Poly/Models/Rocks/Tiles/Moss Tiles/Tile_Moss_Rock_1.fbx
  artifactKey: Guid(7b351d98c79347d4799f5add9d4de40b) Importer(2089858483,0ecaa5967403d082aa24f35e1b516d23)
Start importing Assets/HQP STUDIOS/Rocks and Terrains Pack - Low Poly/Models/Rocks/Tiles/Moss Tiles/Tile_Moss_Rock_1.fbx using Guid(7b351d98c79347d4799f5add9d4de40b) Importer(2089858483,0ecaa5967403d082aa24f35e1b516d23) (ScriptedImporter) -> (artifact id: 'f371d5245f962ad612b5b1b888e18b8c') in 0.0162452 seconds
Number of updated asset objects reloaded before import = 0Number of asset objects unloaded after import = 9

========================================================================
Received Import Request.
  Time since last request: 0.000016 seconds.
  path: Assets/HQP STUDIOS/Rocks and Terrains Pack - Low Poly/Models/Rocks/Stonehenge Rocks/Moss_Stonehenges/Stonehenge_Moss_Rock_3.fbx
  artifactKey: Guid(a9109eead98fef24b914d5e267170833) Importer(2089858483,0ecaa5967403d082aa24f35e1b516d23)
Start importing Assets/HQP STUDIOS/Rocks and Terrains Pack - Low Poly/Models/Rocks/Stonehenge Rocks/Moss_Stonehenges/Stonehenge_Moss_Rock_3.fbx using Guid(a9109eead98fef24b914d5e267170833) Importer(2089858483,0ecaa5967403d082aa24f35e1b516d23) (ScriptedImporter) -> (artifact id: 'c85125a4bc2f4740bfdbc61980993881') in 0.0147914 seconds
Number of updated asset objects reloaded before import = 0Number of asset objects unloaded after import = 9

========================================================================
Received Import Request.
  Time since last request: 0.000013 seconds.
  path: Assets/HQP STUDIOS/Rocks and Terrains Pack - Low Poly/Models/Rocks/Stonehenge Rocks/Moss_Stonehenges/Stonehenge_Moss_Rock_5.fbx
  artifactKey: Guid(50878d4cd924eed4f8eb2345a34edbd8) Importer(2089858483,0ecaa5967403d082aa24f35e1b516d23)
Start importing Assets/HQP STUDIOS/Rocks and Terrains Pack - Low Poly/Models/Rocks/Stonehenge Rocks/Moss_Stonehenges/Stonehenge_Moss_Rock_5.fbx using Guid(50878d4cd924eed4f8eb2345a34edbd8) Importer(2089858483,0ecaa5967403d082aa24f35e1b516d23) (ScriptedImporter) -> (artifact id: '326d65fae3d9b9bd65164095529e365e') in 0.0161194 seconds
Number of updated asset objects reloaded before import = 0Number of asset objects unloaded after import = 9

========================================================================
Received Import Request.
  Time since last request: 0.000015 seconds.
  path: Assets/HQP STUDIOS/Rocks and Terrains Pack - Low Poly/Models/Rocks/Stonehenge Rocks/Stonehenges/Stonehenge_Rock_2.fbx
  artifactKey: Guid(208dbfba12fc5d94993ffe20a2baca65) Importer(2089858483,0ecaa5967403d082aa24f35e1b516d23)
Start importing Assets/HQP STUDIOS/Rocks and Terrains Pack - Low Poly/Models/Rocks/Stonehenge Rocks/Stonehenges/Stonehenge_Rock_2.fbx using Guid(208dbfba12fc5d94993ffe20a2baca65) Importer(2089858483,0ecaa5967403d082aa24f35e1b516d23) (ScriptedImporter) -> (artifact id: '689aab95457987f7b350f43804a739b3') in 0.0140204 seconds
Number of updated asset objects reloaded before import = 0Number of asset objects unloaded after import = 9

========================================================================
Received Import Request.
  Time since last request: 0.000015 seconds.
  path: Assets/HQP STUDIOS/Rocks and Terrains Pack - Low Poly/Models/Rocks/Square Rocks/Moss Square Rocks/Square_Moss_Rock_24.fbx
  artifactKey: Guid(e8c1424547ebc6846a9764dc119dfb9e) Importer(2089858483,0ecaa5967403d082aa24f35e1b516d23)
Start importing Assets/HQP STUDIOS/Rocks and Terrains Pack - Low Poly/Models/Rocks/Square Rocks/Moss Square Rocks/Square_Moss_Rock_24.fbx using Guid(e8c1424547ebc6846a9764dc119dfb9e) Importer(2089858483,0ecaa5967403d082aa24f35e1b516d23) (ScriptedImporter) -> (artifact id: 'b09c025d5a4784bbe9fe4eefeda1305e') in 0.0146686 seconds
Number of updated asset objects reloaded before import = 0Number of asset objects unloaded after import = 9

========================================================================
Received Import Request.
  Time since last request: 0.000013 seconds.
  path: Assets/HQP STUDIOS/Rocks and Terrains Pack - Low Poly/Models/Rocks/Square Rocks/Square Rocks/Square_Rock_18.fbx
  artifactKey: Guid(94a848dbbc057dd4f85427d01e5dcbc2) Importer(2089858483,0ecaa5967403d082aa24f35e1b516d23)
Start importing Assets/HQP STUDIOS/Rocks and Terrains Pack - Low Poly/Models/Rocks/Square Rocks/Square Rocks/Square_Rock_18.fbx using Guid(94a848dbbc057dd4f85427d01e5dcbc2) Importer(2089858483,0ecaa5967403d082aa24f35e1b516d23) (ScriptedImporter) -> (artifact id: '5126dcdc3b3b1817b50a35eb93f0f99a') in 0.0157493 seconds
Number of updated asset objects reloaded before import = 0Number of asset objects unloaded after import = 9

========================================================================
Received Import Request.
  Time since last request: 0.000017 seconds.
  path: Assets/HQP STUDIOS/Rocks and Terrains Pack - Low Poly/Models/Rocks/Square Rocks/Moss Square Rocks/Square_Moss_Rock_8.fbx
  artifactKey: Guid(9fffa9cfebf3c994499c134a697152bb) Importer(2089858483,0ecaa5967403d082aa24f35e1b516d23)
Start importing Assets/HQP STUDIOS/Rocks and Terrains Pack - Low Poly/Models/Rocks/Square Rocks/Moss Square Rocks/Square_Moss_Rock_8.fbx using Guid(9fffa9cfebf3c994499c134a697152bb) Importer(2089858483,0ecaa5967403d082aa24f35e1b516d23) (ScriptedImporter) -> (artifact id: '0671413e07513003d6811689b1a1fc0a') in 0.0172209 seconds
Number of updated asset objects reloaded before import = 0Number of asset objects unloaded after import = 9

========================================================================
Received Import Request.
  Time since last request: 0.000013 seconds.
  path: Assets/HQP STUDIOS/Rocks and Terrains Pack - Low Poly/Models/Rocks/Stonehenge Rocks/Snow_Stonehenges/Stonehenge_Snow_Rock_2.fbx
  artifactKey: Guid(467e462956685974bb55b878f1225775) Importer(2089858483,0ecaa5967403d082aa24f35e1b516d23)
Start importing Assets/HQP STUDIOS/Rocks and Terrains Pack - Low Poly/Models/Rocks/Stonehenge Rocks/Snow_Stonehenges/Stonehenge_Snow_Rock_2.fbx using Guid(467e462956685974bb55b878f1225775) Importer(2089858483,0ecaa5967403d082aa24f35e1b516d23) (ScriptedImporter) -> (artifact id: '52440fb9063e11e3a116a5fe6ec5a267') in 0.0135861 seconds
Number of updated asset objects reloaded before import = 0Number of asset objects unloaded after import = 9

========================================================================
Received Import Request.
  Time since last request: 0.000016 seconds.
  path: Assets/HQP STUDIOS/Rocks and Terrains Pack - Low Poly/Models/Rocks/Square Rocks/Moss Square Rocks/Square_Moss_Rock_4.fbx
  artifactKey: Guid(20e2d8fb4efbb434da40673b0df70d2c) Importer(2089858483,0ecaa5967403d082aa24f35e1b516d23)
Start importing Assets/HQP STUDIOS/Rocks and Terrains Pack - Low Poly/Models/Rocks/Square Rocks/Moss Square Rocks/Square_Moss_Rock_4.fbx using Guid(20e2d8fb4efbb434da40673b0df70d2c) Importer(2089858483,0ecaa5967403d082aa24f35e1b516d23) (ScriptedImporter) -> (artifact id: '13ef75e021e31a4118dfe89f64bd4617') in 0.0180587 seconds
Number of updated asset objects reloaded before import = 0Number of asset objects unloaded after import = 9

========================================================================
Received Import Request.
  Time since last request: 0.000016 seconds.
  path: Assets/HQP STUDIOS/Rocks and Terrains Pack - Low Poly/Models/Rocks/Square Rocks/Moss Square Rocks/Square_Moss_Rock_19.fbx
  artifactKey: Guid(7eb9c3d4285bdaa41a0065b877741260) Importer(2089858483,0ecaa5967403d082aa24f35e1b516d23)
Start importing Assets/HQP STUDIOS/Rocks and Terrains Pack - Low Poly/Models/Rocks/Square Rocks/Moss Square Rocks/Square_Moss_Rock_19.fbx using Guid(7eb9c3d4285bdaa41a0065b877741260) Importer(2089858483,0ecaa5967403d082aa24f35e1b516d23) (ScriptedImporter) -> (artifact id: '433555504f596504ba270359502bd93c') in 0.0131199 seconds
Number of updated asset objects reloaded before import = 0Number of asset objects unloaded after import = 9

========================================================================
Received Import Request.
  Time since last request: 0.000022 seconds.
  path: Assets/HQP STUDIOS/Rocks and Terrains Pack - Low Poly/Models/Rocks/Stonehenge Rocks/Stonehenges/Stonehenge_Rock_1.fbx
  artifactKey: Guid(926008df0d2ff0749baa2d80cac567b5) Importer(2089858483,0ecaa5967403d082aa24f35e1b516d23)
Start importing Assets/HQP STUDIOS/Rocks and Terrains Pack - Low Poly/Models/Rocks/Stonehenge Rocks/Stonehenges/Stonehenge_Rock_1.fbx using Guid(926008df0d2ff0749baa2d80cac567b5) Importer(2089858483,0ecaa5967403d082aa24f35e1b516d23) (ScriptedImporter) -> (artifact id: '098c97c4c9dc6a370024bbebc25fa3d5') in 0.0160637 seconds
Number of updated asset objects reloaded before import = 0Number of asset objects unloaded after import = 9

========================================================================
Received Import Request.
  Time since last request: 0.000012 seconds.
  path: Assets/HQP STUDIOS/Rocks and Terrains Pack - Low Poly/Models/Rocks/Square Rocks/Moss Square Rocks/Square_Moss_Rock_6.fbx
  artifactKey: Guid(a8e290285cd5e5d409770a51d512a34a) Importer(2089858483,0ecaa5967403d082aa24f35e1b516d23)
Start importing Assets/HQP STUDIOS/Rocks and Terrains Pack - Low Poly/Models/Rocks/Square Rocks/Moss Square Rocks/Square_Moss_Rock_6.fbx using Guid(a8e290285cd5e5d409770a51d512a34a) Importer(2089858483,0ecaa5967403d082aa24f35e1b516d23) (ScriptedImporter) -> (artifact id: '0c420a03b1ce7b7fc39b6d6504978536') in 0.0140095 seconds
Number of updated asset objects reloaded before import = 0Number of asset objects unloaded after import = 9

========================================================================
Received Import Request.
  Time since last request: 0.000014 seconds.
  path: Assets/HQP STUDIOS/Rocks and Terrains Pack - Low Poly/Models/Rocks/Square Rocks/Snow Square Rocks/Square_Snow_Rock_21.fbx
  artifactKey: Guid(5961b5ec86e37ce489ee588ed35a7539) Importer(2089858483,0ecaa5967403d082aa24f35e1b516d23)
Start importing Assets/HQP STUDIOS/Rocks and Terrains Pack - Low Poly/Models/Rocks/Square Rocks/Snow Square Rocks/Square_Snow_Rock_21.fbx using Guid(5961b5ec86e37ce489ee588ed35a7539) Importer(2089858483,0ecaa5967403d082aa24f35e1b516d23) (ScriptedImporter) -> (artifact id: 'e1fa11f381687a33dcc903538d4d332c') in 0.016764 seconds
Number of updated asset objects reloaded before import = 0Number of asset objects unloaded after import = 9

========================================================================
Received Import Request.
  Time since last request: 0.000013 seconds.
  path: Assets/HQP STUDIOS/Rocks and Terrains Pack - Low Poly/Models/Rocks/Stonehenge Rocks/Stonehenges/Stonehenge_Rock_6.fbx
  artifactKey: Guid(cbb0bbb09cec0d141810a8bb7f92495b) Importer(2089858483,0ecaa5967403d082aa24f35e1b516d23)
Start importing Assets/HQP STUDIOS/Rocks and Terrains Pack - Low Poly/Models/Rocks/Stonehenge Rocks/Stonehenges/Stonehenge_Rock_6.fbx using Guid(cbb0bbb09cec0d141810a8bb7f92495b) Importer(2089858483,0ecaa5967403d082aa24f35e1b516d23) (ScriptedImporter) -> (artifact id: '3ee2604a1f86b3bf175c28f1557dfb8c') in 0.0166618 seconds
Number of updated asset objects reloaded before import = 0Number of asset objects unloaded after import = 9

========================================================================
Received Import Request.
  Time since last request: 0.000017 seconds.
  path: Assets/HQP STUDIOS/Rocks and Terrains Pack - Low Poly/Models/Rocks/Tiles/Moss Tiles/Tile_Moss_Rock_10.fbx
  artifactKey: Guid(e7faca75def61be4fac603e97cf0b967) Importer(2089858483,0ecaa5967403d082aa24f35e1b516d23)
Start importing Assets/HQP STUDIOS/Rocks and Terrains Pack - Low Poly/Models/Rocks/Tiles/Moss Tiles/Tile_Moss_Rock_10.fbx using Guid(e7faca75def61be4fac603e97cf0b967) Importer(2089858483,0ecaa5967403d082aa24f35e1b516d23) (ScriptedImporter) -> (artifact id: '2ae1c5cdb5261c76afc040d07ad5f43b') in 0.014734 seconds
Number of updated asset objects reloaded before import = 0Number of asset objects unloaded after import = 9

========================================================================
Received Import Request.
  Time since last request: 0.000014 seconds.
  path: Assets/HQP STUDIOS/Rocks and Terrains Pack - Low Poly/Models/Rocks/Square Rocks/Square Rocks/Square_Rock_9.fbx
  artifactKey: Guid(6703fa365ae0a6b4a8efaaddd6ded083) Importer(2089858483,0ecaa5967403d082aa24f35e1b516d23)
Start importing Assets/HQP STUDIOS/Rocks and Terrains Pack - Low Poly/Models/Rocks/Square Rocks/Square Rocks/Square_Rock_9.fbx using Guid(6703fa365ae0a6b4a8efaaddd6ded083) Importer(2089858483,0ecaa5967403d082aa24f35e1b516d23) (ScriptedImporter) -> (artifact id: 'a277faa19a5dfd4165a8c22c7a8811c4') in 0.0146422 seconds
Number of updated asset objects reloaded before import = 0Number of asset objects unloaded after import = 9

========================================================================
Received Import Request.
  Time since last request: 0.000014 seconds.
  path: Assets/HQP STUDIOS/Rocks and Terrains Pack - Low Poly/Models/Rocks/Square Rocks/Snow Square Rocks/Square_Snow_Rock_4.fbx
  artifactKey: Guid(74aa273bfabbd334e829761311f1dab1) Importer(2089858483,0ecaa5967403d082aa24f35e1b516d23)
Start importing Assets/HQP STUDIOS/Rocks and Terrains Pack - Low Poly/Models/Rocks/Square Rocks/Snow Square Rocks/Square_Snow_Rock_4.fbx using Guid(74aa273bfabbd334e829761311f1dab1) Importer(2089858483,0ecaa5967403d082aa24f35e1b516d23) (ScriptedImporter) -> (artifact id: '3373ae40ce5ff6a005e90bfefa27524f') in 0.0154256 seconds
Number of updated asset objects reloaded before import = 0Number of asset objects unloaded after import = 9

========================================================================
Received Import Request.
  Time since last request: 0.000012 seconds.
  path: Assets/HQP STUDIOS/Rocks and Terrains Pack - Low Poly/Models/Rocks/Square Rocks/Moss Square Rocks/Square_Moss_Rock_5.fbx
  artifactKey: Guid(d3b253cd1d6f1674784537fcf8324c4c) Importer(2089858483,0ecaa5967403d082aa24f35e1b516d23)
Start importing Assets/HQP STUDIOS/Rocks and Terrains Pack - Low Poly/Models/Rocks/Square Rocks/Moss Square Rocks/Square_Moss_Rock_5.fbx using Guid(d3b253cd1d6f1674784537fcf8324c4c) Importer(2089858483,0ecaa5967403d082aa24f35e1b516d23) (ScriptedImporter) -> (artifact id: '439232965601625a792cf4a3a28a1de2') in 0.0142868 seconds
Number of updated asset objects reloaded before import = 0Number of asset objects unloaded after import = 9

========================================================================
Received Import Request.
  Time since last request: 0.000014 seconds.
  path: Assets/HQP STUDIOS/Rocks and Terrains Pack - Low Poly/Models/Rocks/Square Rocks/Snow Square Rocks/Square_Snow_Rock_15.fbx
  artifactKey: Guid(4298a4e8b75b8a04a8df123cbfc9c81b) Importer(2089858483,0ecaa5967403d082aa24f35e1b516d23)
Start importing Assets/HQP STUDIOS/Rocks and Terrains Pack - Low Poly/Models/Rocks/Square Rocks/Snow Square Rocks/Square_Snow_Rock_15.fbx using Guid(4298a4e8b75b8a04a8df123cbfc9c81b) Importer(2089858483,0ecaa5967403d082aa24f35e1b516d23) (ScriptedImporter) -> (artifact id: '77772acddc3901dfce9650e27315a41a') in 0.0147323 seconds
Number of updated asset objects reloaded before import = 0Number of asset objects unloaded after import = 9

========================================================================
Received Import Request.
  Time since last request: 0.000014 seconds.
  path: Assets/HQP STUDIOS/Rocks and Terrains Pack - Low Poly/Models/Rocks/Square Rocks/Snow Square Rocks/Square_Snow_Rock_27.fbx
  artifactKey: Guid(20247ac78f4841546a8309ec1febb6e3) Importer(2089858483,0ecaa5967403d082aa24f35e1b516d23)
Start importing Assets/HQP STUDIOS/Rocks and Terrains Pack - Low Poly/Models/Rocks/Square Rocks/Snow Square Rocks/Square_Snow_Rock_27.fbx using Guid(20247ac78f4841546a8309ec1febb6e3) Importer(2089858483,0ecaa5967403d082aa24f35e1b516d23) (ScriptedImporter) -> (artifact id: 'd725452fcbad06885b764efb1acecdcd') in 0.0145943 seconds
Number of updated asset objects reloaded before import = 0Number of asset objects unloaded after import = 9

========================================================================
Received Import Request.
  Time since last request: 0.000016 seconds.
  path: Assets/HQP STUDIOS/Rocks and Terrains Pack - Low Poly/Models/Rocks/Square Rocks/Moss Square Rocks/Square_Moss_Rock_26.fbx
  artifactKey: Guid(868d52e8921fcc04a9559668f67f97a4) Importer(2089858483,0ecaa5967403d082aa24f35e1b516d23)
Start importing Assets/HQP STUDIOS/Rocks and Terrains Pack - Low Poly/Models/Rocks/Square Rocks/Moss Square Rocks/Square_Moss_Rock_26.fbx using Guid(868d52e8921fcc04a9559668f67f97a4) Importer(2089858483,0ecaa5967403d082aa24f35e1b516d23) (ScriptedImporter) -> (artifact id: '60753caef4469350d848e06b19f9e7c0') in 0.0185888 seconds
Number of updated asset objects reloaded before import = 0Number of asset objects unloaded after import = 9

========================================================================
Received Import Request.
  Time since last request: 0.000015 seconds.
  path: Assets/HQP STUDIOS/Rocks and Terrains Pack - Low Poly/Models/Rocks/Square Rocks/Square Rocks/Square_Rock_7.fbx
  artifactKey: Guid(147fe01655c31cb4f8f2b1a15492841c) Importer(2089858483,0ecaa5967403d082aa24f35e1b516d23)
Start importing Assets/HQP STUDIOS/Rocks and Terrains Pack - Low Poly/Models/Rocks/Square Rocks/Square Rocks/Square_Rock_7.fbx using Guid(147fe01655c31cb4f8f2b1a15492841c) Importer(2089858483,0ecaa5967403d082aa24f35e1b516d23) (ScriptedImporter) -> (artifact id: '77abf772ffe2144eb0ca22620ce56d44') in 0.0127573 seconds
Number of updated asset objects reloaded before import = 0Number of asset objects unloaded after import = 9

========================================================================
Received Import Request.
  Time since last request: 0.000013 seconds.
  path: Assets/HQP STUDIOS/Rocks and Terrains Pack - Low Poly/Models/Rocks/Stonehenge Rocks/Stonehenges/Stonehenge_Rock_4.fbx
  artifactKey: Guid(84ca70fb0f5c6df49906afd6cf514fb6) Importer(2089858483,0ecaa5967403d082aa24f35e1b516d23)
Start importing Assets/HQP STUDIOS/Rocks and Terrains Pack - Low Poly/Models/Rocks/Stonehenge Rocks/Stonehenges/Stonehenge_Rock_4.fbx using Guid(84ca70fb0f5c6df49906afd6cf514fb6) Importer(2089858483,0ecaa5967403d082aa24f35e1b516d23) (ScriptedImporter) -> (artifact id: 'aa21de9f771a5d92c70ffc92b6834f1f') in 0.0198592 seconds
Number of updated asset objects reloaded before import = 0Number of asset objects unloaded after import = 9

========================================================================
Received Import Request.
  Time since last request: 0.000020 seconds.
  path: Assets/HQP STUDIOS/Rocks and Terrains Pack - Low Poly/Models/Rocks/Square Rocks/Moss Square Rocks/Square_Moss_Rock_17.fbx
  artifactKey: Guid(59ad7fa8b00a0a14692e9152cd646117) Importer(2089858483,0ecaa5967403d082aa24f35e1b516d23)
Start importing Assets/HQP STUDIOS/Rocks and Terrains Pack - Low Poly/Models/Rocks/Square Rocks/Moss Square Rocks/Square_Moss_Rock_17.fbx using Guid(59ad7fa8b00a0a14692e9152cd646117) Importer(2089858483,0ecaa5967403d082aa24f35e1b516d23) (ScriptedImporter) -> (artifact id: '648ea62ae20cbae021534524a86e2521') in 0.0140319 seconds
Number of updated asset objects reloaded before import = 0Number of asset objects unloaded after import = 9

========================================================================
Received Import Request.
  Time since last request: 0.000021 seconds.
  path: Assets/HQP STUDIOS/Rocks and Terrains Pack - Low Poly/Models/Rocks/Square Rocks/Snow Square Rocks/Square_Snow_Rock_20.fbx
  artifactKey: Guid(66dada4e2ceb12d4685a32f6ec3cd6c2) Importer(2089858483,0ecaa5967403d082aa24f35e1b516d23)
Start importing Assets/HQP STUDIOS/Rocks and Terrains Pack - Low Poly/Models/Rocks/Square Rocks/Snow Square Rocks/Square_Snow_Rock_20.fbx using Guid(66dada4e2ceb12d4685a32f6ec3cd6c2) Importer(2089858483,0ecaa5967403d082aa24f35e1b516d23) (ScriptedImporter) -> (artifact id: '9f320a5f6b6dbd1999fa30b19ec30e3c') in 0.0160822 seconds
Number of updated asset objects reloaded before import = 0Number of asset objects unloaded after import = 9

========================================================================
Received Import Request.
  Time since last request: 0.000021 seconds.
  path: Assets/HQP STUDIOS/Rocks and Terrains Pack - Low Poly/Models/Rocks/Square Rocks/Square Rocks/Square_Rock_6.fbx
  artifactKey: Guid(f39c260f6c2f5234cb65de3cd9e35a54) Importer(2089858483,0ecaa5967403d082aa24f35e1b516d23)
Start importing Assets/HQP STUDIOS/Rocks and Terrains Pack - Low Poly/Models/Rocks/Square Rocks/Square Rocks/Square_Rock_6.fbx using Guid(f39c260f6c2f5234cb65de3cd9e35a54) Importer(2089858483,0ecaa5967403d082aa24f35e1b516d23) (ScriptedImporter) -> (artifact id: '24a3072cd424bc5ff678f31e3a3e6664') in 0.0133739 seconds
Number of updated asset objects reloaded before import = 0Number of asset objects unloaded after import = 9

========================================================================
Received Import Request.
  Time since last request: 0.000015 seconds.
  path: Assets/HQP STUDIOS/Rocks and Terrains Pack - Low Poly/Models/Rocks/Square Rocks/Snow Square Rocks/Square_Snow_Rock_13.fbx
  artifactKey: Guid(0a2254df731ef8f4f9bee4d675447aba) Importer(2089858483,0ecaa5967403d082aa24f35e1b516d23)
Start importing Assets/HQP STUDIOS/Rocks and Terrains Pack - Low Poly/Models/Rocks/Square Rocks/Snow Square Rocks/Square_Snow_Rock_13.fbx using Guid(0a2254df731ef8f4f9bee4d675447aba) Importer(2089858483,0ecaa5967403d082aa24f35e1b516d23) (ScriptedImporter) -> (artifact id: 'bade3e002a703665e035a0eb3560f2d3') in 0.0158688 seconds
Number of updated asset objects reloaded before import = 0Number of asset objects unloaded after import = 9

========================================================================
Received Import Request.
  Time since last request: 0.000015 seconds.
  path: Assets/HQP STUDIOS/Rocks and Terrains Pack - Low Poly/Models/Rocks/Square Rocks/Moss Square Rocks/Square_Moss_Rock_27.fbx
  artifactKey: Guid(335857dd03105b34091018b4db77dd38) Importer(2089858483,0ecaa5967403d082aa24f35e1b516d23)
Start importing Assets/HQP STUDIOS/Rocks and Terrains Pack - Low Poly/Models/Rocks/Square Rocks/Moss Square Rocks/Square_Moss_Rock_27.fbx using Guid(335857dd03105b34091018b4db77dd38) Importer(2089858483,0ecaa5967403d082aa24f35e1b516d23) (ScriptedImporter) -> (artifact id: 'f055c894bbeb43ed6d37dbc7dfe4fce0') in 0.0158836 seconds
Number of updated asset objects reloaded before import = 0Number of asset objects unloaded after import = 9

========================================================================
Received Import Request.
  Time since last request: 0.000018 seconds.
  path: Assets/HQP STUDIOS/Rocks and Terrains Pack - Low Poly/Models/Rocks/Stonehenge Rocks/Snow_Stonehenges/Stonehenge_Snow_Rock_5.fbx
  artifactKey: Guid(1db4de398ba0f69449168314d54d6285) Importer(2089858483,0ecaa5967403d082aa24f35e1b516d23)
Start importing Assets/HQP STUDIOS/Rocks and Terrains Pack - Low Poly/Models/Rocks/Stonehenge Rocks/Snow_Stonehenges/Stonehenge_Snow_Rock_5.fbx using Guid(1db4de398ba0f69449168314d54d6285) Importer(2089858483,0ecaa5967403d082aa24f35e1b516d23) (ScriptedImporter) -> (artifact id: 'f4abb541292f7cb3142c86774c319e4e') in 0.015053 seconds
Number of updated asset objects reloaded before import = 0Number of asset objects unloaded after import = 9

========================================================================
Received Import Request.
  Time since last request: 0.000015 seconds.
  path: Assets/HQP STUDIOS/Rocks and Terrains Pack - Low Poly/Models/Rocks/Square Rocks/Snow Square Rocks/Square_Snow_Rock_6.fbx
  artifactKey: Guid(22aaea8df67c63d4caf33af9033c668c) Importer(2089858483,0ecaa5967403d082aa24f35e1b516d23)
Start importing Assets/HQP STUDIOS/Rocks and Terrains Pack - Low Poly/Models/Rocks/Square Rocks/Snow Square Rocks/Square_Snow_Rock_6.fbx using Guid(22aaea8df67c63d4caf33af9033c668c) Importer(2089858483,0ecaa5967403d082aa24f35e1b516d23) (ScriptedImporter) -> (artifact id: '8d16b4ef21875003a1403848ac9e1f7f') in 0.0156568 seconds
Number of updated asset objects reloaded before import = 0Number of asset objects unloaded after import = 9

========================================================================
Received Import Request.
  Time since last request: 0.000019 seconds.
  path: Assets/HQP STUDIOS/Rocks and Terrains Pack - Low Poly/Models/Rocks/Square Rocks/Moss Square Rocks/Square_Moss_Rock_14.fbx
  artifactKey: Guid(fca33df44374555479e3482e626aa1bc) Importer(2089858483,0ecaa5967403d082aa24f35e1b516d23)
Start importing Assets/HQP STUDIOS/Rocks and Terrains Pack - Low Poly/Models/Rocks/Square Rocks/Moss Square Rocks/Square_Moss_Rock_14.fbx using Guid(fca33df44374555479e3482e626aa1bc) Importer(2089858483,0ecaa5967403d082aa24f35e1b516d23) (ScriptedImporter) -> (artifact id: '602db627d1bf816c650c2ba98d7030a2') in 0.0138138 seconds
Number of updated asset objects reloaded before import = 0Number of asset objects unloaded after import = 9

========================================================================
Received Import Request.
  Time since last request: 0.000014 seconds.
  path: Assets/HQP STUDIOS/Rocks and Terrains Pack - Low Poly/Models/Rocks/Tiles/Moss Tiles/Tile_Moss_Rock_11.fbx
  artifactKey: Guid(ab07eec8f6e22c149a29653060441668) Importer(2089858483,0ecaa5967403d082aa24f35e1b516d23)
Start importing Assets/HQP STUDIOS/Rocks and Terrains Pack - Low Poly/Models/Rocks/Tiles/Moss Tiles/Tile_Moss_Rock_11.fbx using Guid(ab07eec8f6e22c149a29653060441668) Importer(2089858483,0ecaa5967403d082aa24f35e1b516d23) (ScriptedImporter) -> (artifact id: '619c50660743f982c65182b089d12772') in 0.015951 seconds
Number of updated asset objects reloaded before import = 0Number of asset objects unloaded after import = 9

========================================================================
Received Import Request.
  Time since last request: 0.000019 seconds.
  path: Assets/HQP STUDIOS/Rocks and Terrains Pack - Low Poly/Models/Rocks/Square Rocks/Snow Square Rocks/Square_Snow_Rock_17.fbx
  artifactKey: Guid(fb56dc872abc6c643b28180c7f54e710) Importer(2089858483,0ecaa5967403d082aa24f35e1b516d23)
Start importing Assets/HQP STUDIOS/Rocks and Terrains Pack - Low Poly/Models/Rocks/Square Rocks/Snow Square Rocks/Square_Snow_Rock_17.fbx using Guid(fb56dc872abc6c643b28180c7f54e710) Importer(2089858483,0ecaa5967403d082aa24f35e1b516d23) (ScriptedImporter) -> (artifact id: '290b9f71f3ccefda5446825bdfaac72f') in 0.0142516 seconds
Number of updated asset objects reloaded before import = 0Number of asset objects unloaded after import = 9

========================================================================
Received Import Request.
  Time since last request: 0.000017 seconds.
  path: Assets/HQP STUDIOS/Rocks and Terrains Pack - Low Poly/Models/Rocks/Square Rocks/Snow Square Rocks/Square_Snow_Rock_30.fbx
  artifactKey: Guid(b7670c30a52410944a5aa8aa2fae9d96) Importer(2089858483,0ecaa5967403d082aa24f35e1b516d23)
Start importing Assets/HQP STUDIOS/Rocks and Terrains Pack - Low Poly/Models/Rocks/Square Rocks/Snow Square Rocks/Square_Snow_Rock_30.fbx using Guid(b7670c30a52410944a5aa8aa2fae9d96) Importer(2089858483,0ecaa5967403d082aa24f35e1b516d23) (ScriptedImporter) -> (artifact id: 'cf460f47fa1ac173028531a14d867750') in 0.0161578 seconds
Number of updated asset objects reloaded before import = 0Number of asset objects unloaded after import = 9

========================================================================
Received Import Request.
  Time since last request: 0.000019 seconds.
  path: Assets/HQP STUDIOS/Rocks and Terrains Pack - Low Poly/Models/Rocks/Square Rocks/Square Rocks/Square_Rock_21.fbx
  artifactKey: Guid(c85bc1084adda4045a8f0b8a2b898bcf) Importer(2089858483,0ecaa5967403d082aa24f35e1b516d23)
Start importing Assets/HQP STUDIOS/Rocks and Terrains Pack - Low Poly/Models/Rocks/Square Rocks/Square Rocks/Square_Rock_21.fbx using Guid(c85bc1084adda4045a8f0b8a2b898bcf) Importer(2089858483,0ecaa5967403d082aa24f35e1b516d23) (ScriptedImporter) -> (artifact id: '8f6f5d903d25c72c94ac6f30b5c15288') in 0.0146082 seconds
Number of updated asset objects reloaded before import = 0Number of asset objects unloaded after import = 9

========================================================================
Received Import Request.
  Time since last request: 0.000017 seconds.
  path: Assets/HQP STUDIOS/Rocks and Terrains Pack - Low Poly/Models/Rocks/Stonehenge Rocks/Moss_Stonehenges/Stonehenge_Moss_Rock_6.fbx
  artifactKey: Guid(fdf9a4828fc69134899906c3d4da5102) Importer(2089858483,0ecaa5967403d082aa24f35e1b516d23)
Start importing Assets/HQP STUDIOS/Rocks and Terrains Pack - Low Poly/Models/Rocks/Stonehenge Rocks/Moss_Stonehenges/Stonehenge_Moss_Rock_6.fbx using Guid(fdf9a4828fc69134899906c3d4da5102) Importer(2089858483,0ecaa5967403d082aa24f35e1b516d23) (ScriptedImporter) -> (artifact id: '3b8b725d271a3dceb1b0ef847afbc9f4') in 0.0169313 seconds
Number of updated asset objects reloaded before import = 0Number of asset objects unloaded after import = 9

========================================================================
Received Import Request.
  Time since last request: 0.000013 seconds.
  path: Assets/HQP STUDIOS/Rocks and Terrains Pack - Low Poly/Models/Rocks/Flat Rocks/Flat Rocks/Flat_Rock_26.fbx
  artifactKey: Guid(4a90783348b7d4d4cad9bdfc71d60d7b) Importer(2089858483,0ecaa5967403d082aa24f35e1b516d23)
Start importing Assets/HQP STUDIOS/Rocks and Terrains Pack - Low Poly/Models/Rocks/Flat Rocks/Flat Rocks/Flat_Rock_26.fbx using Guid(4a90783348b7d4d4cad9bdfc71d60d7b) Importer(2089858483,0ecaa5967403d082aa24f35e1b516d23) (ScriptedImporter) -> (artifact id: 'a22bb2ef29d36c6a64c1d1fe191d111c') in 0.0144686 seconds
Number of updated asset objects reloaded before import = 0Number of asset objects unloaded after import = 9

========================================================================
Received Import Request.
  Time since last request: 0.000014 seconds.
  path: Assets/HQP STUDIOS/Rocks and Terrains Pack - Low Poly/Models/Rocks/Sharp Rocks/Moss Sharp Rocks/Sharp_Moss_Rock_10.fbx
  artifactKey: Guid(d9d1f6ce05ab0f445a509ab13082472c) Importer(2089858483,0ecaa5967403d082aa24f35e1b516d23)
Start importing Assets/HQP STUDIOS/Rocks and Terrains Pack - Low Poly/Models/Rocks/Sharp Rocks/Moss Sharp Rocks/Sharp_Moss_Rock_10.fbx using Guid(d9d1f6ce05ab0f445a509ab13082472c) Importer(2089858483,0ecaa5967403d082aa24f35e1b516d23) (ScriptedImporter) -> (artifact id: 'e5db742ecfb2fbccd7bd33dc04246bdb') in 0.0194408 seconds
Number of updated asset objects reloaded before import = 0Number of asset objects unloaded after import = 9

========================================================================
Received Import Request.
  Time since last request: 0.000020 seconds.
  path: Assets/HQP STUDIOS/Rocks and Terrains Pack - Low Poly/Models/Rocks/Square Rocks/Square Rocks/Square_Rock_31.fbx
  artifactKey: Guid(9ced73e4831dc30419809749e275fd8a) Importer(2089858483,0ecaa5967403d082aa24f35e1b516d23)
Start importing Assets/HQP STUDIOS/Rocks and Terrains Pack - Low Poly/Models/Rocks/Square Rocks/Square Rocks/Square_Rock_31.fbx using Guid(9ced73e4831dc30419809749e275fd8a) Importer(2089858483,0ecaa5967403d082aa24f35e1b516d23) (ScriptedImporter) -> (artifact id: '2fbfe1242cbe27a7397f2930a25df937') in 0.0155522 seconds
Number of updated asset objects reloaded before import = 0Number of asset objects unloaded after import = 9

========================================================================
Received Import Request.
  Time since last request: 0.000018 seconds.
  path: Assets/HQP STUDIOS/Rocks and Terrains Pack - Low Poly/Models/Rocks/Square Rocks/Square Rocks/Square_Rock_20.fbx
  artifactKey: Guid(ff66ff4d5f8ed694c921db84a833faa7) Importer(2089858483,0ecaa5967403d082aa24f35e1b516d23)
Start importing Assets/HQP STUDIOS/Rocks and Terrains Pack - Low Poly/Models/Rocks/Square Rocks/Square Rocks/Square_Rock_20.fbx using Guid(ff66ff4d5f8ed694c921db84a833faa7) Importer(2089858483,0ecaa5967403d082aa24f35e1b516d23) (ScriptedImporter) -> (artifact id: '0a7a30d729cd69e2d1aca77766bab69b') in 0.0161946 seconds
Number of updated asset objects reloaded before import = 0Number of asset objects unloaded after import = 9

========================================================================
Received Import Request.
  Time since last request: 0.000014 seconds.
  path: Assets/HQP STUDIOS/Rocks and Terrains Pack - Low Poly/Models/Rocks/Stonehenge Rocks/Moss_Stonehenges/Stonehenge_Moss_Rock_4.fbx
  artifactKey: Guid(c1b64d8ca51cb5d4e8e4bd2183c063a5) Importer(2089858483,0ecaa5967403d082aa24f35e1b516d23)
Start importing Assets/HQP STUDIOS/Rocks and Terrains Pack - Low Poly/Models/Rocks/Stonehenge Rocks/Moss_Stonehenges/Stonehenge_Moss_Rock_4.fbx using Guid(c1b64d8ca51cb5d4e8e4bd2183c063a5) Importer(2089858483,0ecaa5967403d082aa24f35e1b516d23) (ScriptedImporter) -> (artifact id: '7b8e958b64b9c2453f5809e9264c698b') in 0.014595 seconds
Number of updated asset objects reloaded before import = 0Number of asset objects unloaded after import = 9

========================================================================
Received Import Request.
  Time since last request: 0.000020 seconds.
  path: Assets/HQP STUDIOS/Rocks and Terrains Pack - Low Poly/Models/Rocks/Block Rocks/Snow Block Rocks/Block_Snow_Rock_39.fbx
  artifactKey: Guid(c5c80419138c6b147a2122b8efdbda66) Importer(2089858483,0ecaa5967403d082aa24f35e1b516d23)
Start importing Assets/HQP STUDIOS/Rocks and Terrains Pack - Low Poly/Models/Rocks/Block Rocks/Snow Block Rocks/Block_Snow_Rock_39.fbx using Guid(c5c80419138c6b147a2122b8efdbda66) Importer(2089858483,0ecaa5967403d082aa24f35e1b516d23) (ScriptedImporter) -> (artifact id: '70c14b2bedbb24e2ea425d37d7e03cad') in 0.0162427 seconds
Number of updated asset objects reloaded before import = 0Number of asset objects unloaded after import = 9

========================================================================
Received Import Request.
  Time since last request: 0.000016 seconds.
  path: Assets/HQP STUDIOS/Rocks and Terrains Pack - Low Poly/Models/Rocks/Block Rocks/Moss Block Rocks/Block_Moss_Rock_19.fbx
  artifactKey: Guid(21b396e7ab288f34882a14a1661b3ab5) Importer(2089858483,0ecaa5967403d082aa24f35e1b516d23)
Start importing Assets/HQP STUDIOS/Rocks and Terrains Pack - Low Poly/Models/Rocks/Block Rocks/Moss Block Rocks/Block_Moss_Rock_19.fbx using Guid(21b396e7ab288f34882a14a1661b3ab5) Importer(2089858483,0ecaa5967403d082aa24f35e1b516d23) (ScriptedImporter) -> (artifact id: 'f16891b8eb6f315593b883e30c3a6cc0') in 0.0158065 seconds
Number of updated asset objects reloaded before import = 0Number of asset objects unloaded after import = 9

========================================================================
Received Import Request.
  Time since last request: 0.000035 seconds.
  path: Assets/HQP STUDIOS/Rocks and Terrains Pack - Low Poly/Models/Rocks/Square Rocks/Square Rocks/Square_Rock_29.fbx
  artifactKey: Guid(22d3c240409221e4da2e3861f2ed67ec) Importer(2089858483,0ecaa5967403d082aa24f35e1b516d23)
Start importing Assets/HQP STUDIOS/Rocks and Terrains Pack - Low Poly/Models/Rocks/Square Rocks/Square Rocks/Square_Rock_29.fbx using Guid(22d3c240409221e4da2e3861f2ed67ec) Importer(2089858483,0ecaa5967403d082aa24f35e1b516d23) (ScriptedImporter) -> (artifact id: 'e47a01d281c05ab276e5882356dcb545') in 0.017537 seconds
Number of updated asset objects reloaded before import = 0Number of asset objects unloaded after import = 9

========================================================================
Received Import Request.
  Time since last request: 0.000046 seconds.
  path: Assets/TextMesh Pro/Examples & Extras/Resources/Fonts & Materials/Bangers SDF - Drop Shadow - 2 Pass.mat
  artifactKey: Guid(947a44964e53bf0448ff698b2a2219c0) Importer(2089858483,0ecaa5967403d082aa24f35e1b516d23)
Start importing Assets/TextMesh Pro/Examples & Extras/Resources/Fonts & Materials/Bangers SDF - Drop Shadow - 2 Pass.mat using Guid(947a44964e53bf0448ff698b2a2219c0) Importer(2089858483,0ecaa5967403d082aa24f35e1b516d23) (ScriptedImporter) -> (artifact id: '164f9b1498e80ea5441be76e9367073f') in 0.0130986 seconds
Number of updated asset objects reloaded before import = 0Number of asset objects unloaded after import = 2

========================================================================
Received Import Request.
  Time since last request: 0.000015 seconds.
  path: Assets/HQP STUDIOS/Rocks and Terrains Pack - Low Poly/Models/Rocks/Tiles/Snow Tiles/Tile_Snow_Rock_16.fbx
  artifactKey: Guid(8292412f6e604f043b0c7e75d5da0d6f) Importer(2089858483,0ecaa5967403d082aa24f35e1b516d23)
Start importing Assets/HQP STUDIOS/Rocks and Terrains Pack - Low Poly/Models/Rocks/Tiles/Snow Tiles/Tile_Snow_Rock_16.fbx using Guid(8292412f6e604f043b0c7e75d5da0d6f) Importer(2089858483,0ecaa5967403d082aa24f35e1b516d23) (ScriptedImporter) -> (artifact id: '908d58f8bc2b98e4051874a08a61b32b') in 0.0146771 seconds
Number of updated asset objects reloaded before import = 0Number of asset objects unloaded after import = 9

========================================================================
Received Import Request.
  Time since last request: 0.000015 seconds.
  path: Assets/HQP STUDIOS/Rocks and Terrains Pack - Low Poly/Models/Rocks/Tiles/Tiles/Tile_Rock_18.fbx
  artifactKey: Guid(a4c6b558e0d65784f898149f64c599b2) Importer(2089858483,0ecaa5967403d082aa24f35e1b516d23)
Start importing Assets/HQP STUDIOS/Rocks and Terrains Pack - Low Poly/Models/Rocks/Tiles/Tiles/Tile_Rock_18.fbx using Guid(a4c6b558e0d65784f898149f64c599b2) Importer(2089858483,0ecaa5967403d082aa24f35e1b516d23) (ScriptedImporter) -> (artifact id: '623e7706064275c12d4074f432610df1') in 0.0165898 seconds
Number of updated asset objects reloaded before import = 0Number of asset objects unloaded after import = 9

========================================================================
Received Import Request.
  Time since last request: 0.000014 seconds.
  path: Assets/HQP STUDIOS/Rocks and Terrains Pack - Low Poly/Models/Rocks/Tiles/Moss Tiles/Tile_Moss_Rock_29.fbx
  artifactKey: Guid(bc76919536a266245b9c21835981405d) Importer(2089858483,0ecaa5967403d082aa24f35e1b516d23)
Start importing Assets/HQP STUDIOS/Rocks and Terrains Pack - Low Poly/Models/Rocks/Tiles/Moss Tiles/Tile_Moss_Rock_29.fbx using Guid(bc76919536a266245b9c21835981405d) Importer(2089858483,0ecaa5967403d082aa24f35e1b516d23) (ScriptedImporter) -> (artifact id: '9f5d2b65e620f4508f764018ac506ed9') in 0.0175123 seconds
Number of updated asset objects reloaded before import = 0Number of asset objects unloaded after import = 9

========================================================================
Received Import Request.
  Time since last request: 0.000013 seconds.
  path: Assets/HQP STUDIOS/Rocks and Terrains Pack - Low Poly/Models/Terrains/Mountains/LOD/Mountain_L_14_LOD.fbx
  artifactKey: Guid(597eb6c7c6ec4d84ea9a9feb0de8617a) Importer(2089858483,0ecaa5967403d082aa24f35e1b516d23)
Start importing Assets/HQP STUDIOS/Rocks and Terrains Pack - Low Poly/Models/Terrains/Mountains/LOD/Mountain_L_14_LOD.fbx using Guid(597eb6c7c6ec4d84ea9a9feb0de8617a) Importer(2089858483,0ecaa5967403d082aa24f35e1b516d23) (ScriptedImporter) -> (artifact id: '4d730ab024f9ccb3fb5c798a439ba69a') in 0.0169097 seconds
Number of updated asset objects reloaded before import = 0Number of asset objects unloaded after import = 20

========================================================================
Received Import Request.
  Time since last request: 0.000016 seconds.
  path: Assets/HQP STUDIOS/Rocks and Terrains Pack - Low Poly/Models/Rocks/Tiles/Snow Tiles/Tile_Snow_Rock_12.fbx
  artifactKey: Guid(63162cb8a6d2bbf4fa0a13cfd9eea4a3) Importer(2089858483,0ecaa5967403d082aa24f35e1b516d23)
Start importing Assets/HQP STUDIOS/Rocks and Terrains Pack - Low Poly/Models/Rocks/Tiles/Snow Tiles/Tile_Snow_Rock_12.fbx using Guid(63162cb8a6d2bbf4fa0a13cfd9eea4a3) Importer(2089858483,0ecaa5967403d082aa24f35e1b516d23) (ScriptedImporter) -> (artifact id: 'b59197905c63ba59151346f0b57cc527') in 0.017471 seconds
Number of updated asset objects reloaded before import = 0Number of asset objects unloaded after import = 9

========================================================================
Received Import Request.
  Time since last request: 0.000017 seconds.
  path: Assets/HQP STUDIOS/Rocks and Terrains Pack - Low Poly/Models/Rocks/Tiles/Moss Tiles/Tile_Moss_Rock_4.fbx
  artifactKey: Guid(1a37c8c237eebc54aa4dd46e5b441750) Importer(2089858483,0ecaa5967403d082aa24f35e1b516d23)
Start importing Assets/HQP STUDIOS/Rocks and Terrains Pack - Low Poly/Models/Rocks/Tiles/Moss Tiles/Tile_Moss_Rock_4.fbx using Guid(1a37c8c237eebc54aa4dd46e5b441750) Importer(2089858483,0ecaa5967403d082aa24f35e1b516d23) (ScriptedImporter) -> (artifact id: '6f0e15e6f13418295c8bb737d4667479') in 0.0147156 seconds
Number of updated asset objects reloaded before import = 0Number of asset objects unloaded after import = 9

========================================================================
Received Import Request.
  Time since last request: 0.000019 seconds.
  path: Assets/HQP STUDIOS/Rocks and Terrains Pack - Low Poly/Models/Rocks/Tiles/Tiles/Tile_Rock_22.fbx
  artifactKey: Guid(b22ec56d2f88f9f43be5044b17ba0c75) Importer(2089858483,0ecaa5967403d082aa24f35e1b516d23)
Start importing Assets/HQP STUDIOS/Rocks and Terrains Pack - Low Poly/Models/Rocks/Tiles/Tiles/Tile_Rock_22.fbx using Guid(b22ec56d2f88f9f43be5044b17ba0c75) Importer(2089858483,0ecaa5967403d082aa24f35e1b516d23) (ScriptedImporter) -> (artifact id: '19e5f3a884687a05d93986563917b289') in 0.015768 seconds
Number of updated asset objects reloaded before import = 0Number of asset objects unloaded after import = 9

========================================================================
Received Import Request.
  Time since last request: 0.000029 seconds.
  path: Assets/HQP STUDIOS/Rocks and Terrains Pack - Low Poly/Models/Rocks/Tiles/Tiles/Tile_Rock_17.fbx
  artifactKey: Guid(f6669af5d87439e428bcfa6bdece3748) Importer(2089858483,0ecaa5967403d082aa24f35e1b516d23)
Start importing Assets/HQP STUDIOS/Rocks and Terrains Pack - Low Poly/Models/Rocks/Tiles/Tiles/Tile_Rock_17.fbx using Guid(f6669af5d87439e428bcfa6bdece3748) Importer(2089858483,0ecaa5967403d082aa24f35e1b516d23) (ScriptedImporter) -> (artifact id: '9161dcbb6b48a5221d37af792e626674') in 0.0140463 seconds
Number of updated asset objects reloaded before import = 0Number of asset objects unloaded after import = 9

========================================================================
Received Import Request.
  Time since last request: 0.000016 seconds.
  path: Assets/HQP STUDIOS/Rocks and Terrains Pack - Low Poly/Models/Rocks/Tiles/Tiles/Tile_Rock_27.fbx
  artifactKey: Guid(53aa026ef886b9944a7df5fef1eed127) Importer(2089858483,0ecaa5967403d082aa24f35e1b516d23)
Start importing Assets/HQP STUDIOS/Rocks and Terrains Pack - Low Poly/Models/Rocks/Tiles/Tiles/Tile_Rock_27.fbx using Guid(53aa026ef886b9944a7df5fef1eed127) Importer(2089858483,0ecaa5967403d082aa24f35e1b516d23) (ScriptedImporter) -> (artifact id: '84832974764686a7b942293864ee7538') in 0.0164344 seconds
Number of updated asset objects reloaded before import = 0Number of asset objects unloaded after import = 9

========================================================================
Received Import Request.
  Time since last request: 0.000016 seconds.
  path: Assets/HQP STUDIOS/Rocks and Terrains Pack - Low Poly/Models/Rocks/Tiles/Tiles/Tile_Rock_30.fbx
  artifactKey: Guid(df89bb8b1cded944290dc6e1d272b91d) Importer(2089858483,0ecaa5967403d082aa24f35e1b516d23)
Start importing Assets/HQP STUDIOS/Rocks and Terrains Pack - Low Poly/Models/Rocks/Tiles/Tiles/Tile_Rock_30.fbx using Guid(df89bb8b1cded944290dc6e1d272b91d) Importer(2089858483,0ecaa5967403d082aa24f35e1b516d23) (ScriptedImporter) -> (artifact id: 'e3d8b1f278992f5be5c9343a268c6960') in 0.015179 seconds
Number of updated asset objects reloaded before import = 0Number of asset objects unloaded after import = 9

========================================================================
Received Import Request.
  Time since last request: 0.000017 seconds.
  path: Assets/HQP STUDIOS/Rocks and Terrains Pack - Low Poly/Models/Terrains/Mountains/LOD/Mountain_L_13_LOD.fbx
  artifactKey: Guid(691d3e38a5a43734882dd437c38a2f6b) Importer(2089858483,0ecaa5967403d082aa24f35e1b516d23)
Start importing Assets/HQP STUDIOS/Rocks and Terrains Pack - Low Poly/Models/Terrains/Mountains/LOD/Mountain_L_13_LOD.fbx using Guid(691d3e38a5a43734882dd437c38a2f6b) Importer(2089858483,0ecaa5967403d082aa24f35e1b516d23) (ScriptedImporter) -> (artifact id: 'd892d96bb57f8f83a453dff2b6b9105f') in 0.0176694 seconds
Number of updated asset objects reloaded before import = 0Number of asset objects unloaded after import = 20

========================================================================
Received Import Request.
  Time since last request: 0.000016 seconds.
  path: Assets/HQP STUDIOS/Rocks and Terrains Pack - Low Poly/Models/Rocks/Tiles/Tiles/Tile_Rock_19.fbx
  artifactKey: Guid(f1e257342bdbc6e4da581a51710da1e4) Importer(2089858483,0ecaa5967403d082aa24f35e1b516d23)
Start importing Assets/HQP STUDIOS/Rocks and Terrains Pack - Low Poly/Models/Rocks/Tiles/Tiles/Tile_Rock_19.fbx using Guid(f1e257342bdbc6e4da581a51710da1e4) Importer(2089858483,0ecaa5967403d082aa24f35e1b516d23) (ScriptedImporter) -> (artifact id: '25d4d293cf575e3122ccbbe02629914a') in 0.0168756 seconds
Number of updated asset objects reloaded before import = 0Number of asset objects unloaded after import = 9

========================================================================
Received Import Request.
  Time since last request: 0.000015 seconds.
  path: Assets/HQP STUDIOS/Rocks and Terrains Pack - Low Poly/Models/Terrains/Mountains/LOD/Mountain_L_04_LOD.fbx
  artifactKey: Guid(e129904c71d9f7240a4eb3b456323b03) Importer(2089858483,0ecaa5967403d082aa24f35e1b516d23)
Start importing Assets/HQP STUDIOS/Rocks and Terrains Pack - Low Poly/Models/Terrains/Mountains/LOD/Mountain_L_04_LOD.fbx using Guid(e129904c71d9f7240a4eb3b456323b03) Importer(2089858483,0ecaa5967403d082aa24f35e1b516d23) (ScriptedImporter) -> (artifact id: '91893a6ddacd93601841cd1911a9815f') in 0.0181119 seconds
Number of updated asset objects reloaded before import = 0Number of asset objects unloaded after import = 20

========================================================================
Received Import Request.
  Time since last request: 0.000018 seconds.
  path: Assets/HQP STUDIOS/Rocks and Terrains Pack - Low Poly/Models/Rocks/Tiles/Snow Tiles/Tile_Snow_Rock_10.fbx
  artifactKey: Guid(5ae002e3f3e292146b90944eb1c1088a) Importer(2089858483,0ecaa5967403d082aa24f35e1b516d23)
Start importing Assets/HQP STUDIOS/Rocks and Terrains Pack - Low Poly/Models/Rocks/Tiles/Snow Tiles/Tile_Snow_Rock_10.fbx using Guid(5ae002e3f3e292146b90944eb1c1088a) Importer(2089858483,0ecaa5967403d082aa24f35e1b516d23) (ScriptedImporter) -> (artifact id: '12e758ec3a766fb4903ba3894641824b') in 0.0206246 seconds
Number of updated asset objects reloaded before import = 0Number of asset objects unloaded after import = 9

========================================================================
Received Import Request.
  Time since last request: 0.000017 seconds.
  path: Assets/HQP STUDIOS/Rocks and Terrains Pack - Low Poly/Models/Terrains/Mountains/LOD/Mountain_L_18_LOD.fbx
  artifactKey: Guid(3f0603ba0198b0548b97ed0a84a88be1) Importer(2089858483,0ecaa5967403d082aa24f35e1b516d23)
Start importing Assets/HQP STUDIOS/Rocks and Terrains Pack - Low Poly/Models/Terrains/Mountains/LOD/Mountain_L_18_LOD.fbx using Guid(3f0603ba0198b0548b97ed0a84a88be1) Importer(2089858483,0ecaa5967403d082aa24f35e1b516d23) (ScriptedImporter) -> (artifact id: 'd2a61cd4f849bf71b9676b2d2a5e9168') in 0.0164155 seconds
Number of updated asset objects reloaded before import = 0Number of asset objects unloaded after import = 20

========================================================================
Received Import Request.
  Time since last request: 0.000016 seconds.
  path: Assets/HQP STUDIOS/Rocks and Terrains Pack - Low Poly/Models/Rocks/Tiles/Tiles/Tile_Rock_14.fbx
  artifactKey: Guid(bd167643d404dc04e8619fd01dfba537) Importer(2089858483,0ecaa5967403d082aa24f35e1b516d23)
Start importing Assets/HQP STUDIOS/Rocks and Terrains Pack - Low Poly/Models/Rocks/Tiles/Tiles/Tile_Rock_14.fbx using Guid(bd167643d404dc04e8619fd01dfba537) Importer(2089858483,0ecaa5967403d082aa24f35e1b516d23) (ScriptedImporter) -> (artifact id: 'b15034d5b34ad2c3c35460abdb035895') in 0.0168003 seconds
Number of updated asset objects reloaded before import = 0Number of asset objects unloaded after import = 9

========================================================================
Received Import Request.
  Time since last request: 0.000016 seconds.
  path: Assets/HQP STUDIOS/Rocks and Terrains Pack - Low Poly/Models/Terrains/Mountains/LOD/Mountain_L_01_LOD.fbx
  artifactKey: Guid(1e216130e2bf298479e1c243b5220eca) Importer(2089858483,0ecaa5967403d082aa24f35e1b516d23)
Start importing Assets/HQP STUDIOS/Rocks and Terrains Pack - Low Poly/Models/Terrains/Mountains/LOD/Mountain_L_01_LOD.fbx using Guid(1e216130e2bf298479e1c243b5220eca) Importer(2089858483,0ecaa5967403d082aa24f35e1b516d23) (ScriptedImporter) -> (artifact id: '3d38d01897e104e35e3a89d9bfe3ed85') in 0.0168293 seconds
Number of updated asset objects reloaded before import = 0Number of asset objects unloaded after import = 20

========================================================================
Received Import Request.
  Time since last request: 0.000017 seconds.
  path: Assets/HQP STUDIOS/Rocks and Terrains Pack - Low Poly/Models/Rocks/Tiles/Moss Tiles/Tile_Moss_Rock_8.fbx
  artifactKey: Guid(2172f18721c7d784283406aa45b211b2) Importer(2089858483,0ecaa5967403d082aa24f35e1b516d23)
Start importing Assets/HQP STUDIOS/Rocks and Terrains Pack - Low Poly/Models/Rocks/Tiles/Moss Tiles/Tile_Moss_Rock_8.fbx using Guid(2172f18721c7d784283406aa45b211b2) Importer(2089858483,0ecaa5967403d082aa24f35e1b516d23) (ScriptedImporter) -> (artifact id: 'e6cff05783d67ea207bcb2cca321480d') in 0.0163321 seconds
Number of updated asset objects reloaded before import = 0Number of asset objects unloaded after import = 9

========================================================================
Received Import Request.
  Time since last request: 0.000015 seconds.
  path: Assets/HQP STUDIOS/Rocks and Terrains Pack - Low Poly/Models/Rocks/Tiles/Snow Tiles/Tile_Snow_Rock_9.fbx
  artifactKey: Guid(d91f56cad3376a545afd60039ec4432f) Importer(2089858483,0ecaa5967403d082aa24f35e1b516d23)
Start importing Assets/HQP STUDIOS/Rocks and Terrains Pack - Low Poly/Models/Rocks/Tiles/Snow Tiles/Tile_Snow_Rock_9.fbx using Guid(d91f56cad3376a545afd60039ec4432f) Importer(2089858483,0ecaa5967403d082aa24f35e1b516d23) (ScriptedImporter) -> (artifact id: '75fa20da6a8d0d6eaa98b6e5087dadb5') in 0.0146688 seconds
Number of updated asset objects reloaded before import = 0Number of asset objects unloaded after import = 9

========================================================================
Received Import Request.
  Time since last request: 0.000013 seconds.
  path: Assets/HQP STUDIOS/Rocks and Terrains Pack - Low Poly/Models/Rocks/Tiles/Moss Tiles/Tile_Moss_Rock_26.fbx
  artifactKey: Guid(8055b0f7119ceb34eb2e2ed3975c6c79) Importer(2089858483,0ecaa5967403d082aa24f35e1b516d23)
Start importing Assets/HQP STUDIOS/Rocks and Terrains Pack - Low Poly/Models/Rocks/Tiles/Moss Tiles/Tile_Moss_Rock_26.fbx using Guid(8055b0f7119ceb34eb2e2ed3975c6c79) Importer(2089858483,0ecaa5967403d082aa24f35e1b516d23) (ScriptedImporter) -> (artifact id: '2bf30de8b01dffae345ae89afe3d881b') in 0.0152199 seconds
Number of updated asset objects reloaded before import = 0Number of asset objects unloaded after import = 9

========================================================================
Received Import Request.
  Time since last request: 0.000016 seconds.
  path: Assets/HQP STUDIOS/Rocks and Terrains Pack - Low Poly/Models/Rocks/Tiles/Tiles/Tile_Rock_20.fbx
  artifactKey: Guid(bdaffc6603cbb614398d8448138e8bba) Importer(2089858483,0ecaa5967403d082aa24f35e1b516d23)
Start importing Assets/HQP STUDIOS/Rocks and Terrains Pack - Low Poly/Models/Rocks/Tiles/Tiles/Tile_Rock_20.fbx using Guid(bdaffc6603cbb614398d8448138e8bba) Importer(2089858483,0ecaa5967403d082aa24f35e1b516d23) (ScriptedImporter) -> (artifact id: '36bca07ce2232a9ef5faa3074282af78') in 0.0144501 seconds
Number of updated asset objects reloaded before import = 0Number of asset objects unloaded after import = 9

========================================================================
Received Import Request.
  Time since last request: 0.000021 seconds.
  path: Assets/HQP STUDIOS/Rocks and Terrains Pack - Low Poly/Models/Rocks/Tiles/Moss Tiles/Tile_Moss_Rock_21.fbx
  artifactKey: Guid(0145866224813ef48b41f6db758028eb) Importer(2089858483,0ecaa5967403d082aa24f35e1b516d23)
Start importing Assets/HQP STUDIOS/Rocks and Terrains Pack - Low Poly/Models/Rocks/Tiles/Moss Tiles/Tile_Moss_Rock_21.fbx using Guid(0145866224813ef48b41f6db758028eb) Importer(2089858483,0ecaa5967403d082aa24f35e1b516d23) (ScriptedImporter) -> (artifact id: '9d375a99a31ee87d4e5377c12cbe119c') in 0.0159001 seconds
Number of updated asset objects reloaded before import = 0Number of asset objects unloaded after import = 9

========================================================================
Received Import Request.
  Time since last request: 0.000014 seconds.
  path: Assets/HQP STUDIOS/Rocks and Terrains Pack - Low Poly/Models/Terrains/Mountains/LOD/Mountain_L_08_LOD.fbx
  artifactKey: Guid(8c3fcc66a187c3b44a3824c4f38878f6) Importer(2089858483,0ecaa5967403d082aa24f35e1b516d23)
Start importing Assets/HQP STUDIOS/Rocks and Terrains Pack - Low Poly/Models/Terrains/Mountains/LOD/Mountain_L_08_LOD.fbx using Guid(8c3fcc66a187c3b44a3824c4f38878f6) Importer(2089858483,0ecaa5967403d082aa24f35e1b516d23) (ScriptedImporter) -> (artifact id: 'f2e22eaa543e1d5c6e3a5acf850b80dc') in 0.0155062 seconds
Number of updated asset objects reloaded before import = 0Number of asset objects unloaded after import = 20

========================================================================
Received Import Request.
  Time since last request: 0.000015 seconds.
  path: Assets/HQP STUDIOS/Rocks and Terrains Pack - Low Poly/Models/Rocks/Tiles/Moss Tiles/Tile_Moss_Rock_16.fbx
  artifactKey: Guid(71b34ae327192a24088b02f1e55aed27) Importer(2089858483,0ecaa5967403d082aa24f35e1b516d23)
Start importing Assets/HQP STUDIOS/Rocks and Terrains Pack - Low Poly/Models/Rocks/Tiles/Moss Tiles/Tile_Moss_Rock_16.fbx using Guid(71b34ae327192a24088b02f1e55aed27) Importer(2089858483,0ecaa5967403d082aa24f35e1b516d23) (ScriptedImporter) -> (artifact id: '0c591070a84d7c825752d0b7774f09ac') in 0.0157767 seconds
Number of updated asset objects reloaded before import = 0Number of asset objects unloaded after import = 9

========================================================================
Received Import Request.
  Time since last request: 0.000014 seconds.
  path: Assets/HQP STUDIOS/Rocks and Terrains Pack - Low Poly/Models/Rocks/Tiles/Snow Tiles/Tile_Snow_Rock_28.fbx
  artifactKey: Guid(bb30b433c23f70b4894d67bb1ca7b21c) Importer(2089858483,0ecaa5967403d082aa24f35e1b516d23)
Start importing Assets/HQP STUDIOS/Rocks and Terrains Pack - Low Poly/Models/Rocks/Tiles/Snow Tiles/Tile_Snow_Rock_28.fbx using Guid(bb30b433c23f70b4894d67bb1ca7b21c) Importer(2089858483,0ecaa5967403d082aa24f35e1b516d23) (ScriptedImporter) -> (artifact id: 'c791d09c8b65cb1d6d03232385ac23b8') in 0.0140628 seconds
Number of updated asset objects reloaded before import = 0Number of asset objects unloaded after import = 9

========================================================================
Received Import Request.
  Time since last request: 0.000016 seconds.
  path: Assets/HQP STUDIOS/Rocks and Terrains Pack - Low Poly/Models/Terrains/Mountains/LOD/Mountain_L_02_LOD.fbx
  artifactKey: Guid(63d926f6588f9544ca705c2c572f4202) Importer(2089858483,0ecaa5967403d082aa24f35e1b516d23)
Start importing Assets/HQP STUDIOS/Rocks and Terrains Pack - Low Poly/Models/Terrains/Mountains/LOD/Mountain_L_02_LOD.fbx using Guid(63d926f6588f9544ca705c2c572f4202) Importer(2089858483,0ecaa5967403d082aa24f35e1b516d23) (ScriptedImporter) -> (artifact id: '82c81110036a72628a89814d849976eb') in 0.0183666 seconds
Number of updated asset objects reloaded before import = 0Number of asset objects unloaded after import = 20

========================================================================
Received Import Request.
  Time since last request: 0.000013 seconds.
  path: Assets/HQP STUDIOS/Rocks and Terrains Pack - Low Poly/Models/Rocks/Tiles/Tiles/Tile_Rock_5.fbx
  artifactKey: Guid(a789a02a6224a1744ab14c51fcb93433) Importer(2089858483,0ecaa5967403d082aa24f35e1b516d23)
Start importing Assets/HQP STUDIOS/Rocks and Terrains Pack - Low Poly/Models/Rocks/Tiles/Tiles/Tile_Rock_5.fbx using Guid(a789a02a6224a1744ab14c51fcb93433) Importer(2089858483,0ecaa5967403d082aa24f35e1b516d23) (ScriptedImporter) -> (artifact id: '088a1be713940bedc0bd01e12b8914c2') in 0.0125626 seconds
Number of updated asset objects reloaded before import = 0Number of asset objects unloaded after import = 9

========================================================================
Received Import Request.
  Time since last request: 0.000014 seconds.
  path: Assets/HQP STUDIOS/Rocks and Terrains Pack - Low Poly/Models/Terrains/Mountains/LOD/Mountain_L_03_LOD.fbx
  artifactKey: Guid(02f3ba417b7abbc439a9a211fef766e2) Importer(2089858483,0ecaa5967403d082aa24f35e1b516d23)
Start importing Assets/HQP STUDIOS/Rocks and Terrains Pack - Low Poly/Models/Terrains/Mountains/LOD/Mountain_L_03_LOD.fbx using Guid(02f3ba417b7abbc439a9a211fef766e2) Importer(2089858483,0ecaa5967403d082aa24f35e1b516d23) (ScriptedImporter) -> (artifact id: 'c66a0c32b06535cd5ea9499d54d02303') in 0.0163051 seconds
Number of updated asset objects reloaded before import = 0Number of asset objects unloaded after import = 20

========================================================================
Received Import Request.
  Time since last request: 0.000015 seconds.
  path: Assets/HQP STUDIOS/Rocks and Terrains Pack - Low Poly/Models/Rocks/Tiles/Snow Tiles/Tile_Snow_Rock_19.fbx
  artifactKey: Guid(cee9ef68fe5ad6c47bbb440e9ecfdc4b) Importer(2089858483,0ecaa5967403d082aa24f35e1b516d23)
Start importing Assets/HQP STUDIOS/Rocks and Terrains Pack - Low Poly/Models/Rocks/Tiles/Snow Tiles/Tile_Snow_Rock_19.fbx using Guid(cee9ef68fe5ad6c47bbb440e9ecfdc4b) Importer(2089858483,0ecaa5967403d082aa24f35e1b516d23) (ScriptedImporter) -> (artifact id: 'a6e1619fcb2b1c4381c87574a4e8a42f') in 0.0155241 seconds
Number of updated asset objects reloaded before import = 0Number of asset objects unloaded after import = 9

========================================================================
Received Import Request.
  Time since last request: 0.000017 seconds.
  path: Assets/HQP STUDIOS/Rocks and Terrains Pack - Low Poly/Models/Rocks/Tiles/Snow Tiles/Tile_Snow_Rock_5.fbx
  artifactKey: Guid(f690b6fe9ff2c5545a3efad19d89d427) Importer(2089858483,0ecaa5967403d082aa24f35e1b516d23)
Start importing Assets/HQP STUDIOS/Rocks and Terrains Pack - Low Poly/Models/Rocks/Tiles/Snow Tiles/Tile_Snow_Rock_5.fbx using Guid(f690b6fe9ff2c5545a3efad19d89d427) Importer(2089858483,0ecaa5967403d082aa24f35e1b516d23) (ScriptedImporter) -> (artifact id: '856b1c420255608a033568ef211fd934') in 0.0140937 seconds
Number of updated asset objects reloaded before import = 0Number of asset objects unloaded after import = 9

========================================================================
Received Import Request.
  Time since last request: 0.000014 seconds.
  path: Assets/HQP STUDIOS/Rocks and Terrains Pack - Low Poly/Models/Terrains/Mountains/LOD/Mountain_L_11_LOD.fbx
  artifactKey: Guid(278d39d70dcf9214793307947c99fc6d) Importer(2089858483,0ecaa5967403d082aa24f35e1b516d23)
Start importing Assets/HQP STUDIOS/Rocks and Terrains Pack - Low Poly/Models/Terrains/Mountains/LOD/Mountain_L_11_LOD.fbx using Guid(278d39d70dcf9214793307947c99fc6d) Importer(2089858483,0ecaa5967403d082aa24f35e1b516d23) (ScriptedImporter) -> (artifact id: '64e3f94d3836fa88932ee07465149c5c') in 0.0178785 seconds
Number of updated asset objects reloaded before import = 0Number of asset objects unloaded after import = 20

========================================================================
Received Import Request.
  Time since last request: 0.000014 seconds.
  path: Assets/HQP STUDIOS/Rocks and Terrains Pack - Low Poly/Models/Terrains/Mountains/LOD/Mountain_L_09_LOD.fbx
  artifactKey: Guid(91ae84f2405e4b946b677d103864f923) Importer(2089858483,0ecaa5967403d082aa24f35e1b516d23)
Start importing Assets/HQP STUDIOS/Rocks and Terrains Pack - Low Poly/Models/Terrains/Mountains/LOD/Mountain_L_09_LOD.fbx using Guid(91ae84f2405e4b946b677d103864f923) Importer(2089858483,0ecaa5967403d082aa24f35e1b516d23) (ScriptedImporter) -> (artifact id: '1678ed1e577ce93a5d22ccd6fdbb0ca2') in 0.0158288 seconds
Number of updated asset objects reloaded before import = 0Number of asset objects unloaded after import = 20

========================================================================
Received Import Request.
  Time since last request: 0.000014 seconds.
  path: Assets/HQP STUDIOS/Rocks and Terrains Pack - Low Poly/Models/Rocks/Tiles/Tiles/Tile_Rock_1.fbx
  artifactKey: Guid(8d7cc1e234f239f4ba474a0d939df88a) Importer(2089858483,0ecaa5967403d082aa24f35e1b516d23)
Start importing Assets/HQP STUDIOS/Rocks and Terrains Pack - Low Poly/Models/Rocks/Tiles/Tiles/Tile_Rock_1.fbx using Guid(8d7cc1e234f239f4ba474a0d939df88a) Importer(2089858483,0ecaa5967403d082aa24f35e1b516d23) (ScriptedImporter) -> (artifact id: 'bd45edf7347c4fb91c4111a6903349ff') in 0.0149172 seconds
Number of updated asset objects reloaded before import = 0Number of asset objects unloaded after import = 9

========================================================================
Received Import Request.
  Time since last request: 0.000015 seconds.
  path: Assets/HQP STUDIOS/Rocks and Terrains Pack - Low Poly/Models/Rocks/Tiles/Moss Tiles/Tile_Moss_Rock_14.fbx
  artifactKey: Guid(e624f7ef31f409b41bdc8815876363bf) Importer(2089858483,0ecaa5967403d082aa24f35e1b516d23)
Start importing Assets/HQP STUDIOS/Rocks and Terrains Pack - Low Poly/Models/Rocks/Tiles/Moss Tiles/Tile_Moss_Rock_14.fbx using Guid(e624f7ef31f409b41bdc8815876363bf) Importer(2089858483,0ecaa5967403d082aa24f35e1b516d23) (ScriptedImporter) -> (artifact id: 'e88b69e459023726483c3c87c977861f') in 0.0145425 seconds
Number of updated asset objects reloaded before import = 0Number of asset objects unloaded after import = 9

========================================================================
Received Import Request.
  Time since last request: 0.000019 seconds.
  path: Assets/HQP STUDIOS/Rocks and Terrains Pack - Low Poly/Models/Rocks/Tiles/Moss Tiles/Tile_Moss_Rock_9.fbx
  artifactKey: Guid(132a6b6115286d74e9500a142dd96ca6) Importer(2089858483,0ecaa5967403d082aa24f35e1b516d23)
Start importing Assets/HQP STUDIOS/Rocks and Terrains Pack - Low Poly/Models/Rocks/Tiles/Moss Tiles/Tile_Moss_Rock_9.fbx using Guid(132a6b6115286d74e9500a142dd96ca6) Importer(2089858483,0ecaa5967403d082aa24f35e1b516d23) (ScriptedImporter) -> (artifact id: 'd3e83cb9b542b5ad941c866fbf643081') in 0.0179694 seconds
Number of updated asset objects reloaded before import = 0Number of asset objects unloaded after import = 9

========================================================================
Received Import Request.
  Time since last request: 0.000023 seconds.
  path: Assets/HQP STUDIOS/Rocks and Terrains Pack - Low Poly/Models/Rocks/Tiles/Tiles/Tile_Rock_28.fbx
  artifactKey: Guid(0fc3af406ba9b154c90126015ee6353c) Importer(2089858483,0ecaa5967403d082aa24f35e1b516d23)
Start importing Assets/HQP STUDIOS/Rocks and Terrains Pack - Low Poly/Models/Rocks/Tiles/Tiles/Tile_Rock_28.fbx using Guid(0fc3af406ba9b154c90126015ee6353c) Importer(2089858483,0ecaa5967403d082aa24f35e1b516d23) (ScriptedImporter) -> (artifact id: 'd332100c695bb914816a1e2f4bffe6d2') in 0.015252 seconds
Number of updated asset objects reloaded before import = 0Number of asset objects unloaded after import = 9

========================================================================
Received Import Request.
  Time since last request: 0.000015 seconds.
  path: Assets/HQP STUDIOS/Rocks and Terrains Pack - Low Poly/Models/Rocks/Tiles/Tiles/Tile_Rock_13.fbx
  artifactKey: Guid(8516a2921449b1647a2e53f0b0e1b36b) Importer(2089858483,0ecaa5967403d082aa24f35e1b516d23)
Start importing Assets/HQP STUDIOS/Rocks and Terrains Pack - Low Poly/Models/Rocks/Tiles/Tiles/Tile_Rock_13.fbx using Guid(8516a2921449b1647a2e53f0b0e1b36b) Importer(2089858483,0ecaa5967403d082aa24f35e1b516d23) (ScriptedImporter) -> (artifact id: '800a147996792f793c5c8ab0c58960de') in 0.0182237 seconds
Number of updated asset objects reloaded before import = 0Number of asset objects unloaded after import = 9

========================================================================
Received Import Request.
  Time since last request: 0.000015 seconds.
  path: Assets/HQP STUDIOS/Rocks and Terrains Pack - Low Poly/Models/Rocks/Tiles/Snow Tiles/Tile_Snow_Rock_8.fbx
  artifactKey: Guid(8d82683fd14804c45a8488757828422d) Importer(2089858483,0ecaa5967403d082aa24f35e1b516d23)
Start importing Assets/HQP STUDIOS/Rocks and Terrains Pack - Low Poly/Models/Rocks/Tiles/Snow Tiles/Tile_Snow_Rock_8.fbx using Guid(8d82683fd14804c45a8488757828422d) Importer(2089858483,0ecaa5967403d082aa24f35e1b516d23) (ScriptedImporter) -> (artifact id: '32c837faa2c7e25691222718c5d5be0c') in 0.0138102 seconds
Number of updated asset objects reloaded before import = 0Number of asset objects unloaded after import = 9

========================================================================
Received Import Request.
  Time since last request: 0.000015 seconds.
  path: Assets/HQP STUDIOS/Rocks and Terrains Pack - Low Poly/Models/Rocks/Tiles/Snow Tiles/Tile_Snow_Rock_25.fbx
  artifactKey: Guid(b49d816202aa56d4ea7847b6e7b45dcb) Importer(2089858483,0ecaa5967403d082aa24f35e1b516d23)
Start importing Assets/HQP STUDIOS/Rocks and Terrains Pack - Low Poly/Models/Rocks/Tiles/Snow Tiles/Tile_Snow_Rock_25.fbx using Guid(b49d816202aa56d4ea7847b6e7b45dcb) Importer(2089858483,0ecaa5967403d082aa24f35e1b516d23) (ScriptedImporter) -> (artifact id: '99665333050585e9b181c48617c18039') in 0.0153399 seconds
Number of updated asset objects reloaded before import = 0Number of asset objects unloaded after import = 9

========================================================================
Received Import Request.
  Time since last request: 0.000014 seconds.
  path: Assets/HQP STUDIOS/Rocks and Terrains Pack - Low Poly/Models/Rocks/Tiles/Moss Tiles/Tile_Moss_Rock_17.fbx
  artifactKey: Guid(38ee60fa6779b8749b765cb2ab9834fb) Importer(2089858483,0ecaa5967403d082aa24f35e1b516d23)
Start importing Assets/HQP STUDIOS/Rocks and Terrains Pack - Low Poly/Models/Rocks/Tiles/Moss Tiles/Tile_Moss_Rock_17.fbx using Guid(38ee60fa6779b8749b765cb2ab9834fb) Importer(2089858483,0ecaa5967403d082aa24f35e1b516d23) (ScriptedImporter) -> (artifact id: 'eeefd7216773f14027e629b2e710b198') in 0.0154477 seconds
Number of updated asset objects reloaded before import = 0Number of asset objects unloaded after import = 9

========================================================================
Received Import Request.
  Time since last request: 0.000019 seconds.
  path: Assets/HQP STUDIOS/Rocks and Terrains Pack - Low Poly/Models/Rocks/Tiles/Snow Tiles/Tile_Snow_Rock_14.fbx
  artifactKey: Guid(d53b9e12bf8f59442a92c982cca42fd0) Importer(2089858483,0ecaa5967403d082aa24f35e1b516d23)
Start importing Assets/HQP STUDIOS/Rocks and Terrains Pack - Low Poly/Models/Rocks/Tiles/Snow Tiles/Tile_Snow_Rock_14.fbx using Guid(d53b9e12bf8f59442a92c982cca42fd0) Importer(2089858483,0ecaa5967403d082aa24f35e1b516d23) (ScriptedImporter) -> (artifact id: '882abfe705173e0c8548b41bfb05e5de') in 0.0152345 seconds
Number of updated asset objects reloaded before import = 0Number of asset objects unloaded after import = 9

========================================================================
Received Import Request.
  Time since last request: 0.000018 seconds.
  path: Assets/HQP STUDIOS/Rocks and Terrains Pack - Low Poly/Models/Rocks/Tiles/Moss Tiles/Tile_Moss_Rock_24.fbx
  artifactKey: Guid(8a65795a337529942a40b28b3f94f8d2) Importer(2089858483,0ecaa5967403d082aa24f35e1b516d23)
Start importing Assets/HQP STUDIOS/Rocks and Terrains Pack - Low Poly/Models/Rocks/Tiles/Moss Tiles/Tile_Moss_Rock_24.fbx using Guid(8a65795a337529942a40b28b3f94f8d2) Importer(2089858483,0ecaa5967403d082aa24f35e1b516d23) (ScriptedImporter) -> (artifact id: '426ae2172496c297b0ef29f93a20a8c0') in 0.0152001 seconds
Number of updated asset objects reloaded before import = 0Number of asset objects unloaded after import = 9

========================================================================
Received Import Request.
  Time since last request: 0.000016 seconds.
  path: Assets/HQP STUDIOS/Rocks and Terrains Pack - Low Poly/Models/Rocks/Tiles/Tiles/Tile_Rock_15.fbx
  artifactKey: Guid(98fd5253e05ba564f860233e72958643) Importer(2089858483,0ecaa5967403d082aa24f35e1b516d23)
Start importing Assets/HQP STUDIOS/Rocks and Terrains Pack - Low Poly/Models/Rocks/Tiles/Tiles/Tile_Rock_15.fbx using Guid(98fd5253e05ba564f860233e72958643) Importer(2089858483,0ecaa5967403d082aa24f35e1b516d23) (ScriptedImporter) -> (artifact id: '411d5fc2ab49f53c6aefdacb4f5ecd2a') in 0.0157208 seconds
Number of updated asset objects reloaded before import = 0Number of asset objects unloaded after import = 9

========================================================================
Received Import Request.
  Time since last request: 0.000014 seconds.
  path: Assets/HQP STUDIOS/Rocks and Terrains Pack - Low Poly/Models/Rocks/Tiles/Moss Tiles/Tile_Moss_Rock_28.fbx
  artifactKey: Guid(8186668d54c265f40b56fd2a6b07c20d) Importer(2089858483,0ecaa5967403d082aa24f35e1b516d23)
Start importing Assets/HQP STUDIOS/Rocks and Terrains Pack - Low Poly/Models/Rocks/Tiles/Moss Tiles/Tile_Moss_Rock_28.fbx using Guid(8186668d54c265f40b56fd2a6b07c20d) Importer(2089858483,0ecaa5967403d082aa24f35e1b516d23) (ScriptedImporter) -> (artifact id: 'a1db996b44783604fe28512ada39e12d') in 0.016816 seconds
Number of updated asset objects reloaded before import = 0Number of asset objects unloaded after import = 9

========================================================================
Received Import Request.
  Time since last request: 0.000017 seconds.
  path: Assets/HQP STUDIOS/Rocks and Terrains Pack - Low Poly/Models/Rocks/Tiles/Snow Tiles/Tile_Snow_Rock_3.fbx
  artifactKey: Guid(5abc41ff54f57444287cf07527e42d32) Importer(2089858483,0ecaa5967403d082aa24f35e1b516d23)
Start importing Assets/HQP STUDIOS/Rocks and Terrains Pack - Low Poly/Models/Rocks/Tiles/Snow Tiles/Tile_Snow_Rock_3.fbx using Guid(5abc41ff54f57444287cf07527e42d32) Importer(2089858483,0ecaa5967403d082aa24f35e1b516d23) (ScriptedImporter) -> (artifact id: '1849dbaccbd9863aab7cf610a504736d') in 0.0167749 seconds
Number of updated asset objects reloaded before import = 0Number of asset objects unloaded after import = 9

========================================================================
Received Import Request.
  Time since last request: 0.000014 seconds.
  path: Assets/HQP STUDIOS/Rocks and Terrains Pack - Low Poly/Models/Terrains/Mountains/NoLOD/Mountain_L_06.fbx
  artifactKey: Guid(195d9ac76a06f3641adb7e800f293344) Importer(2089858483,0ecaa5967403d082aa24f35e1b516d23)
Start importing Assets/HQP STUDIOS/Rocks and Terrains Pack - Low Poly/Models/Terrains/Mountains/NoLOD/Mountain_L_06.fbx using Guid(195d9ac76a06f3641adb7e800f293344) Importer(2089858483,0ecaa5967403d082aa24f35e1b516d23) (ScriptedImporter) -> (artifact id: '4cb11f55728bb6d51091e39baa75ea49') in 0.0167001 seconds
Number of updated asset objects reloaded before import = 0Number of asset objects unloaded after import = 9

========================================================================
Received Import Request.
  Time since last request: 0.000016 seconds.
  path: Assets/HQP STUDIOS/Rocks and Terrains Pack - Low Poly/Models/Terrains/Mountains/NoLOD/Mountain_L_01.fbx
  artifactKey: Guid(34087b58d802c774da3b65572f1cad3b) Importer(2089858483,0ecaa5967403d082aa24f35e1b516d23)
Start importing Assets/HQP STUDIOS/Rocks and Terrains Pack - Low Poly/Models/Terrains/Mountains/NoLOD/Mountain_L_01.fbx using Guid(34087b58d802c774da3b65572f1cad3b) Importer(2089858483,0ecaa5967403d082aa24f35e1b516d23) (ScriptedImporter) -> (artifact id: 'bae0035d6502ee956decbb4d96767922') in 0.0173886 seconds
Number of updated asset objects reloaded before import = 0Number of asset objects unloaded after import = 9

========================================================================
Received Import Request.
  Time since last request: 0.000015 seconds.
  path: Assets/HQP STUDIOS/Rocks and Terrains Pack - Low Poly/Prefabs/Rocks/Block Rocks/Block Rocks/Block_Rock_17.prefab
  artifactKey: Guid(cbb1094e51d37994db15c81332e9253b) Importer(2089858483,0ecaa5967403d082aa24f35e1b516d23)
Start importing Assets/HQP STUDIOS/Rocks and Terrains Pack - Low Poly/Prefabs/Rocks/Block Rocks/Block Rocks/Block_Rock_17.prefab using Guid(cbb1094e51d37994db15c81332e9253b) Importer(2089858483,0ecaa5967403d082aa24f35e1b516d23) (ScriptedImporter) -> (artifact id: '233ca7f845ae4ad3f9e646009bab85eb') in 0.0180788 seconds
Number of updated asset objects reloaded before import = 0Number of asset objects unloaded after import = 9

========================================================================
Received Import Request.
  Time since last request: 0.000018 seconds.
  path: Assets/HQP STUDIOS/Rocks and Terrains Pack - Low Poly/Prefabs/Rocks/Block Rocks/Moss Block Rocks/Block_Moss_Rock_26.prefab
  artifactKey: Guid(5ba4a153cfe35644fb4fb303baa03af5) Importer(2089858483,0ecaa5967403d082aa24f35e1b516d23)
Start importing Assets/HQP STUDIOS/Rocks and Terrains Pack - Low Poly/Prefabs/Rocks/Block Rocks/Moss Block Rocks/Block_Moss_Rock_26.prefab using Guid(5ba4a153cfe35644fb4fb303baa03af5) Importer(2089858483,0ecaa5967403d082aa24f35e1b516d23) (ScriptedImporter) -> (artifact id: '1579e89c8f043ed539528e92c5832483') in 0.0174313 seconds
Number of updated asset objects reloaded before import = 0Number of asset objects unloaded after import = 9

========================================================================
Received Import Request.
  Time since last request: 0.000022 seconds.
  path: Assets/HQP STUDIOS/Rocks and Terrains Pack - Low Poly/Models/Terrains/Terrains/Terrains/Terrain_2.fbx
  artifactKey: Guid(6a52152cba66e5741bb6e2f7f2defd55) Importer(2089858483,0ecaa5967403d082aa24f35e1b516d23)
Start importing Assets/HQP STUDIOS/Rocks and Terrains Pack - Low Poly/Models/Terrains/Terrains/Terrains/Terrain_2.fbx using Guid(6a52152cba66e5741bb6e2f7f2defd55) Importer(2089858483,0ecaa5967403d082aa24f35e1b516d23) (ScriptedImporter) -> (artifact id: 'e271abb83d5aecf9108ad98ca15e9def') in 0.0159914 seconds
Number of updated asset objects reloaded before import = 0Number of asset objects unloaded after import = 9

========================================================================
Received Import Request.
  Time since last request: 0.000014 seconds.
  path: Assets/HQP STUDIOS/Rocks and Terrains Pack - Low Poly/Models/Terrains/Terrains/Small Terrains/Small_Terrain_4.fbx
  artifactKey: Guid(bdf2f6454652b6944b2a89e04e72ad98) Importer(2089858483,0ecaa5967403d082aa24f35e1b516d23)
Start importing Assets/HQP STUDIOS/Rocks and Terrains Pack - Low Poly/Models/Terrains/Terrains/Small Terrains/Small_Terrain_4.fbx using Guid(bdf2f6454652b6944b2a89e04e72ad98) Importer(2089858483,0ecaa5967403d082aa24f35e1b516d23) (ScriptedImporter) -> (artifact id: 'b0752cf508964d1555fc7f28dc68ae19') in 0.0157844 seconds
Number of updated asset objects reloaded before import = 0Number of asset objects unloaded after import = 9

========================================================================
Received Import Request.
  Time since last request: 0.000013 seconds.
  path: Assets/HQP STUDIOS/Rocks and Terrains Pack - Low Poly/Prefabs/Rocks/Block Rocks/Block Rocks/Block_Rock_8.prefab
  artifactKey: Guid(14c178ee45429ef4398178056718dc24) Importer(2089858483,0ecaa5967403d082aa24f35e1b516d23)
Start importing Assets/HQP STUDIOS/Rocks and Terrains Pack - Low Poly/Prefabs/Rocks/Block Rocks/Block Rocks/Block_Rock_8.prefab using Guid(14c178ee45429ef4398178056718dc24) Importer(2089858483,0ecaa5967403d082aa24f35e1b516d23) (ScriptedImporter) -> (artifact id: 'c21c58c6fc184d0e68d0413486f4203a') in 0.0180341 seconds
Number of updated asset objects reloaded before import = 0Number of asset objects unloaded after import = 9

========================================================================
Received Import Request.
  Time since last request: 0.000017 seconds.
  path: Assets/HQP STUDIOS/Rocks and Terrains Pack - Low Poly/Prefabs/Rocks/Block Rocks/Moss Block Rocks/Block_Moss_Rock_4.prefab
  artifactKey: Guid(9a9585439a27a544687116f607e873e4) Importer(2089858483,0ecaa5967403d082aa24f35e1b516d23)
Start importing Assets/HQP STUDIOS/Rocks and Terrains Pack - Low Poly/Prefabs/Rocks/Block Rocks/Moss Block Rocks/Block_Moss_Rock_4.prefab using Guid(9a9585439a27a544687116f607e873e4) Importer(2089858483,0ecaa5967403d082aa24f35e1b516d23) (ScriptedImporter) -> (artifact id: '366c794d3154084d21e5d3a6795b8491') in 0.0172969 seconds
Number of updated asset objects reloaded before import = 0Number of asset objects unloaded after import = 9

========================================================================
Received Import Request.
  Time since last request: 0.000038 seconds.
  path: Assets/HQP STUDIOS/Rocks and Terrains Pack - Low Poly/Prefabs/Rocks/Block Rocks/Moss Block Rocks/Block_Moss_Rock_38.prefab
  artifactKey: Guid(430db6d41537f514b93f98023b93b325) Importer(2089858483,0ecaa5967403d082aa24f35e1b516d23)
Start importing Assets/HQP STUDIOS/Rocks and Terrains Pack - Low Poly/Prefabs/Rocks/Block Rocks/Moss Block Rocks/Block_Moss_Rock_38.prefab using Guid(430db6d41537f514b93f98023b93b325) Importer(2089858483,0ecaa5967403d082aa24f35e1b516d23) (ScriptedImporter) -> (artifact id: 'd2906dc492bb7716d9c5f2682eb5590c') in 0.0184466 seconds
Number of updated asset objects reloaded before import = 0Number of asset objects unloaded after import = 9

========================================================================
Received Import Request.
  Time since last request: 0.000015 seconds.
  path: Assets/HQP STUDIOS/Rocks and Terrains Pack - Low Poly/Prefabs/Rocks/Block Rocks/Moss Block Rocks/Block_Moss_Rock_34.prefab
  artifactKey: Guid(845279d098ed07a47966ce0f9bb0353f) Importer(2089858483,0ecaa5967403d082aa24f35e1b516d23)
Start importing Assets/HQP STUDIOS/Rocks and Terrains Pack - Low Poly/Prefabs/Rocks/Block Rocks/Moss Block Rocks/Block_Moss_Rock_34.prefab using Guid(845279d098ed07a47966ce0f9bb0353f) Importer(2089858483,0ecaa5967403d082aa24f35e1b516d23) (ScriptedImporter) -> (artifact id: '8536dc7312dfd8048f57b75a42db9b42') in 0.0178355 seconds
Number of updated asset objects reloaded before import = 0Number of asset objects unloaded after import = 9

========================================================================
Received Import Request.
  Time since last request: 0.000015 seconds.
  path: Assets/HQP STUDIOS/Rocks and Terrains Pack - Low Poly/Prefabs/Rocks/Block Rocks/Block Rocks/Block_Rock_2.prefab
  artifactKey: Guid(797f63f7c87d3304f8e5caf27ade0e47) Importer(2089858483,0ecaa5967403d082aa24f35e1b516d23)
Start importing Assets/HQP STUDIOS/Rocks and Terrains Pack - Low Poly/Prefabs/Rocks/Block Rocks/Block Rocks/Block_Rock_2.prefab using Guid(797f63f7c87d3304f8e5caf27ade0e47) Importer(2089858483,0ecaa5967403d082aa24f35e1b516d23) (ScriptedImporter) -> (artifact id: '56404424558c4d08b362fccbfaced446') in 0.0174617 seconds
Number of updated asset objects reloaded before import = 0Number of asset objects unloaded after import = 9

========================================================================
Received Import Request.
  Time since last request: 0.000018 seconds.
  path: Assets/HQP STUDIOS/Rocks and Terrains Pack - Low Poly/Prefabs/Rocks/Block Rocks/Moss Block Rocks/Block_Moss_Rock_23.prefab
  artifactKey: Guid(ac55be7c2f636f5419a7310b929931e4) Importer(2089858483,0ecaa5967403d082aa24f35e1b516d23)
Start importing Assets/HQP STUDIOS/Rocks and Terrains Pack - Low Poly/Prefabs/Rocks/Block Rocks/Moss Block Rocks/Block_Moss_Rock_23.prefab using Guid(ac55be7c2f636f5419a7310b929931e4) Importer(2089858483,0ecaa5967403d082aa24f35e1b516d23) (ScriptedImporter) -> (artifact id: '3efa49c95a7efbb664eef8a2400ba98d') in 0.0155991 seconds
Number of updated asset objects reloaded before import = 0Number of asset objects unloaded after import = 9

========================================================================
Received Import Request.
  Time since last request: 0.000019 seconds.
  path: Assets/HQP STUDIOS/Rocks and Terrains Pack - Low Poly/Models/Terrains/Mountains/NoLOD/Mountain_L_08.fbx
  artifactKey: Guid(707a85eec64a8d940935a0408d3b68c0) Importer(2089858483,0ecaa5967403d082aa24f35e1b516d23)
Start importing Assets/HQP STUDIOS/Rocks and Terrains Pack - Low Poly/Models/Terrains/Mountains/NoLOD/Mountain_L_08.fbx using Guid(707a85eec64a8d940935a0408d3b68c0) Importer(2089858483,0ecaa5967403d082aa24f35e1b516d23) (ScriptedImporter) -> (artifact id: '0dffbf37b04d3ed85abb493953b9ba8e') in 0.0172845 seconds
Number of updated asset objects reloaded before import = 0Number of asset objects unloaded after import = 9

========================================================================
Received Import Request.
  Time since last request: 0.000014 seconds.
  path: Assets/HQP STUDIOS/Rocks and Terrains Pack - Low Poly/Models/Terrains/Mountains/NoLOD/Mountain_L_19.fbx
  artifactKey: Guid(c3e6d9096f4973442b47c1079a9bf55d) Importer(2089858483,0ecaa5967403d082aa24f35e1b516d23)
Start importing Assets/HQP STUDIOS/Rocks and Terrains Pack - Low Poly/Models/Terrains/Mountains/NoLOD/Mountain_L_19.fbx using Guid(c3e6d9096f4973442b47c1079a9bf55d) Importer(2089858483,0ecaa5967403d082aa24f35e1b516d23) (ScriptedImporter) -> (artifact id: '0c3d29a78e8dfac417a3a4031f31ca0f') in 0.0202168 seconds
Number of updated asset objects reloaded before import = 0Number of asset objects unloaded after import = 9

========================================================================
Received Import Request.
  Time since last request: 0.000016 seconds.
  path: Assets/HQP STUDIOS/Rocks and Terrains Pack - Low Poly/Prefabs/Rocks/Block Rocks/Moss Block Rocks/Block_Moss_Rock_39.prefab
  artifactKey: Guid(587edf846ef39b1469b984db901b1e4f) Importer(2089858483,0ecaa5967403d082aa24f35e1b516d23)
Start importing Assets/HQP STUDIOS/Rocks and Terrains Pack - Low Poly/Prefabs/Rocks/Block Rocks/Moss Block Rocks/Block_Moss_Rock_39.prefab using Guid(587edf846ef39b1469b984db901b1e4f) Importer(2089858483,0ecaa5967403d082aa24f35e1b516d23) (ScriptedImporter) -> (artifact id: '80903bdab827d2943cf8e67d0ac0041f') in 0.0177836 seconds
Number of updated asset objects reloaded before import = 0Number of asset objects unloaded after import = 9

========================================================================
Received Import Request.
  Time since last request: 0.000018 seconds.
  path: Assets/HQP STUDIOS/Rocks and Terrains Pack - Low Poly/Prefabs/Rocks/Block Rocks/Block Rocks/Block_Rock_10.prefab
  artifactKey: Guid(99eeb89c1d4534141848e572439eac32) Importer(2089858483,0ecaa5967403d082aa24f35e1b516d23)
Start importing Assets/HQP STUDIOS/Rocks and Terrains Pack - Low Poly/Prefabs/Rocks/Block Rocks/Block Rocks/Block_Rock_10.prefab using Guid(99eeb89c1d4534141848e572439eac32) Importer(2089858483,0ecaa5967403d082aa24f35e1b516d23) (ScriptedImporter) -> (artifact id: '2326757fccc42741b0f8625ddddb05d3') in 0.0166412 seconds
Number of updated asset objects reloaded before import = 0Number of asset objects unloaded after import = 9

========================================================================
Received Import Request.
  Time since last request: 0.000018 seconds.
  path: Assets/HQP STUDIOS/Rocks and Terrains Pack - Low Poly/Prefabs/Rocks/Block Rocks/Block Rocks/Block_Rock_18.prefab
  artifactKey: Guid(37640a01f05452144801d24c9f6c2dd7) Importer(2089858483,0ecaa5967403d082aa24f35e1b516d23)
Start importing Assets/HQP STUDIOS/Rocks and Terrains Pack - Low Poly/Prefabs/Rocks/Block Rocks/Block Rocks/Block_Rock_18.prefab using Guid(37640a01f05452144801d24c9f6c2dd7) Importer(2089858483,0ecaa5967403d082aa24f35e1b516d23) (ScriptedImporter) -> (artifact id: '832fe0bcc336c8e9128ea5f735067ddf') in 0.0163001 seconds
Number of updated asset objects reloaded before import = 0Number of asset objects unloaded after import = 9

========================================================================
Received Import Request.
  Time since last request: 0.000037 seconds.
  path: Assets/HQP STUDIOS/Rocks and Terrains Pack - Low Poly/Models/Terrains/Mountains/NoLOD/Mountain_L_11.fbx
  artifactKey: Guid(53df8ca26c9290f49a430a8499d8ef3f) Importer(2089858483,0ecaa5967403d082aa24f35e1b516d23)
Start importing Assets/HQP STUDIOS/Rocks and Terrains Pack - Low Poly/Models/Terrains/Mountains/NoLOD/Mountain_L_11.fbx using Guid(53df8ca26c9290f49a430a8499d8ef3f) Importer(2089858483,0ecaa5967403d082aa24f35e1b516d23) (ScriptedImporter) -> (artifact id: '54ac1df3ed12745b2e4d9a595540e943') in 0.015711 seconds
Number of updated asset objects reloaded before import = 0Number of asset objects unloaded after import = 9

========================================================================
Received Import Request.
  Time since last request: 0.000013 seconds.
  path: Assets/HQP STUDIOS/Rocks and Terrains Pack - Low Poly/Prefabs/Rocks/Block Rocks/Moss Block Rocks/Block_Moss_Rock_25.prefab
  artifactKey: Guid(dfd3c669eaf1e7c4194c0f357b404b5b) Importer(2089858483,0ecaa5967403d082aa24f35e1b516d23)
Start importing Assets/HQP STUDIOS/Rocks and Terrains Pack - Low Poly/Prefabs/Rocks/Block Rocks/Moss Block Rocks/Block_Moss_Rock_25.prefab using Guid(dfd3c669eaf1e7c4194c0f357b404b5b) Importer(2089858483,0ecaa5967403d082aa24f35e1b516d23) (ScriptedImporter) -> (artifact id: '531a2dc06d5db805bc3c463657ddf176') in 0.0193344 seconds
Number of updated asset objects reloaded before import = 0Number of asset objects unloaded after import = 9

========================================================================
Received Import Request.
  Time since last request: 0.000013 seconds.
  path: Assets/HQP STUDIOS/Rocks and Terrains Pack - Low Poly/Prefabs/Rocks/Block Rocks/Moss Block Rocks/Block_Moss_Rock_12.prefab
  artifactKey: Guid(ebcbdfbbdfaa07c40ac2222f94f5e172) Importer(2089858483,0ecaa5967403d082aa24f35e1b516d23)
Start importing Assets/HQP STUDIOS/Rocks and Terrains Pack - Low Poly/Prefabs/Rocks/Block Rocks/Moss Block Rocks/Block_Moss_Rock_12.prefab using Guid(ebcbdfbbdfaa07c40ac2222f94f5e172) Importer(2089858483,0ecaa5967403d082aa24f35e1b516d23) (ScriptedImporter) -> (artifact id: 'f083e2cca577ffddb713c7a07e65187c') in 0.0189419 seconds
Number of updated asset objects reloaded before import = 0Number of asset objects unloaded after import = 9

========================================================================
Received Import Request.
  Time since last request: 0.000014 seconds.
  path: Assets/HQP STUDIOS/Rocks and Terrains Pack - Low Poly/Models/Terrains/Terrains/Small Terrains/Small_Terrain_1.fbx
  artifactKey: Guid(b313ee04abae43646a6fde3b88a6ae68) Importer(2089858483,0ecaa5967403d082aa24f35e1b516d23)
Start importing Assets/HQP STUDIOS/Rocks and Terrains Pack - Low Poly/Models/Terrains/Terrains/Small Terrains/Small_Terrain_1.fbx using Guid(b313ee04abae43646a6fde3b88a6ae68) Importer(2089858483,0ecaa5967403d082aa24f35e1b516d23) (ScriptedImporter) -> (artifact id: '48dafe2908784ba7a0b0dbbc0222987f') in 0.019885 seconds
Number of updated asset objects reloaded before import = 0Number of asset objects unloaded after import = 9

========================================================================
Received Import Request.
  Time since last request: 0.000014 seconds.
  path: Assets/HQP STUDIOS/Rocks and Terrains Pack - Low Poly/Models/Terrains/Mountains/NoLOD/Mountain_L_10.fbx
  artifactKey: Guid(b08ff1ca25d6a1e498201852e7bc615a) Importer(2089858483,0ecaa5967403d082aa24f35e1b516d23)
Start importing Assets/HQP STUDIOS/Rocks and Terrains Pack - Low Poly/Models/Terrains/Mountains/NoLOD/Mountain_L_10.fbx using Guid(b08ff1ca25d6a1e498201852e7bc615a) Importer(2089858483,0ecaa5967403d082aa24f35e1b516d23) (ScriptedImporter) -> (artifact id: 'e4e3204176d14df6f6b08f0c40f05098') in 0.0163564 seconds
Number of updated asset objects reloaded before import = 0Number of asset objects unloaded after import = 9

========================================================================
Received Import Request.
  Time since last request: 0.000018 seconds.
  path: Assets/HQP STUDIOS/Rocks and Terrains Pack - Low Poly/Models/Terrains/Terrains/Small Terrains/Small_Terrain_5.fbx
  artifactKey: Guid(187fcb5db83ce294bbeeb39f68347fcf) Importer(2089858483,0ecaa5967403d082aa24f35e1b516d23)
Start importing Assets/HQP STUDIOS/Rocks and Terrains Pack - Low Poly/Models/Terrains/Terrains/Small Terrains/Small_Terrain_5.fbx using Guid(187fcb5db83ce294bbeeb39f68347fcf) Importer(2089858483,0ecaa5967403d082aa24f35e1b516d23) (ScriptedImporter) -> (artifact id: '6fc502109a58e71254d0b958877717f5') in 0.0153981 seconds
Number of updated asset objects reloaded before import = 0Number of asset objects unloaded after import = 9

========================================================================
Received Import Request.
  Time since last request: 0.000019 seconds.
  path: Assets/HQP STUDIOS/Rocks and Terrains Pack - Low Poly/Models/Terrains/Mountains/NoLOD/Mountain_L_13.fbx
  artifactKey: Guid(9528d9beea9f9cf4cb91d1358159215a) Importer(2089858483,0ecaa5967403d082aa24f35e1b516d23)
Start importing Assets/HQP STUDIOS/Rocks and Terrains Pack - Low Poly/Models/Terrains/Mountains/NoLOD/Mountain_L_13.fbx using Guid(9528d9beea9f9cf4cb91d1358159215a) Importer(2089858483,0ecaa5967403d082aa24f35e1b516d23) (ScriptedImporter) -> (artifact id: 'ca0e6c1948aee87f7adb7c7f639524dd') in 0.016989 seconds
Number of updated asset objects reloaded before import = 0Number of asset objects unloaded after import = 9

========================================================================
Received Import Request.
  Time since last request: 0.000016 seconds.
  path: Assets/HQP STUDIOS/Rocks and Terrains Pack - Low Poly/Models/Terrains/Terrains/Small Terrains/Small_Terrain_3.fbx
  artifactKey: Guid(6330758d1f3107243b63ad2cf1ff58ed) Importer(2089858483,0ecaa5967403d082aa24f35e1b516d23)
Start importing Assets/HQP STUDIOS/Rocks and Terrains Pack - Low Poly/Models/Terrains/Terrains/Small Terrains/Small_Terrain_3.fbx using Guid(6330758d1f3107243b63ad2cf1ff58ed) Importer(2089858483,0ecaa5967403d082aa24f35e1b516d23) (ScriptedImporter) -> (artifact id: '45f8df22321810b56ffb28853181577c') in 0.0151111 seconds
Number of updated asset objects reloaded before import = 0Number of asset objects unloaded after import = 9

========================================================================
Received Import Request.
  Time since last request: 0.000016 seconds.
  path: Assets/HQP STUDIOS/Rocks and Terrains Pack - Low Poly/Prefabs/Rocks/Block Rocks/Moss Block Rocks/Block_Moss_Rock_16.prefab
  artifactKey: Guid(951c9bba6868d714fa06e99fc8e0c32c) Importer(2089858483,0ecaa5967403d082aa24f35e1b516d23)
Start importing Assets/HQP STUDIOS/Rocks and Terrains Pack - Low Poly/Prefabs/Rocks/Block Rocks/Moss Block Rocks/Block_Moss_Rock_16.prefab using Guid(951c9bba6868d714fa06e99fc8e0c32c) Importer(2089858483,0ecaa5967403d082aa24f35e1b516d23) (ScriptedImporter) -> (artifact id: 'f29204676d90f94d95081e1ff6f78b42') in 0.018089 seconds
Number of updated asset objects reloaded before import = 0Number of asset objects unloaded after import = 9

========================================================================
Received Import Request.
  Time since last request: 0.000012 seconds.
  path: Assets/HQP STUDIOS/Rocks and Terrains Pack - Low Poly/Prefabs/Rocks/Block Rocks/Moss Block Rocks/Block_Moss_Rock_22.prefab
  artifactKey: Guid(8a54d947dd39b0d4baa0cedd9968e539) Importer(2089858483,0ecaa5967403d082aa24f35e1b516d23)
Start importing Assets/HQP STUDIOS/Rocks and Terrains Pack - Low Poly/Prefabs/Rocks/Block Rocks/Moss Block Rocks/Block_Moss_Rock_22.prefab using Guid(8a54d947dd39b0d4baa0cedd9968e539) Importer(2089858483,0ecaa5967403d082aa24f35e1b516d23) (ScriptedImporter) -> (artifact id: '7bd71279ace0a3eae5b4199a9afef4ff') in 0.0177238 seconds
Number of updated asset objects reloaded before import = 0Number of asset objects unloaded after import = 9

========================================================================
Received Import Request.
  Time since last request: 0.000016 seconds.
  path: Assets/HQP STUDIOS/Rocks and Terrains Pack - Low Poly/Prefabs/Rocks/Block Rocks/Moss Block Rocks/Block_Moss_Rock_37.prefab
  artifactKey: Guid(c8a4bed85a7f2664cbc0564eeb194112) Importer(2089858483,0ecaa5967403d082aa24f35e1b516d23)
Start importing Assets/HQP STUDIOS/Rocks and Terrains Pack - Low Poly/Prefabs/Rocks/Block Rocks/Moss Block Rocks/Block_Moss_Rock_37.prefab using Guid(c8a4bed85a7f2664cbc0564eeb194112) Importer(2089858483,0ecaa5967403d082aa24f35e1b516d23) (ScriptedImporter) -> (artifact id: 'fec0e9898df737cb45ff0495379a228f') in 0.0158126 seconds
Number of updated asset objects reloaded before import = 0Number of asset objects unloaded after import = 9

========================================================================
Received Import Request.
  Time since last request: 0.000013 seconds.
  path: Assets/HQP STUDIOS/Rocks and Terrains Pack - Low Poly/Prefabs/Rocks/Block Rocks/Moss Block Rocks/Block_Moss_Rock_13.prefab
  artifactKey: Guid(44325aa00ffff2c40af4e7d6a350356e) Importer(2089858483,0ecaa5967403d082aa24f35e1b516d23)
Start importing Assets/HQP STUDIOS/Rocks and Terrains Pack - Low Poly/Prefabs/Rocks/Block Rocks/Moss Block Rocks/Block_Moss_Rock_13.prefab using Guid(44325aa00ffff2c40af4e7d6a350356e) Importer(2089858483,0ecaa5967403d082aa24f35e1b516d23) (ScriptedImporter) -> (artifact id: '4745da7186f195e7c7735d61ce933f72') in 0.0175122 seconds
Number of updated asset objects reloaded before import = 0Number of asset objects unloaded after import = 9

========================================================================
Received Import Request.
  Time since last request: 0.000022 seconds.
  path: Assets/HQP STUDIOS/Rocks and Terrains Pack - Low Poly/Prefabs/Rocks/Block Rocks/Moss Block Rocks/Block_Moss_Rock_10.prefab
  artifactKey: Guid(6ed5479a1facdd64b8c44d1874e2b772) Importer(2089858483,0ecaa5967403d082aa24f35e1b516d23)
Start importing Assets/HQP STUDIOS/Rocks and Terrains Pack - Low Poly/Prefabs/Rocks/Block Rocks/Moss Block Rocks/Block_Moss_Rock_10.prefab using Guid(6ed5479a1facdd64b8c44d1874e2b772) Importer(2089858483,0ecaa5967403d082aa24f35e1b516d23) (ScriptedImporter) -> (artifact id: '35aaa4c46c8d23ea2aacd6191c939b29') in 0.0168549 seconds
Number of updated asset objects reloaded before import = 0Number of asset objects unloaded after import = 9

========================================================================
Received Import Request.
  Time since last request: 0.000020 seconds.
  path: Assets/HQP STUDIOS/Rocks and Terrains Pack - Low Poly/Prefabs/Rocks/Block Rocks/Block Rocks/Block_Rock_9.prefab
  artifactKey: Guid(658742eeb0a52414d97b8070dd8c13a7) Importer(2089858483,0ecaa5967403d082aa24f35e1b516d23)
Start importing Assets/HQP STUDIOS/Rocks and Terrains Pack - Low Poly/Prefabs/Rocks/Block Rocks/Block Rocks/Block_Rock_9.prefab using Guid(658742eeb0a52414d97b8070dd8c13a7) Importer(2089858483,0ecaa5967403d082aa24f35e1b516d23) (ScriptedImporter) -> (artifact id: '44e4d70b00b3368849199dbafe6e19b2') in 0.0184548 seconds
Number of updated asset objects reloaded before import = 0Number of asset objects unloaded after import = 9

========================================================================
Received Import Request.
  Time since last request: 0.000013 seconds.
  path: Assets/HQP STUDIOS/Rocks and Terrains Pack - Low Poly/Models/Terrains/Mountains/NoLOD/Mountain_L_15.fbx
  artifactKey: Guid(51ef4858cd1949d48b2b7441e33a7a78) Importer(2089858483,0ecaa5967403d082aa24f35e1b516d23)
Start importing Assets/HQP STUDIOS/Rocks and Terrains Pack - Low Poly/Models/Terrains/Mountains/NoLOD/Mountain_L_15.fbx using Guid(51ef4858cd1949d48b2b7441e33a7a78) Importer(2089858483,0ecaa5967403d082aa24f35e1b516d23) (ScriptedImporter) -> (artifact id: '1e8b052408294b0cfa7cb56a8c811f9d') in 0.0147792 seconds
Number of updated asset objects reloaded before import = 0Number of asset objects unloaded after import = 9

========================================================================
Received Import Request.
  Time since last request: 0.000014 seconds.
  path: Assets/HQP STUDIOS/Rocks and Terrains Pack - Low Poly/Prefabs/Rocks/Block Rocks/Moss Block Rocks/Block_Moss_Rock_31.prefab
  artifactKey: Guid(125d5312880bdb24081b708902220e9b) Importer(2089858483,0ecaa5967403d082aa24f35e1b516d23)
Start importing Assets/HQP STUDIOS/Rocks and Terrains Pack - Low Poly/Prefabs/Rocks/Block Rocks/Moss Block Rocks/Block_Moss_Rock_31.prefab using Guid(125d5312880bdb24081b708902220e9b) Importer(2089858483,0ecaa5967403d082aa24f35e1b516d23) (ScriptedImporter) -> (artifact id: '59eb208fa5cdff831095d6d23168dbf3') in 0.019255 seconds
Number of updated asset objects reloaded before import = 0Number of asset objects unloaded after import = 9

========================================================================
Received Import Request.
  Time since last request: 0.000016 seconds.
  path: Assets/HQP STUDIOS/Rocks and Terrains Pack - Low Poly/Models/Terrains/Terrains/Terrains/Terrain_4.fbx
  artifactKey: Guid(ec2f9a8b26220fd4cb49613b8794fc36) Importer(2089858483,0ecaa5967403d082aa24f35e1b516d23)
Start importing Assets/HQP STUDIOS/Rocks and Terrains Pack - Low Poly/Models/Terrains/Terrains/Terrains/Terrain_4.fbx using Guid(ec2f9a8b26220fd4cb49613b8794fc36) Importer(2089858483,0ecaa5967403d082aa24f35e1b516d23) (ScriptedImporter) -> (artifact id: '0169a061f14b699b8b7c6324b8e59668') in 0.0152364 seconds
Number of updated asset objects reloaded before import = 0Number of asset objects unloaded after import = 9

========================================================================
Received Import Request.
  Time since last request: 0.000015 seconds.
  path: Assets/HQP STUDIOS/Rocks and Terrains Pack - Low Poly/Models/Terrains/Mountains/LOD/Mountain_L_20_LOD.fbx
  artifactKey: Guid(afd99995c1bac5f4e920206dcaaf0b71) Importer(2089858483,0ecaa5967403d082aa24f35e1b516d23)
Start importing Assets/HQP STUDIOS/Rocks and Terrains Pack - Low Poly/Models/Terrains/Mountains/LOD/Mountain_L_20_LOD.fbx using Guid(afd99995c1bac5f4e920206dcaaf0b71) Importer(2089858483,0ecaa5967403d082aa24f35e1b516d23) (ScriptedImporter) -> (artifact id: '577c2b26115be97aa2128c72135b66c8') in 0.0175948 seconds
Number of updated asset objects reloaded before import = 0Number of asset objects unloaded after import = 20

========================================================================
Received Import Request.
  Time since last request: 0.000018 seconds.
  path: Assets/HQP STUDIOS/Rocks and Terrains Pack - Low Poly/Prefabs/Rocks/Block Rocks/Moss Block Rocks/Block_Moss_Rock_1.prefab
  artifactKey: Guid(516b565ccc70b1f4e9be576dfd8a800f) Importer(2089858483,0ecaa5967403d082aa24f35e1b516d23)
Start importing Assets/HQP STUDIOS/Rocks and Terrains Pack - Low Poly/Prefabs/Rocks/Block Rocks/Moss Block Rocks/Block_Moss_Rock_1.prefab using Guid(516b565ccc70b1f4e9be576dfd8a800f) Importer(2089858483,0ecaa5967403d082aa24f35e1b516d23) (ScriptedImporter) -> (artifact id: 'a1bc5475e3aef39ba0acb3e2635c48fe') in 0.0187513 seconds
Number of updated asset objects reloaded before import = 0Number of asset objects unloaded after import = 9

========================================================================
Received Import Request.
  Time since last request: 0.000015 seconds.
  path: Assets/HQP STUDIOS/Rocks and Terrains Pack - Low Poly/Prefabs/Rocks/Flat Rocks/Flat Rocks/Flat_Rock_20.prefab
  artifactKey: Guid(9588deb2be0a34a4d9aadb4d71216349) Importer(2089858483,0ecaa5967403d082aa24f35e1b516d23)
Start importing Assets/HQP STUDIOS/Rocks and Terrains Pack - Low Poly/Prefabs/Rocks/Flat Rocks/Flat Rocks/Flat_Rock_20.prefab using Guid(9588deb2be0a34a4d9aadb4d71216349) Importer(2089858483,0ecaa5967403d082aa24f35e1b516d23) (ScriptedImporter) -> (artifact id: 'eda687931ac890bf9e88b2d418b1d78b') in 0.0162927 seconds
Number of updated asset objects reloaded before import = 0Number of asset objects unloaded after import = 9

========================================================================
Received Import Request.
  Time since last request: 0.000019 seconds.
  path: Assets/HQP STUDIOS/Rocks and Terrains Pack - Low Poly/Prefabs/Rocks/Block Rocks/Snow Block Rocks/Block_Snow_Rock_33.prefab
  artifactKey: Guid(010d6c01a5199094bafe58ae7f700a54) Importer(2089858483,0ecaa5967403d082aa24f35e1b516d23)
Start importing Assets/HQP STUDIOS/Rocks and Terrains Pack - Low Poly/Prefabs/Rocks/Block Rocks/Snow Block Rocks/Block_Snow_Rock_33.prefab using Guid(010d6c01a5199094bafe58ae7f700a54) Importer(2089858483,0ecaa5967403d082aa24f35e1b516d23) (ScriptedImporter) -> (artifact id: '86dd5e869301ab4020f438342ac05a11') in 0.0176176 seconds
Number of updated asset objects reloaded before import = 0Number of asset objects unloaded after import = 9

========================================================================
Received Import Request.
  Time since last request: 0.000014 seconds.
  path: Assets/HQP STUDIOS/Rocks and Terrains Pack - Low Poly/Prefabs/Rocks/Block Rocks/Snow Block Rocks/Block_Snow_Rock_34.prefab
  artifactKey: Guid(004b5d56e6160d3458b65bb54e266436) Importer(2089858483,0ecaa5967403d082aa24f35e1b516d23)
Start importing Assets/HQP STUDIOS/Rocks and Terrains Pack - Low Poly/Prefabs/Rocks/Block Rocks/Snow Block Rocks/Block_Snow_Rock_34.prefab using Guid(004b5d56e6160d3458b65bb54e266436) Importer(2089858483,0ecaa5967403d082aa24f35e1b516d23) (ScriptedImporter) -> (artifact id: 'ab91a1c91c6df15460f21eb93605bb7d') in 0.0172218 seconds
Number of updated asset objects reloaded before import = 0Number of asset objects unloaded after import = 9

========================================================================
Received Import Request.
  Time since last request: 0.000015 seconds.
  path: Assets/HQP STUDIOS/Rocks and Terrains Pack - Low Poly/Prefabs/Rocks/Block Rocks/Snow Block Rocks/Block_Snow_Rock_6.prefab
  artifactKey: Guid(b203ba06ac3b191408f9468685f0ec98) Importer(2089858483,0ecaa5967403d082aa24f35e1b516d23)
Start importing Assets/HQP STUDIOS/Rocks and Terrains Pack - Low Poly/Prefabs/Rocks/Block Rocks/Snow Block Rocks/Block_Snow_Rock_6.prefab using Guid(b203ba06ac3b191408f9468685f0ec98) Importer(2089858483,0ecaa5967403d082aa24f35e1b516d23) (ScriptedImporter) -> (artifact id: 'faf3fbe8465814ffbe94ff99d2a67eb0') in 0.0210155 seconds
Number of updated asset objects reloaded before import = 0Number of asset objects unloaded after import = 9

========================================================================
Received Import Request.
  Time since last request: 0.000017 seconds.
  path: Assets/HQP STUDIOS/Rocks and Terrains Pack - Low Poly/Prefabs/Rocks/Block Rocks/Snow Block Rocks/Block_Snow_Rock_32.prefab
  artifactKey: Guid(de4e6dad03ac0744081604f6e3727940) Importer(2089858483,0ecaa5967403d082aa24f35e1b516d23)
Start importing Assets/HQP STUDIOS/Rocks and Terrains Pack - Low Poly/Prefabs/Rocks/Block Rocks/Snow Block Rocks/Block_Snow_Rock_32.prefab using Guid(de4e6dad03ac0744081604f6e3727940) Importer(2089858483,0ecaa5967403d082aa24f35e1b516d23) (ScriptedImporter) -> (artifact id: '7185f7da3a7fe08179419cb9bd7fcdff') in 0.0195849 seconds
Number of updated asset objects reloaded before import = 0Number of asset objects unloaded after import = 9

========================================================================
Received Import Request.
  Time since last request: 0.000016 seconds.
  path: Assets/HQP STUDIOS/Rocks and Terrains Pack - Low Poly/Prefabs/Rocks/Flat Rocks/Flat Rocks/Flat_Rock_17.prefab
  artifactKey: Guid(dca8e31992e226f4c81f3b7fb53886d5) Importer(2089858483,0ecaa5967403d082aa24f35e1b516d23)
Start importing Assets/HQP STUDIOS/Rocks and Terrains Pack - Low Poly/Prefabs/Rocks/Flat Rocks/Flat Rocks/Flat_Rock_17.prefab using Guid(dca8e31992e226f4c81f3b7fb53886d5) Importer(2089858483,0ecaa5967403d082aa24f35e1b516d23) (ScriptedImporter) -> (artifact id: '894433bed068095086940b76c35af7e1') in 0.0169694 seconds
Number of updated asset objects reloaded before import = 0Number of asset objects unloaded after import = 9

========================================================================
Received Import Request.
  Time since last request: 0.000014 seconds.
  path: Assets/HQP STUDIOS/Rocks and Terrains Pack - Low Poly/Prefabs/Rocks/Block Rocks/Snow Block Rocks/Block_Snow_Rock_12.prefab
  artifactKey: Guid(f4b0550cff8233a428b90cb68f7f9587) Importer(2089858483,0ecaa5967403d082aa24f35e1b516d23)
Start importing Assets/HQP STUDIOS/Rocks and Terrains Pack - Low Poly/Prefabs/Rocks/Block Rocks/Snow Block Rocks/Block_Snow_Rock_12.prefab using Guid(f4b0550cff8233a428b90cb68f7f9587) Importer(2089858483,0ecaa5967403d082aa24f35e1b516d23) (ScriptedImporter) -> (artifact id: 'aef423f9ca4cdc0e4e06dd40c070cc86') in 0.0162921 seconds
Number of updated asset objects reloaded before import = 0Number of asset objects unloaded after import = 9

========================================================================
Received Import Request.
  Time since last request: 0.000020 seconds.
  path: Assets/HQP STUDIOS/Rocks and Terrains Pack - Low Poly/Prefabs/Rocks/Flat Rocks/Flat Rocks/Flat_Rock_19.prefab
  artifactKey: Guid(3ff1e3e1cd92663458456de742090b44) Importer(2089858483,0ecaa5967403d082aa24f35e1b516d23)
Start importing Assets/HQP STUDIOS/Rocks and Terrains Pack - Low Poly/Prefabs/Rocks/Flat Rocks/Flat Rocks/Flat_Rock_19.prefab using Guid(3ff1e3e1cd92663458456de742090b44) Importer(2089858483,0ecaa5967403d082aa24f35e1b516d23) (ScriptedImporter) -> (artifact id: 'fe91547225f67f9ea414c3932413ddce') in 0.0187453 seconds
Number of updated asset objects reloaded before import = 0Number of asset objects unloaded after import = 9

========================================================================
Received Import Request.
  Time since last request: 0.000015 seconds.
  path: Assets/HQP STUDIOS/Rocks and Terrains Pack - Low Poly/Prefabs/Rocks/Block Rocks/Snow Block Rocks/Block_Snow_Rock_36.prefab
  artifactKey: Guid(d6cf71f347db795429924e5fe672bfeb) Importer(2089858483,0ecaa5967403d082aa24f35e1b516d23)
Start importing Assets/HQP STUDIOS/Rocks and Terrains Pack - Low Poly/Prefabs/Rocks/Block Rocks/Snow Block Rocks/Block_Snow_Rock_36.prefab using Guid(d6cf71f347db795429924e5fe672bfeb) Importer(2089858483,0ecaa5967403d082aa24f35e1b516d23) (ScriptedImporter) -> (artifact id: 'a1cdcfdd4b51c0ffb5dad9d8429da11f') in 0.0172519 seconds
Number of updated asset objects reloaded before import = 0Number of asset objects unloaded after import = 9

========================================================================
Received Import Request.
  Time since last request: 0.000014 seconds.
  path: Assets/HQP STUDIOS/Rocks and Terrains Pack - Low Poly/Prefabs/Rocks/Flat Rocks/Flat Rocks/Flat_Rock_27.prefab
  artifactKey: Guid(6bcf2adb0a61e4244a0d7ac953bb757d) Importer(2089858483,0ecaa5967403d082aa24f35e1b516d23)
Start importing Assets/HQP STUDIOS/Rocks and Terrains Pack - Low Poly/Prefabs/Rocks/Flat Rocks/Flat Rocks/Flat_Rock_27.prefab using Guid(6bcf2adb0a61e4244a0d7ac953bb757d) Importer(2089858483,0ecaa5967403d082aa24f35e1b516d23) (ScriptedImporter) -> (artifact id: '12a1a677ac789a8f1fffc90d504b4cfe') in 0.0150992 seconds
Number of updated asset objects reloaded before import = 0Number of asset objects unloaded after import = 9

========================================================================
Received Import Request.
  Time since last request: 0.000015 seconds.
  path: Assets/HQP STUDIOS/Rocks and Terrains Pack - Low Poly/Prefabs/Rocks/Block Rocks/Snow Block Rocks/Block_Snow_Rock_20.prefab
  artifactKey: Guid(d43daff636cd3af4591e485c81e160a0) Importer(2089858483,0ecaa5967403d082aa24f35e1b516d23)
Start importing Assets/HQP STUDIOS/Rocks and Terrains Pack - Low Poly/Prefabs/Rocks/Block Rocks/Snow Block Rocks/Block_Snow_Rock_20.prefab using Guid(d43daff636cd3af4591e485c81e160a0) Importer(2089858483,0ecaa5967403d082aa24f35e1b516d23) (ScriptedImporter) -> (artifact id: '1e545cd9fdf0d1c4d28047456fee9475') in 0.0164328 seconds
Number of updated asset objects reloaded before import = 0Number of asset objects unloaded after import = 9

========================================================================
Received Import Request.
  Time since last request: 0.000013 seconds.
  path: Assets/HQP STUDIOS/Rocks and Terrains Pack - Low Poly/Prefabs/Rocks/Block Rocks/Snow Block Rocks/Block_Snow_Rock_1.prefab
  artifactKey: Guid(b865499f5ce16d84d94b63d0446425f7) Importer(2089858483,0ecaa5967403d082aa24f35e1b516d23)
Start importing Assets/HQP STUDIOS/Rocks and Terrains Pack - Low Poly/Prefabs/Rocks/Block Rocks/Snow Block Rocks/Block_Snow_Rock_1.prefab using Guid(b865499f5ce16d84d94b63d0446425f7) Importer(2089858483,0ecaa5967403d082aa24f35e1b516d23) (ScriptedImporter) -> (artifact id: 'c3f6036fdcce06c915d394aeacc98cc1') in 0.0190132 seconds
Number of updated asset objects reloaded before import = 0Number of asset objects unloaded after import = 9

========================================================================
Received Import Request.
  Time since last request: 0.000014 seconds.
  path: Assets/HQP STUDIOS/Rocks and Terrains Pack - Low Poly/Prefabs/Rocks/Block Rocks/Snow Block Rocks/Block_Snow_Rock_16.prefab
  artifactKey: Guid(3e5c3b86edb58f74795408bb668351aa) Importer(2089858483,0ecaa5967403d082aa24f35e1b516d23)
Start importing Assets/HQP STUDIOS/Rocks and Terrains Pack - Low Poly/Prefabs/Rocks/Block Rocks/Snow Block Rocks/Block_Snow_Rock_16.prefab using Guid(3e5c3b86edb58f74795408bb668351aa) Importer(2089858483,0ecaa5967403d082aa24f35e1b516d23) (ScriptedImporter) -> (artifact id: 'efa9adae4be847f4b961190fa982255b') in 0.0182467 seconds
Number of updated asset objects reloaded before import = 0Number of asset objects unloaded after import = 9

========================================================================
Received Import Request.
  Time since last request: 0.000014 seconds.
  path: Assets/HQP STUDIOS/Rocks and Terrains Pack - Low Poly/Prefabs/Rocks/Flat Rocks/Flat Rocks/Flat_Rock_6.prefab
  artifactKey: Guid(4561a708b0826d84ebec58494b28922e) Importer(2089858483,0ecaa5967403d082aa24f35e1b516d23)
Start importing Assets/HQP STUDIOS/Rocks and Terrains Pack - Low Poly/Prefabs/Rocks/Flat Rocks/Flat Rocks/Flat_Rock_6.prefab using Guid(4561a708b0826d84ebec58494b28922e) Importer(2089858483,0ecaa5967403d082aa24f35e1b516d23) (ScriptedImporter) -> (artifact id: 'bb6f24ac1d18de807e18af6ed2204668') in 0.0166222 seconds
Number of updated asset objects reloaded before import = 0Number of asset objects unloaded after import = 9

========================================================================
Received Import Request.
  Time since last request: 0.000012 seconds.
  path: Assets/HQP STUDIOS/Rocks and Terrains Pack - Low Poly/Prefabs/Rocks/Block Rocks/Snow Block Rocks/Block_Snow_Rock_13.prefab
  artifactKey: Guid(88dcaac242fea8843b0125023fa5f58a) Importer(2089858483,0ecaa5967403d082aa24f35e1b516d23)
Start importing Assets/HQP STUDIOS/Rocks and Terrains Pack - Low Poly/Prefabs/Rocks/Block Rocks/Snow Block Rocks/Block_Snow_Rock_13.prefab using Guid(88dcaac242fea8843b0125023fa5f58a) Importer(2089858483,0ecaa5967403d082aa24f35e1b516d23) (ScriptedImporter) -> (artifact id: '45fce0306a470eb6500b977e6eb7d24c') in 0.0162779 seconds
Number of updated asset objects reloaded before import = 0Number of asset objects unloaded after import = 9

========================================================================
Received Import Request.
  Time since last request: 0.000014 seconds.
  path: Assets/HQP STUDIOS/Rocks and Terrains Pack - Low Poly/Prefabs/Rocks/Block Rocks/Snow Block Rocks/Block_Snow_Rock_28.prefab
  artifactKey: Guid(863379f9d2f370c489f27f7ff1fdaed7) Importer(2089858483,0ecaa5967403d082aa24f35e1b516d23)
Start importing Assets/HQP STUDIOS/Rocks and Terrains Pack - Low Poly/Prefabs/Rocks/Block Rocks/Snow Block Rocks/Block_Snow_Rock_28.prefab using Guid(863379f9d2f370c489f27f7ff1fdaed7) Importer(2089858483,0ecaa5967403d082aa24f35e1b516d23) (ScriptedImporter) -> (artifact id: 'a6cbc6950d3e2ee76a4a1096ed30f092') in 0.0189673 seconds
Number of updated asset objects reloaded before import = 0Number of asset objects unloaded after import = 9

========================================================================
Received Import Request.
  Time since last request: 0.000013 seconds.
  path: Assets/HQP STUDIOS/Rocks and Terrains Pack - Low Poly/Prefabs/Rocks/Flat Rocks/Flat Rocks/Flat_Rock_15.prefab
  artifactKey: Guid(59ead56a64eef674c9c60e2fe2dd1bfc) Importer(2089858483,0ecaa5967403d082aa24f35e1b516d23)
Start importing Assets/HQP STUDIOS/Rocks and Terrains Pack - Low Poly/Prefabs/Rocks/Flat Rocks/Flat Rocks/Flat_Rock_15.prefab using Guid(59ead56a64eef674c9c60e2fe2dd1bfc) Importer(2089858483,0ecaa5967403d082aa24f35e1b516d23) (ScriptedImporter) -> (artifact id: 'd840b70311d401fb0793478c0acbe581') in 0.0180287 seconds
Number of updated asset objects reloaded before import = 0Number of asset objects unloaded after import = 9

========================================================================
Received Import Request.
  Time since last request: 0.000015 seconds.
  path: Assets/HQP STUDIOS/Rocks and Terrains Pack - Low Poly/Prefabs/Rocks/Block Rocks/Snow Block Rocks/Block_Snow_Rock_19.prefab
  artifactKey: Guid(126afa512c066ef4ab41db964c98bf72) Importer(2089858483,0ecaa5967403d082aa24f35e1b516d23)
Start importing Assets/HQP STUDIOS/Rocks and Terrains Pack - Low Poly/Prefabs/Rocks/Block Rocks/Snow Block Rocks/Block_Snow_Rock_19.prefab using Guid(126afa512c066ef4ab41db964c98bf72) Importer(2089858483,0ecaa5967403d082aa24f35e1b516d23) (ScriptedImporter) -> (artifact id: '354b63023500be63fe6224d60c692b41') in 0.0183846 seconds
Number of updated asset objects reloaded before import = 0Number of asset objects unloaded after import = 9

========================================================================
Received Import Request.
  Time since last request: 0.000016 seconds.
  path: Assets/HQP STUDIOS/Rocks and Terrains Pack - Low Poly/Prefabs/Rocks/Block Rocks/Snow Block Rocks/Block_Snow_Rock_25.prefab
  artifactKey: Guid(a37ffd637ef32e0419ebc5a26a66bc69) Importer(2089858483,0ecaa5967403d082aa24f35e1b516d23)
Start importing Assets/HQP STUDIOS/Rocks and Terrains Pack - Low Poly/Prefabs/Rocks/Block Rocks/Snow Block Rocks/Block_Snow_Rock_25.prefab using Guid(a37ffd637ef32e0419ebc5a26a66bc69) Importer(2089858483,0ecaa5967403d082aa24f35e1b516d23) (ScriptedImporter) -> (artifact id: 'fbb996b861645c34e65022bcedbfbab2') in 0.0161223 seconds
Number of updated asset objects reloaded before import = 0Number of asset objects unloaded after import = 9

========================================================================
Received Import Request.
  Time since last request: 0.000018 seconds.
  path: Assets/HQP STUDIOS/Rocks and Terrains Pack - Low Poly/Prefabs/Rocks/Block Rocks/Snow Block Rocks/Block_Snow_Rock_40.prefab
  artifactKey: Guid(82f05da48cd01704d826d70afc237669) Importer(2089858483,0ecaa5967403d082aa24f35e1b516d23)
Start importing Assets/HQP STUDIOS/Rocks and Terrains Pack - Low Poly/Prefabs/Rocks/Block Rocks/Snow Block Rocks/Block_Snow_Rock_40.prefab using Guid(82f05da48cd01704d826d70afc237669) Importer(2089858483,0ecaa5967403d082aa24f35e1b516d23) (ScriptedImporter) -> (artifact id: '4a4d83edf1b8ee40e2f75a6bd308f5eb') in 0.0190012 seconds
Number of updated asset objects reloaded before import = 0Number of asset objects unloaded after import = 9

========================================================================
Received Import Request.
  Time since last request: 0.000016 seconds.
  path: Assets/HQP STUDIOS/Rocks and Terrains Pack - Low Poly/Prefabs/Rocks/Block Rocks/Snow Block Rocks/Block_Snow_Rock_10.prefab
  artifactKey: Guid(ea279c9be5ac4104caa3d4eff6f0f01b) Importer(2089858483,0ecaa5967403d082aa24f35e1b516d23)
Start importing Assets/HQP STUDIOS/Rocks and Terrains Pack - Low Poly/Prefabs/Rocks/Block Rocks/Snow Block Rocks/Block_Snow_Rock_10.prefab using Guid(ea279c9be5ac4104caa3d4eff6f0f01b) Importer(2089858483,0ecaa5967403d082aa24f35e1b516d23) (ScriptedImporter) -> (artifact id: 'dbbbea6b6d00b53a45334372313e95c4') in 0.0163778 seconds
Number of updated asset objects reloaded before import = 0Number of asset objects unloaded after import = 9

========================================================================
Received Import Request.
  Time since last request: 0.000016 seconds.
  path: Assets/HQP STUDIOS/Rocks and Terrains Pack - Low Poly/Prefabs/Rocks/Block Rocks/Snow Block Rocks/Block_Snow_Rock_31.prefab
  artifactKey: Guid(5c39b1fd209f94b4386d02d8b85b8be4) Importer(2089858483,0ecaa5967403d082aa24f35e1b516d23)
Start importing Assets/HQP STUDIOS/Rocks and Terrains Pack - Low Poly/Prefabs/Rocks/Block Rocks/Snow Block Rocks/Block_Snow_Rock_31.prefab using Guid(5c39b1fd209f94b4386d02d8b85b8be4) Importer(2089858483,0ecaa5967403d082aa24f35e1b516d23) (ScriptedImporter) -> (artifact id: '0bd2dcfe25df2b82da855bfaf6cb1a0f') in 0.0159524 seconds
Number of updated asset objects reloaded before import = 0Number of asset objects unloaded after import = 9

========================================================================
Received Import Request.
  Time since last request: 0.000016 seconds.
  path: Assets/HQP STUDIOS/Rocks and Terrains Pack - Low Poly/Prefabs/Rocks/Block Rocks/Snow Block Rocks/Block_Snow_Rock_26.prefab
  artifactKey: Guid(51e08b946ba383d408d06ce836fb17ee) Importer(2089858483,0ecaa5967403d082aa24f35e1b516d23)
Start importing Assets/HQP STUDIOS/Rocks and Terrains Pack - Low Poly/Prefabs/Rocks/Block Rocks/Snow Block Rocks/Block_Snow_Rock_26.prefab using Guid(51e08b946ba383d408d06ce836fb17ee) Importer(2089858483,0ecaa5967403d082aa24f35e1b516d23) (ScriptedImporter) -> (artifact id: 'c81db77a2797bf05c9dc6e68a336ccac') in 0.0176594 seconds
Number of updated asset objects reloaded before import = 0Number of asset objects unloaded after import = 9

========================================================================
Received Import Request.
  Time since last request: 0.000016 seconds.
  path: Assets/HQP STUDIOS/Rocks and Terrains Pack - Low Poly/Prefabs/Rocks/Flat Rocks/Flat Rocks/Flat_Rock_14.prefab
  artifactKey: Guid(812223beea16ba84abbe10ab464b7b8c) Importer(2089858483,0ecaa5967403d082aa24f35e1b516d23)
Start importing Assets/HQP STUDIOS/Rocks and Terrains Pack - Low Poly/Prefabs/Rocks/Flat Rocks/Flat Rocks/Flat_Rock_14.prefab using Guid(812223beea16ba84abbe10ab464b7b8c) Importer(2089858483,0ecaa5967403d082aa24f35e1b516d23) (ScriptedImporter) -> (artifact id: 'c90e617857dea0e3b21e43d1ad85d368') in 0.0173777 seconds
Number of updated asset objects reloaded before import = 0Number of asset objects unloaded after import = 9

========================================================================
Received Import Request.
  Time since last request: 0.000019 seconds.
  path: Assets/HQP STUDIOS/Rocks and Terrains Pack - Low Poly/Prefabs/Rocks/Block Rocks/Snow Block Rocks/Block_Snow_Rock_7.prefab
  artifactKey: Guid(edc2f6c76ff1ee343b4757767b7739f6) Importer(2089858483,0ecaa5967403d082aa24f35e1b516d23)
Start importing Assets/HQP STUDIOS/Rocks and Terrains Pack - Low Poly/Prefabs/Rocks/Block Rocks/Snow Block Rocks/Block_Snow_Rock_7.prefab using Guid(edc2f6c76ff1ee343b4757767b7739f6) Importer(2089858483,0ecaa5967403d082aa24f35e1b516d23) (ScriptedImporter) -> (artifact id: '01c272ab33c3cc12d8e578028bda0aaf') in 0.0197585 seconds
Number of updated asset objects reloaded before import = 0Number of asset objects unloaded after import = 9

========================================================================
Received Import Request.
  Time since last request: 0.000014 seconds.
  path: Assets/HQP STUDIOS/Rocks and Terrains Pack - Low Poly/Prefabs/Rocks/Flat Rocks/Flat Rocks/Flat_Rock_22.prefab
  artifactKey: Guid(15875045cc5d24d44a7fa4349f0a8c1d) Importer(2089858483,0ecaa5967403d082aa24f35e1b516d23)
Start importing Assets/HQP STUDIOS/Rocks and Terrains Pack - Low Poly/Prefabs/Rocks/Flat Rocks/Flat Rocks/Flat_Rock_22.prefab using Guid(15875045cc5d24d44a7fa4349f0a8c1d) Importer(2089858483,0ecaa5967403d082aa24f35e1b516d23) (ScriptedImporter) -> (artifact id: 'b5649d92c987b1b0049fe865481bf9d7') in 0.0166104 seconds
Number of updated asset objects reloaded before import = 0Number of asset objects unloaded after import = 9

========================================================================
Received Import Request.
  Time since last request: 0.000023 seconds.
  path: Assets/HQP STUDIOS/Rocks and Terrains Pack - Low Poly/Prefabs/Rocks/Flat Rocks/Flat Rocks/Flat_Rock_28.prefab
  artifactKey: Guid(a6d5c4104a2576943ab1f09ce380c194) Importer(2089858483,0ecaa5967403d082aa24f35e1b516d23)
Start importing Assets/HQP STUDIOS/Rocks and Terrains Pack - Low Poly/Prefabs/Rocks/Flat Rocks/Flat Rocks/Flat_Rock_28.prefab using Guid(a6d5c4104a2576943ab1f09ce380c194) Importer(2089858483,0ecaa5967403d082aa24f35e1b516d23) (ScriptedImporter) -> (artifact id: '3033ab3873056a98bcc71e2e1b0a880c') in 0.017092 seconds
Number of updated asset objects reloaded before import = 0Number of asset objects unloaded after import = 9

========================================================================
Received Import Request.
  Time since last request: 0.000014 seconds.
  path: Assets/HQP STUDIOS/Rocks and Terrains Pack - Low Poly/Prefabs/Rocks/Flat Rocks/Moss Flat Rocks/Flat_Moss_Rock_1.prefab
  artifactKey: Guid(eb34719bc7677e64a8988d24549871be) Importer(2089858483,0ecaa5967403d082aa24f35e1b516d23)
Start importing Assets/HQP STUDIOS/Rocks and Terrains Pack - Low Poly/Prefabs/Rocks/Flat Rocks/Moss Flat Rocks/Flat_Moss_Rock_1.prefab using Guid(eb34719bc7677e64a8988d24549871be) Importer(2089858483,0ecaa5967403d082aa24f35e1b516d23) (ScriptedImporter) -> (artifact id: 'abd4215d7b47f8882dae80c4410d5e67') in 0.0201611 seconds
Number of updated asset objects reloaded before import = 0Number of asset objects unloaded after import = 9

========================================================================
Received Import Request.
  Time since last request: 0.000017 seconds.
  path: Assets/HQP STUDIOS/Rocks and Terrains Pack - Low Poly/Prefabs/Rocks/Block Rocks/Moss Block Rocks/Block_Moss_Rock_8.prefab
  artifactKey: Guid(9ff395fdc53b1cf46bbb837bbf47c1e8) Importer(2089858483,0ecaa5967403d082aa24f35e1b516d23)
Start importing Assets/HQP STUDIOS/Rocks and Terrains Pack - Low Poly/Prefabs/Rocks/Block Rocks/Moss Block Rocks/Block_Moss_Rock_8.prefab using Guid(9ff395fdc53b1cf46bbb837bbf47c1e8) Importer(2089858483,0ecaa5967403d082aa24f35e1b516d23) (ScriptedImporter) -> (artifact id: '2e6b09f196b6a5ab1418fcebd0cba69e') in 0.014933 seconds
Number of updated asset objects reloaded before import = 0Number of asset objects unloaded after import = 9

========================================================================
Received Import Request.
  Time since last request: 0.000013 seconds.
  path: Assets/HQP STUDIOS/Rocks and Terrains Pack - Low Poly/Models/Terrains/Mountains/NoLOD/Mountain_L_07.fbx
  artifactKey: Guid(cce9ce54a26ef9045a06bab06e1275c1) Importer(2089858483,0ecaa5967403d082aa24f35e1b516d23)
Start importing Assets/HQP STUDIOS/Rocks and Terrains Pack - Low Poly/Models/Terrains/Mountains/NoLOD/Mountain_L_07.fbx using Guid(cce9ce54a26ef9045a06bab06e1275c1) Importer(2089858483,0ecaa5967403d082aa24f35e1b516d23) (ScriptedImporter) -> (artifact id: '2e7497ce508d7ea13d3541a2e89c9324') in 0.0141468 seconds
Number of updated asset objects reloaded before import = 0Number of asset objects unloaded after import = 9

========================================================================
Received Import Request.
  Time since last request: 0.000015 seconds.
  path: Assets/HQP STUDIOS/Rocks and Terrains Pack - Low Poly/Models/Terrains/Mountains/NoLOD/Mountain_L_14.fbx
  artifactKey: Guid(8908f3b1f6e800c4fada27d26f73cc7a) Importer(2089858483,0ecaa5967403d082aa24f35e1b516d23)
Start importing Assets/HQP STUDIOS/Rocks and Terrains Pack - Low Poly/Models/Terrains/Mountains/NoLOD/Mountain_L_14.fbx using Guid(8908f3b1f6e800c4fada27d26f73cc7a) Importer(2089858483,0ecaa5967403d082aa24f35e1b516d23) (ScriptedImporter) -> (artifact id: '55d484b6107220bba70face700651980') in 0.0178183 seconds
Number of updated asset objects reloaded before import = 0Number of asset objects unloaded after import = 9

========================================================================
Received Import Request.
  Time since last request: 0.000020 seconds.
  path: Assets/HQP STUDIOS/Rocks and Terrains Pack - Low Poly/Models/Terrains/Mountains/NoLOD/Mountain_L_20.fbx
  artifactKey: Guid(d4797254c87a9f54cbcd9b6fad0a99df) Importer(2089858483,0ecaa5967403d082aa24f35e1b516d23)
Start importing Assets/HQP STUDIOS/Rocks and Terrains Pack - Low Poly/Models/Terrains/Mountains/NoLOD/Mountain_L_20.fbx using Guid(d4797254c87a9f54cbcd9b6fad0a99df) Importer(2089858483,0ecaa5967403d082aa24f35e1b516d23) (ScriptedImporter) -> (artifact id: '7e44704a38f2e1e34cf7128e4ff3a6dd') in 0.0147048 seconds
Number of updated asset objects reloaded before import = 0Number of asset objects unloaded after import = 9

========================================================================
Received Import Request.
  Time since last request: 0.000021 seconds.
  path: Assets/HQP STUDIOS/Rocks and Terrains Pack - Low Poly/Prefabs/Rocks/Flat Rocks/Flat Rocks/Flat_Rock_12.prefab
  artifactKey: Guid(4f1e79055bf75954b85b9638fc41e47e) Importer(2089858483,0ecaa5967403d082aa24f35e1b516d23)
Start importing Assets/HQP STUDIOS/Rocks and Terrains Pack - Low Poly/Prefabs/Rocks/Flat Rocks/Flat Rocks/Flat_Rock_12.prefab using Guid(4f1e79055bf75954b85b9638fc41e47e) Importer(2089858483,0ecaa5967403d082aa24f35e1b516d23) (ScriptedImporter) -> (artifact id: '26388c415eeda7770aefbfe6b5277a32') in 0.0165465 seconds
Number of updated asset objects reloaded before import = 0Number of asset objects unloaded after import = 9

========================================================================
Received Import Request.
  Time since last request: 0.000108 seconds.
  path: Assets/HQP STUDIOS/Rocks and Terrains Pack - Low Poly/Prefabs/Rocks/Flat Rocks/Moss Flat Rocks/Flat_Moss_Rock_2.prefab
  artifactKey: Guid(488638d14f606994da3d230dfa9a7b7a) Importer(2089858483,0ecaa5967403d082aa24f35e1b516d23)
Start importing Assets/HQP STUDIOS/Rocks and Terrains Pack - Low Poly/Prefabs/Rocks/Flat Rocks/Moss Flat Rocks/Flat_Moss_Rock_2.prefab using Guid(488638d14f606994da3d230dfa9a7b7a) Importer(2089858483,0ecaa5967403d082aa24f35e1b516d23) (ScriptedImporter) -> (artifact id: 'cc62428b3b22657c751b0a0f29e808ce') in 0.019652 seconds
Number of updated asset objects reloaded before import = 0Number of asset objects unloaded after import = 9

========================================================================
Received Import Request.
  Time since last request: 0.000013 seconds.
  path: Assets/HQP STUDIOS/Rocks and Terrains Pack - Low Poly/Prefabs/Rocks/Flat Rocks/Moss Flat Rocks/Flat_Moss_Rock_16.prefab
  artifactKey: Guid(4c322489577fe5149a2c70183eb4e246) Importer(2089858483,0ecaa5967403d082aa24f35e1b516d23)
Start importing Assets/HQP STUDIOS/Rocks and Terrains Pack - Low Poly/Prefabs/Rocks/Flat Rocks/Moss Flat Rocks/Flat_Moss_Rock_16.prefab using Guid(4c322489577fe5149a2c70183eb4e246) Importer(2089858483,0ecaa5967403d082aa24f35e1b516d23) (ScriptedImporter) -> (artifact id: '670d8f8ba6f4b449152e4f78db9a2f16') in 0.0179531 seconds
Number of updated asset objects reloaded before import = 0Number of asset objects unloaded after import = 9

========================================================================
Received Import Request.
  Time since last request: 0.000015 seconds.
  path: Assets/HQP STUDIOS/Rocks and Terrains Pack - Low Poly/Prefabs/Rocks/Flat Rocks/Moss Flat Rocks/Flat_Moss_Rock_12.prefab
  artifactKey: Guid(b50b44c708bade5468cd9bd18032f839) Importer(2089858483,0ecaa5967403d082aa24f35e1b516d23)
Start importing Assets/HQP STUDIOS/Rocks and Terrains Pack - Low Poly/Prefabs/Rocks/Flat Rocks/Moss Flat Rocks/Flat_Moss_Rock_12.prefab using Guid(b50b44c708bade5468cd9bd18032f839) Importer(2089858483,0ecaa5967403d082aa24f35e1b516d23) (ScriptedImporter) -> (artifact id: 'dd99413e7465689a380118794fe2673f') in 0.0159402 seconds
Number of updated asset objects reloaded before import = 0Number of asset objects unloaded after import = 9

========================================================================
Received Import Request.
  Time since last request: 0.000015 seconds.
  path: Assets/HQP STUDIOS/Rocks and Terrains Pack - Low Poly/Prefabs/Rocks/Flat Rocks/Snow Flat Rocks/Flat_Snow_Rock_23.prefab
  artifactKey: Guid(a4756b028fc76bc4e8be843043f3dac6) Importer(2089858483,0ecaa5967403d082aa24f35e1b516d23)
Start importing Assets/HQP STUDIOS/Rocks and Terrains Pack - Low Poly/Prefabs/Rocks/Flat Rocks/Snow Flat Rocks/Flat_Snow_Rock_23.prefab using Guid(a4756b028fc76bc4e8be843043f3dac6) Importer(2089858483,0ecaa5967403d082aa24f35e1b516d23) (ScriptedImporter) -> (artifact id: '6516e965515e5618963ac0f1714d35a7') in 0.01765 seconds
Number of updated asset objects reloaded before import = 0Number of asset objects unloaded after import = 9

========================================================================
Received Import Request.
  Time since last request: 0.000015 seconds.
  path: Assets/HQP STUDIOS/Rocks and Terrains Pack - Low Poly/Prefabs/Rocks/Flat Rocks/Snow Flat Rocks/Flat_Snow_Rock_28.prefab
  artifactKey: Guid(4a88bc4a50bca904ba0b24b887702e80) Importer(2089858483,0ecaa5967403d082aa24f35e1b516d23)
Start importing Assets/HQP STUDIOS/Rocks and Terrains Pack - Low Poly/Prefabs/Rocks/Flat Rocks/Snow Flat Rocks/Flat_Snow_Rock_28.prefab using Guid(4a88bc4a50bca904ba0b24b887702e80) Importer(2089858483,0ecaa5967403d082aa24f35e1b516d23) (ScriptedImporter) -> (artifact id: '0af4f570308cdbd013ba910252ae30ba') in 0.0194276 seconds
Number of updated asset objects reloaded before import = 0Number of asset objects unloaded after import = 9

========================================================================
Received Import Request.
  Time since last request: 0.000016 seconds.
  path: Assets/HQP STUDIOS/Rocks and Terrains Pack - Low Poly/Prefabs/Rocks/Flat Rocks/Snow Flat Rocks/Flat_Snow_Rock_27.prefab
  artifactKey: Guid(64f592427ac0e1b41a659a72160c6b66) Importer(2089858483,0ecaa5967403d082aa24f35e1b516d23)
Start importing Assets/HQP STUDIOS/Rocks and Terrains Pack - Low Poly/Prefabs/Rocks/Flat Rocks/Snow Flat Rocks/Flat_Snow_Rock_27.prefab using Guid(64f592427ac0e1b41a659a72160c6b66) Importer(2089858483,0ecaa5967403d082aa24f35e1b516d23) (ScriptedImporter) -> (artifact id: '73e49ad06ac709208634a90aaf104d3e') in 0.0205712 seconds
Number of updated asset objects reloaded before import = 0Number of asset objects unloaded after import = 9

========================================================================
Received Import Request.
  Time since last request: 0.000017 seconds.
  path: Assets/HQP STUDIOS/Rocks and Terrains Pack - Low Poly/Prefabs/Rocks/Flat Rocks/Snow Flat Rocks/Flat_Snow_Rock_17.prefab
  artifactKey: Guid(e363c8c00427a27419bc2a211ff39e86) Importer(2089858483,0ecaa5967403d082aa24f35e1b516d23)
Start importing Assets/HQP STUDIOS/Rocks and Terrains Pack - Low Poly/Prefabs/Rocks/Flat Rocks/Snow Flat Rocks/Flat_Snow_Rock_17.prefab using Guid(e363c8c00427a27419bc2a211ff39e86) Importer(2089858483,0ecaa5967403d082aa24f35e1b516d23) (ScriptedImporter) -> (artifact id: '04d827ae372f5936604953b4ea8c5d1d') in 0.0165231 seconds
Number of updated asset objects reloaded before import = 0Number of asset objects unloaded after import = 9

========================================================================
Received Import Request.
  Time since last request: 0.000016 seconds.
  path: Assets/HQP STUDIOS/Rocks and Terrains Pack - Low Poly/Prefabs/Rocks/Sharp Rocks/Moss Sharp Rocks/Sharp_Moss_Rock_7.prefab
  artifactKey: Guid(7c8900f7a2d440547adcc3f39d9a6e69) Importer(2089858483,0ecaa5967403d082aa24f35e1b516d23)
Start importing Assets/HQP STUDIOS/Rocks and Terrains Pack - Low Poly/Prefabs/Rocks/Sharp Rocks/Moss Sharp Rocks/Sharp_Moss_Rock_7.prefab using Guid(7c8900f7a2d440547adcc3f39d9a6e69) Importer(2089858483,0ecaa5967403d082aa24f35e1b516d23) (ScriptedImporter) -> (artifact id: '26a2666c84718cb460a78b39e220a4fc') in 0.0181289 seconds
Number of updated asset objects reloaded before import = 0Number of asset objects unloaded after import = 9

========================================================================
Received Import Request.
  Time since last request: 0.000015 seconds.
  path: Assets/HQP STUDIOS/Rocks and Terrains Pack - Low Poly/Prefabs/Rocks/Flat Rocks/Snow Flat Rocks/Flat_Snow_Rock_26.prefab
  artifactKey: Guid(eb2dd85c731a7024897d46560723cf69) Importer(2089858483,0ecaa5967403d082aa24f35e1b516d23)
Start importing Assets/HQP STUDIOS/Rocks and Terrains Pack - Low Poly/Prefabs/Rocks/Flat Rocks/Snow Flat Rocks/Flat_Snow_Rock_26.prefab using Guid(eb2dd85c731a7024897d46560723cf69) Importer(2089858483,0ecaa5967403d082aa24f35e1b516d23) (ScriptedImporter) -> (artifact id: '0f669d7f999f0572340eae863dcbe446') in 0.0174369 seconds
Number of updated asset objects reloaded before import = 0Number of asset objects unloaded after import = 9

========================================================================
Received Import Request.
  Time since last request: 0.000015 seconds.
  path: Assets/HQP STUDIOS/Rocks and Terrains Pack - Low Poly/Prefabs/Rocks/Flat Rocks/Snow Flat Rocks/Flat_Snow_Rock_2.prefab
  artifactKey: Guid(d4b6ac8a8cd465c409738dd93a91760c) Importer(2089858483,0ecaa5967403d082aa24f35e1b516d23)
Start importing Assets/HQP STUDIOS/Rocks and Terrains Pack - Low Poly/Prefabs/Rocks/Flat Rocks/Snow Flat Rocks/Flat_Snow_Rock_2.prefab using Guid(d4b6ac8a8cd465c409738dd93a91760c) Importer(2089858483,0ecaa5967403d082aa24f35e1b516d23) (ScriptedImporter) -> (artifact id: 'e266294fc815fabded80a4c7d4094c66') in 0.0189156 seconds
Number of updated asset objects reloaded before import = 0Number of asset objects unloaded after import = 9

========================================================================
Received Import Request.
  Time since last request: 0.000013 seconds.
  path: Assets/HQP STUDIOS/Rocks and Terrains Pack - Low Poly/Prefabs/Rocks/Flat Rocks/Moss Flat Rocks/Flat_Moss_Rock_4.prefab
  artifactKey: Guid(f74c668bd9392ee4d83bd04ac817f2af) Importer(2089858483,0ecaa5967403d082aa24f35e1b516d23)
Start importing Assets/HQP STUDIOS/Rocks and Terrains Pack - Low Poly/Prefabs/Rocks/Flat Rocks/Moss Flat Rocks/Flat_Moss_Rock_4.prefab using Guid(f74c668bd9392ee4d83bd04ac817f2af) Importer(2089858483,0ecaa5967403d082aa24f35e1b516d23) (ScriptedImporter) -> (artifact id: 'e54535c1e79a525540f862c49ca095c2') in 0.015396 seconds
Number of updated asset objects reloaded before import = 0Number of asset objects unloaded after import = 9

========================================================================
Received Import Request.
  Time since last request: 0.000017 seconds.
  path: Assets/HQP STUDIOS/Rocks and Terrains Pack - Low Poly/Prefabs/Rocks/Sharp Rocks/Moss Sharp Rocks/Sharp_Moss_Rock_9.prefab
  artifactKey: Guid(2a92c0b9886d495459748275f0255537) Importer(2089858483,0ecaa5967403d082aa24f35e1b516d23)
Start importing Assets/HQP STUDIOS/Rocks and Terrains Pack - Low Poly/Prefabs/Rocks/Sharp Rocks/Moss Sharp Rocks/Sharp_Moss_Rock_9.prefab using Guid(2a92c0b9886d495459748275f0255537) Importer(2089858483,0ecaa5967403d082aa24f35e1b516d23) (ScriptedImporter) -> (artifact id: 'a674f76c6be6a5b275bf7087f0faada7') in 0.0170791 seconds
Number of updated asset objects reloaded before import = 0Number of asset objects unloaded after import = 9

========================================================================
Received Import Request.
  Time since last request: 0.000020 seconds.
  path: Assets/HQP STUDIOS/Rocks and Terrains Pack - Low Poly/Prefabs/Rocks/Flat Rocks/Moss Flat Rocks/Flat_Moss_Rock_20.prefab
  artifactKey: Guid(94e618bf619a1d34a96b210e43cfeb0f) Importer(2089858483,0ecaa5967403d082aa24f35e1b516d23)
Start importing Assets/HQP STUDIOS/Rocks and Terrains Pack - Low Poly/Prefabs/Rocks/Flat Rocks/Moss Flat Rocks/Flat_Moss_Rock_20.prefab using Guid(94e618bf619a1d34a96b210e43cfeb0f) Importer(2089858483,0ecaa5967403d082aa24f35e1b516d23) (ScriptedImporter) -> (artifact id: '93694f1dd016a6ab24a8ab766aa31824') in 0.0170819 seconds
Number of updated asset objects reloaded before import = 0Number of asset objects unloaded after import = 9

========================================================================
Received Import Request.
  Time since last request: 0.000011 seconds.
  path: Assets/HQP STUDIOS/Rocks and Terrains Pack - Low Poly/Prefabs/Rocks/Sharp Rocks/Moss Sharp Rocks/Sharp_Moss_Rock_5.prefab
  artifactKey: Guid(bca2d1aa10d1f354084691d61dec2ee2) Importer(2089858483,0ecaa5967403d082aa24f35e1b516d23)
Start importing Assets/HQP STUDIOS/Rocks and Terrains Pack - Low Poly/Prefabs/Rocks/Sharp Rocks/Moss Sharp Rocks/Sharp_Moss_Rock_5.prefab using Guid(bca2d1aa10d1f354084691d61dec2ee2) Importer(2089858483,0ecaa5967403d082aa24f35e1b516d23) (ScriptedImporter) -> (artifact id: 'be1940d6ec0f1639bf48a163f01a57b8') in 0.0198245 seconds
Number of updated asset objects reloaded before import = 0Number of asset objects unloaded after import = 9

========================================================================
Received Import Request.
  Time since last request: 0.000015 seconds.
  path: Assets/HQP STUDIOS/Rocks and Terrains Pack - Low Poly/Prefabs/Rocks/Flat Rocks/Snow Flat Rocks/Flat_Snow_Rock_20.prefab
  artifactKey: Guid(ccbeeb9c5606d9d4bbc96ab3fb7718ab) Importer(2089858483,0ecaa5967403d082aa24f35e1b516d23)
Start importing Assets/HQP STUDIOS/Rocks and Terrains Pack - Low Poly/Prefabs/Rocks/Flat Rocks/Snow Flat Rocks/Flat_Snow_Rock_20.prefab using Guid(ccbeeb9c5606d9d4bbc96ab3fb7718ab) Importer(2089858483,0ecaa5967403d082aa24f35e1b516d23) (ScriptedImporter) -> (artifact id: '372b43d5d9955f76b6c21db53423d24b') in 0.0148429 seconds
Number of updated asset objects reloaded before import = 0Number of asset objects unloaded after import = 9

========================================================================
Received Import Request.
  Time since last request: 0.000011 seconds.
  path: Assets/HQP STUDIOS/Rocks and Terrains Pack - Low Poly/Prefabs/Rocks/Flat Rocks/Snow Flat Rocks/Flat_Snow_Rock_21.prefab
  artifactKey: Guid(78147f113c687df489ddf4b71b5c7b0e) Importer(2089858483,0ecaa5967403d082aa24f35e1b516d23)
Start importing Assets/HQP STUDIOS/Rocks and Terrains Pack - Low Poly/Prefabs/Rocks/Flat Rocks/Snow Flat Rocks/Flat_Snow_Rock_21.prefab using Guid(78147f113c687df489ddf4b71b5c7b0e) Importer(2089858483,0ecaa5967403d082aa24f35e1b516d23) (ScriptedImporter) -> (artifact id: '312b40339b15ed7bb303da7b3d966674') in 0.0171452 seconds
Number of updated asset objects reloaded before import = 0Number of asset objects unloaded after import = 9

========================================================================
Received Import Request.
  Time since last request: 0.000014 seconds.
  path: Assets/HQP STUDIOS/Rocks and Terrains Pack - Low Poly/Prefabs/Rocks/Flat Rocks/Moss Flat Rocks/Flat_Moss_Rock_26.prefab
  artifactKey: Guid(38c4cb4a47ff9684eabcd9795b1c2662) Importer(2089858483,0ecaa5967403d082aa24f35e1b516d23)
Start importing Assets/HQP STUDIOS/Rocks and Terrains Pack - Low Poly/Prefabs/Rocks/Flat Rocks/Moss Flat Rocks/Flat_Moss_Rock_26.prefab using Guid(38c4cb4a47ff9684eabcd9795b1c2662) Importer(2089858483,0ecaa5967403d082aa24f35e1b516d23) (ScriptedImporter) -> (artifact id: '475a6abf0786822580173f5cccdf75a6') in 0.0203398 seconds
Number of updated asset objects reloaded before import = 0Number of asset objects unloaded after import = 9

========================================================================
Received Import Request.
  Time since last request: 0.000034 seconds.
  path: Assets/HQP STUDIOS/Rocks and Terrains Pack - Low Poly/Prefabs/Rocks/Sharp Rocks/Moss Sharp Rocks/Sharp_Moss_Rock_8.prefab
  artifactKey: Guid(b785e578caf24564986f8c52e1f7b698) Importer(2089858483,0ecaa5967403d082aa24f35e1b516d23)
Start importing Assets/HQP STUDIOS/Rocks and Terrains Pack - Low Poly/Prefabs/Rocks/Sharp Rocks/Moss Sharp Rocks/Sharp_Moss_Rock_8.prefab using Guid(b785e578caf24564986f8c52e1f7b698) Importer(2089858483,0ecaa5967403d082aa24f35e1b516d23) (ScriptedImporter) -> (artifact id: 'd11e9f926752275c9df5ec44b6b17c02') in 0.0173319 seconds
Number of updated asset objects reloaded before import = 0Number of asset objects unloaded after import = 9

========================================================================
Received Import Request.
  Time since last request: 0.000016 seconds.
  path: Assets/HQP STUDIOS/Rocks and Terrains Pack - Low Poly/Prefabs/Rocks/Sharp Rocks/Moss Sharp Rocks/Sharp_Moss_Rock_11.prefab
  artifactKey: Guid(1eb37bff6c514b143a336cfef858fe4e) Importer(2089858483,0ecaa5967403d082aa24f35e1b516d23)
Start importing Assets/HQP STUDIOS/Rocks and Terrains Pack - Low Poly/Prefabs/Rocks/Sharp Rocks/Moss Sharp Rocks/Sharp_Moss_Rock_11.prefab using Guid(1eb37bff6c514b143a336cfef858fe4e) Importer(2089858483,0ecaa5967403d082aa24f35e1b516d23) (ScriptedImporter) -> (artifact id: 'd519e2304f26f11a80e321d15ffc0b63') in 0.0156381 seconds
Number of updated asset objects reloaded before import = 0Number of asset objects unloaded after import = 9

========================================================================
Received Import Request.
  Time since last request: 0.000013 seconds.
  path: Assets/HQP STUDIOS/Rocks and Terrains Pack - Low Poly/Prefabs/Rocks/Flat Rocks/Moss Flat Rocks/Flat_Moss_Rock_6.prefab
  artifactKey: Guid(3c15a8595d3ef2f43b46ab4acff0a1fc) Importer(2089858483,0ecaa5967403d082aa24f35e1b516d23)
Start importing Assets/HQP STUDIOS/Rocks and Terrains Pack - Low Poly/Prefabs/Rocks/Flat Rocks/Moss Flat Rocks/Flat_Moss_Rock_6.prefab using Guid(3c15a8595d3ef2f43b46ab4acff0a1fc) Importer(2089858483,0ecaa5967403d082aa24f35e1b516d23) (ScriptedImporter) -> (artifact id: '4497cef9f8ca94d35d3256dc0ec3dd07') in 0.01722 seconds
Number of updated asset objects reloaded before import = 0Number of asset objects unloaded after import = 9

========================================================================
Received Import Request.
  Time since last request: 0.000015 seconds.
  path: Assets/HQP STUDIOS/Rocks and Terrains Pack - Low Poly/Prefabs/Rocks/Flat Rocks/Snow Flat Rocks/Flat_Snow_Rock_4.prefab
  artifactKey: Guid(1c4ffdb542c8a8e44ad15920ed075634) Importer(2089858483,0ecaa5967403d082aa24f35e1b516d23)
Start importing Assets/HQP STUDIOS/Rocks and Terrains Pack - Low Poly/Prefabs/Rocks/Flat Rocks/Snow Flat Rocks/Flat_Snow_Rock_4.prefab using Guid(1c4ffdb542c8a8e44ad15920ed075634) Importer(2089858483,0ecaa5967403d082aa24f35e1b516d23) (ScriptedImporter) -> (artifact id: '81159726b3408bef8a89b24eec4cd9cf') in 0.0191103 seconds
Number of updated asset objects reloaded before import = 0Number of asset objects unloaded after import = 9

========================================================================
Received Import Request.
  Time since last request: 0.000018 seconds.
  path: Assets/HQP STUDIOS/Rocks and Terrains Pack - Low Poly/Prefabs/Rocks/Flat Rocks/Snow Flat Rocks/Flat_Snow_Rock_18.prefab
  artifactKey: Guid(0e57a794ee2da864f92dbe59f7ddc7cc) Importer(2089858483,0ecaa5967403d082aa24f35e1b516d23)
Start importing Assets/HQP STUDIOS/Rocks and Terrains Pack - Low Poly/Prefabs/Rocks/Flat Rocks/Snow Flat Rocks/Flat_Snow_Rock_18.prefab using Guid(0e57a794ee2da864f92dbe59f7ddc7cc) Importer(2089858483,0ecaa5967403d082aa24f35e1b516d23) (ScriptedImporter) -> (artifact id: 'e0a5138eb4f4d4a9c3979413af765622') in 0.0176508 seconds
Number of updated asset objects reloaded before import = 0Number of asset objects unloaded after import = 9

========================================================================
Received Import Request.
  Time since last request: 0.000029 seconds.
  path: Assets/HQP STUDIOS/Rocks and Terrains Pack - Low Poly/Prefabs/Rocks/Flat Rocks/Snow Flat Rocks/Flat_Snow_Rock_5.prefab
  artifactKey: Guid(430514ab24a1f844c8d936574ac3238b) Importer(2089858483,0ecaa5967403d082aa24f35e1b516d23)
Start importing Assets/HQP STUDIOS/Rocks and Terrains Pack - Low Poly/Prefabs/Rocks/Flat Rocks/Snow Flat Rocks/Flat_Snow_Rock_5.prefab using Guid(430514ab24a1f844c8d936574ac3238b) Importer(2089858483,0ecaa5967403d082aa24f35e1b516d23) (ScriptedImporter) -> (artifact id: '14854585c2f6b698be91e8d66737e7d2') in 0.0151201 seconds
Number of updated asset objects reloaded before import = 0Number of asset objects unloaded after import = 9

========================================================================
Received Import Request.
  Time since last request: 0.000016 seconds.
  path: Assets/HQP STUDIOS/Rocks and Terrains Pack - Low Poly/Prefabs/Rocks/Flat Rocks/Moss Flat Rocks/Flat_Moss_Rock_9.prefab
  artifactKey: Guid(28ffb3c05eeb07c44967bf056a9948eb) Importer(2089858483,0ecaa5967403d082aa24f35e1b516d23)
Start importing Assets/HQP STUDIOS/Rocks and Terrains Pack - Low Poly/Prefabs/Rocks/Flat Rocks/Moss Flat Rocks/Flat_Moss_Rock_9.prefab using Guid(28ffb3c05eeb07c44967bf056a9948eb) Importer(2089858483,0ecaa5967403d082aa24f35e1b516d23) (ScriptedImporter) -> (artifact id: '7926159987cfb585521cf199d22c74df') in 0.0165474 seconds
Number of updated asset objects reloaded before import = 0Number of asset objects unloaded after import = 9

========================================================================
Received Import Request.
  Time since last request: 0.000015 seconds.
  path: Assets/HQP STUDIOS/Rocks and Terrains Pack - Low Poly/Prefabs/Rocks/Flat Rocks/Moss Flat Rocks/Flat_Moss_Rock_17.prefab
  artifactKey: Guid(41ac6385040e72e4492faaddfd82e924) Importer(2089858483,0ecaa5967403d082aa24f35e1b516d23)
Start importing Assets/HQP STUDIOS/Rocks and Terrains Pack - Low Poly/Prefabs/Rocks/Flat Rocks/Moss Flat Rocks/Flat_Moss_Rock_17.prefab using Guid(41ac6385040e72e4492faaddfd82e924) Importer(2089858483,0ecaa5967403d082aa24f35e1b516d23) (ScriptedImporter) -> (artifact id: 'a6a8c5019667ee949641705593eaf133') in 0.0191277 seconds
Number of updated asset objects reloaded before import = 0Number of asset objects unloaded after import = 9

========================================================================
Received Import Request.
  Time since last request: 0.000019 seconds.
  path: Assets/HQP STUDIOS/Rocks and Terrains Pack - Low Poly/Prefabs/Rocks/Flat Rocks/Snow Flat Rocks/Flat_Snow_Rock_16.prefab
  artifactKey: Guid(95e97fca945928b438f6c2333429a44a) Importer(2089858483,0ecaa5967403d082aa24f35e1b516d23)
Start importing Assets/HQP STUDIOS/Rocks and Terrains Pack - Low Poly/Prefabs/Rocks/Flat Rocks/Snow Flat Rocks/Flat_Snow_Rock_16.prefab using Guid(95e97fca945928b438f6c2333429a44a) Importer(2089858483,0ecaa5967403d082aa24f35e1b516d23) (ScriptedImporter) -> (artifact id: '35bf00d9c91488567daa2af7232a33ee') in 0.0153809 seconds
Number of updated asset objects reloaded before import = 0Number of asset objects unloaded after import = 9

========================================================================
Received Import Request.
  Time since last request: 0.000052 seconds.
  path: Assets/HQP STUDIOS/Rocks and Terrains Pack - Low Poly/Prefabs/Rocks/Flat Rocks/Snow Flat Rocks/Flat_Snow_Rock_15.prefab
  artifactKey: Guid(fc7808db61a55a64d8596269ff92a95c) Importer(2089858483,0ecaa5967403d082aa24f35e1b516d23)
Start importing Assets/HQP STUDIOS/Rocks and Terrains Pack - Low Poly/Prefabs/Rocks/Flat Rocks/Snow Flat Rocks/Flat_Snow_Rock_15.prefab using Guid(fc7808db61a55a64d8596269ff92a95c) Importer(2089858483,0ecaa5967403d082aa24f35e1b516d23) (ScriptedImporter) -> (artifact id: '8fe3081ab8614bc32473f8cda5181dc9') in 0.0158796 seconds
Number of updated asset objects reloaded before import = 0Number of asset objects unloaded after import = 9

========================================================================
Received Import Request.
  Time since last request: 0.000019 seconds.
  path: Assets/HQP STUDIOS/Rocks and Terrains Pack - Low Poly/Prefabs/Rocks/Flat Rocks/Moss Flat Rocks/Flat_Moss_Rock_24.prefab
  artifactKey: Guid(16a4247b508e75b42afa0f03cf389c6a) Importer(2089858483,0ecaa5967403d082aa24f35e1b516d23)
Start importing Assets/HQP STUDIOS/Rocks and Terrains Pack - Low Poly/Prefabs/Rocks/Flat Rocks/Moss Flat Rocks/Flat_Moss_Rock_24.prefab using Guid(16a4247b508e75b42afa0f03cf389c6a) Importer(2089858483,0ecaa5967403d082aa24f35e1b516d23) (ScriptedImporter) -> (artifact id: '5663bdef983c6273d9ccee3482723c84') in 0.0160562 seconds
Number of updated asset objects reloaded before import = 0Number of asset objects unloaded after import = 9

========================================================================
Received Import Request.
  Time since last request: 0.000017 seconds.
  path: Assets/HQP STUDIOS/Rocks and Terrains Pack - Low Poly/Prefabs/Rocks/Sharp Rocks/Snow Sharp Rocks/Sharp_Snow_Rock_3.prefab
  artifactKey: Guid(55de07e4d93d7e54f9c7ecb9a4c87deb) Importer(2089858483,0ecaa5967403d082aa24f35e1b516d23)
Start importing Assets/HQP STUDIOS/Rocks and Terrains Pack - Low Poly/Prefabs/Rocks/Sharp Rocks/Snow Sharp Rocks/Sharp_Snow_Rock_3.prefab using Guid(55de07e4d93d7e54f9c7ecb9a4c87deb) Importer(2089858483,0ecaa5967403d082aa24f35e1b516d23) (ScriptedImporter) -> (artifact id: '233b410eec882c5d6b68266bcbfce76a') in 0.0185973 seconds
Number of updated asset objects reloaded before import = 0Number of asset objects unloaded after import = 9

========================================================================
Received Import Request.
  Time since last request: 0.000015 seconds.
  path: Assets/HQP STUDIOS/Rocks and Terrains Pack - Low Poly/Prefabs/Rocks/Square Rocks/Moss Square Rocks/Square_Moss_Rock_10.prefab
  artifactKey: Guid(4ad09a3e09d02514489232f5be727b45) Importer(2089858483,0ecaa5967403d082aa24f35e1b516d23)
Start importing Assets/HQP STUDIOS/Rocks and Terrains Pack - Low Poly/Prefabs/Rocks/Square Rocks/Moss Square Rocks/Square_Moss_Rock_10.prefab using Guid(4ad09a3e09d02514489232f5be727b45) Importer(2089858483,0ecaa5967403d082aa24f35e1b516d23) (ScriptedImporter) -> (artifact id: '750d9bc02f4bcea10256c5e2f1925c25') in 0.0180116 seconds
Number of updated asset objects reloaded before import = 0Number of asset objects unloaded after import = 9

========================================================================
Received Import Request.
  Time since last request: 0.000018 seconds.
  path: Assets/HQP STUDIOS/Rocks and Terrains Pack - Low Poly/Prefabs/Rocks/Square Rocks/Moss Square Rocks/Square_Moss_Rock_18.prefab
  artifactKey: Guid(8521b545c9404634c832e895e51ec32e) Importer(2089858483,0ecaa5967403d082aa24f35e1b516d23)
Start importing Assets/HQP STUDIOS/Rocks and Terrains Pack - Low Poly/Prefabs/Rocks/Square Rocks/Moss Square Rocks/Square_Moss_Rock_18.prefab using Guid(8521b545c9404634c832e895e51ec32e) Importer(2089858483,0ecaa5967403d082aa24f35e1b516d23) (ScriptedImporter) -> (artifact id: '22117f6f264b88c3d1d8c80cd8ac0820') in 0.0168563 seconds
Number of updated asset objects reloaded before import = 0Number of asset objects unloaded after import = 9

========================================================================
Received Import Request.
  Time since last request: 0.000015 seconds.
  path: Assets/HQP STUDIOS/Rocks and Terrains Pack - Low Poly/Prefabs/Rocks/Sharp Rocks/Sharp Rocks/Sharp_Rock_10.prefab
  artifactKey: Guid(6352c21d731378345b839ce011fc129b) Importer(2089858483,0ecaa5967403d082aa24f35e1b516d23)
Start importing Assets/HQP STUDIOS/Rocks and Terrains Pack - Low Poly/Prefabs/Rocks/Sharp Rocks/Sharp Rocks/Sharp_Rock_10.prefab using Guid(6352c21d731378345b839ce011fc129b) Importer(2089858483,0ecaa5967403d082aa24f35e1b516d23) (ScriptedImporter) -> (artifact id: 'ea8c9bf1b8915022e3f4c608934b6894') in 0.0197941 seconds
Number of updated asset objects reloaded before import = 0Number of asset objects unloaded after import = 9

========================================================================
Received Import Request.
  Time since last request: 0.000015 seconds.
  path: Assets/HQP STUDIOS/Rocks and Terrains Pack - Low Poly/Prefabs/Rocks/Square Rocks/Moss Square Rocks/Square_Moss_Rock_8.prefab
  artifactKey: Guid(207883399fda48d44a1c2d01311ff840) Importer(2089858483,0ecaa5967403d082aa24f35e1b516d23)
Start importing Assets/HQP STUDIOS/Rocks and Terrains Pack - Low Poly/Prefabs/Rocks/Square Rocks/Moss Square Rocks/Square_Moss_Rock_8.prefab using Guid(207883399fda48d44a1c2d01311ff840) Importer(2089858483,0ecaa5967403d082aa24f35e1b516d23) (ScriptedImporter) -> (artifact id: 'd340bc2a2e8f2b59bb626028e13b25e0') in 0.0174569 seconds
Number of updated asset objects reloaded before import = 0Number of asset objects unloaded after import = 9

========================================================================
Received Import Request.
  Time since last request: 0.000017 seconds.
  path: Assets/HQP STUDIOS/Rocks and Terrains Pack - Low Poly/Prefabs/Rocks/Sharp Rocks/Sharp Rocks/Sharp_Rock_1.prefab
  artifactKey: Guid(6095f1f78d37bff40a0673e43395962b) Importer(2089858483,0ecaa5967403d082aa24f35e1b516d23)
Start importing Assets/HQP STUDIOS/Rocks and Terrains Pack - Low Poly/Prefabs/Rocks/Sharp Rocks/Sharp Rocks/Sharp_Rock_1.prefab using Guid(6095f1f78d37bff40a0673e43395962b) Importer(2089858483,0ecaa5967403d082aa24f35e1b516d23) (ScriptedImporter) -> (artifact id: '4c9f92e9d6a8f1f8350219b04735a648') in 0.0179592 seconds
Number of updated asset objects reloaded before import = 0Number of asset objects unloaded after import = 9

========================================================================
Received Import Request.
  Time since last request: 0.000020 seconds.
  path: Assets/HQP STUDIOS/Rocks and Terrains Pack - Low Poly/Prefabs/Rocks/Square Rocks/Moss Square Rocks/Square_Moss_Rock_9.prefab
  artifactKey: Guid(d701811da8e6c2745b0d3081b6fcb5b5) Importer(2089858483,0ecaa5967403d082aa24f35e1b516d23)
Start importing Assets/HQP STUDIOS/Rocks and Terrains Pack - Low Poly/Prefabs/Rocks/Square Rocks/Moss Square Rocks/Square_Moss_Rock_9.prefab using Guid(d701811da8e6c2745b0d3081b6fcb5b5) Importer(2089858483,0ecaa5967403d082aa24f35e1b516d23) (ScriptedImporter) -> (artifact id: '615a606d5718fd9eedbfb2b3d24e270e') in 0.018122 seconds
Number of updated asset objects reloaded before import = 0Number of asset objects unloaded after import = 9

========================================================================
Received Import Request.
  Time since last request: 0.000017 seconds.
  path: Assets/HQP STUDIOS/Rocks and Terrains Pack - Low Poly/Prefabs/Rocks/Sharp Rocks/Snow Sharp Rocks/Sharp_Snow_Rock_7.prefab
  artifactKey: Guid(4c0482689d49b734f80fc260518ef1e5) Importer(2089858483,0ecaa5967403d082aa24f35e1b516d23)
Start importing Assets/HQP STUDIOS/Rocks and Terrains Pack - Low Poly/Prefabs/Rocks/Sharp Rocks/Snow Sharp Rocks/Sharp_Snow_Rock_7.prefab using Guid(4c0482689d49b734f80fc260518ef1e5) Importer(2089858483,0ecaa5967403d082aa24f35e1b516d23) (ScriptedImporter) -> (artifact id: '2753cc993ccda879dc2ad0f1f80feeb7') in 0.0184903 seconds
Number of updated asset objects reloaded before import = 0Number of asset objects unloaded after import = 9

========================================================================
Received Import Request.
  Time since last request: 0.000016 seconds.
  path: Assets/HQP STUDIOS/Rocks and Terrains Pack - Low Poly/Prefabs/Rocks/Square Rocks/Moss Square Rocks/Square_Moss_Rock_3.prefab
  artifactKey: Guid(5a8efc907bb43994589e1932979cd2bf) Importer(2089858483,0ecaa5967403d082aa24f35e1b516d23)
Start importing Assets/HQP STUDIOS/Rocks and Terrains Pack - Low Poly/Prefabs/Rocks/Square Rocks/Moss Square Rocks/Square_Moss_Rock_3.prefab using Guid(5a8efc907bb43994589e1932979cd2bf) Importer(2089858483,0ecaa5967403d082aa24f35e1b516d23) (ScriptedImporter) -> (artifact id: '20622c291d4603980d5aafc5e792d46c') in 0.0184853 seconds
Number of updated asset objects reloaded before import = 0Number of asset objects unloaded after import = 9

========================================================================
Received Import Request.
  Time since last request: 0.000016 seconds.
  path: Assets/HQP STUDIOS/Rocks and Terrains Pack - Low Poly/Prefabs/Rocks/Square Rocks/Moss Square Rocks/Square_Moss_Rock_4.prefab
  artifactKey: Guid(8c0dc0df7d65a594d866a6668d848b0d) Importer(2089858483,0ecaa5967403d082aa24f35e1b516d23)
Start importing Assets/HQP STUDIOS/Rocks and Terrains Pack - Low Poly/Prefabs/Rocks/Square Rocks/Moss Square Rocks/Square_Moss_Rock_4.prefab using Guid(8c0dc0df7d65a594d866a6668d848b0d) Importer(2089858483,0ecaa5967403d082aa24f35e1b516d23) (ScriptedImporter) -> (artifact id: 'ffce2d0fa0cc65d7b75e159ac5637f1e') in 0.0229977 seconds
Number of updated asset objects reloaded before import = 0Number of asset objects unloaded after import = 9

========================================================================
Received Import Request.
  Time since last request: 0.000026 seconds.
  path: Assets/HQP STUDIOS/Rocks and Terrains Pack - Low Poly/Prefabs/Rocks/Square Rocks/Moss Square Rocks/Square_Moss_Rock_20.prefab
  artifactKey: Guid(73791531da093844085fdc98cdb8d97a) Importer(2089858483,0ecaa5967403d082aa24f35e1b516d23)
Start importing Assets/HQP STUDIOS/Rocks and Terrains Pack - Low Poly/Prefabs/Rocks/Square Rocks/Moss Square Rocks/Square_Moss_Rock_20.prefab using Guid(73791531da093844085fdc98cdb8d97a) Importer(2089858483,0ecaa5967403d082aa24f35e1b516d23) (ScriptedImporter) -> (artifact id: '7e3fd58c5bc1586c352d83697b6ef87e') in 0.0189281 seconds
Number of updated asset objects reloaded before import = 0Number of asset objects unloaded after import = 9

========================================================================
Received Import Request.
  Time since last request: 0.000018 seconds.
  path: Assets/HQP STUDIOS/Rocks and Terrains Pack - Low Poly/Prefabs/Rocks/Sharp Rocks/Sharp Rocks/Sharp_Rock_6.prefab
  artifactKey: Guid(544a30a5dfb28c74e9ca950e973fa106) Importer(2089858483,0ecaa5967403d082aa24f35e1b516d23)
Start importing Assets/HQP STUDIOS/Rocks and Terrains Pack - Low Poly/Prefabs/Rocks/Sharp Rocks/Sharp Rocks/Sharp_Rock_6.prefab using Guid(544a30a5dfb28c74e9ca950e973fa106) Importer(2089858483,0ecaa5967403d082aa24f35e1b516d23) (ScriptedImporter) -> (artifact id: '2b97c5bc438e841ad88e56ae0b66de4c') in 0.0194502 seconds
Number of updated asset objects reloaded before import = 0Number of asset objects unloaded after import = 9

========================================================================
Received Import Request.
  Time since last request: 0.000014 seconds.
  path: Assets/HQP STUDIOS/Rocks and Terrains Pack - Low Poly/Prefabs/Rocks/Sharp Rocks/Sharp Rocks/Sharp_Rock_7.prefab
  artifactKey: Guid(9ccd28d97ea79234fa98acf14a38fdce) Importer(2089858483,0ecaa5967403d082aa24f35e1b516d23)
Start importing Assets/HQP STUDIOS/Rocks and Terrains Pack - Low Poly/Prefabs/Rocks/Sharp Rocks/Sharp Rocks/Sharp_Rock_7.prefab using Guid(9ccd28d97ea79234fa98acf14a38fdce) Importer(2089858483,0ecaa5967403d082aa24f35e1b516d23) (ScriptedImporter) -> (artifact id: '5005968033f31ceb8d6346025098a5cb') in 0.0186238 seconds
Number of updated asset objects reloaded before import = 0Number of asset objects unloaded after import = 9

========================================================================
Received Import Request.
  Time since last request: 0.000015 seconds.
  path: Assets/HQP STUDIOS/Rocks and Terrains Pack - Low Poly/Prefabs/Rocks/Square Rocks/Moss Square Rocks/Square_Moss_Rock_15.prefab
  artifactKey: Guid(5b6d58321ceeec040814a6c7af2b9daf) Importer(2089858483,0ecaa5967403d082aa24f35e1b516d23)
Start importing Assets/HQP STUDIOS/Rocks and Terrains Pack - Low Poly/Prefabs/Rocks/Square Rocks/Moss Square Rocks/Square_Moss_Rock_15.prefab using Guid(5b6d58321ceeec040814a6c7af2b9daf) Importer(2089858483,0ecaa5967403d082aa24f35e1b516d23) (ScriptedImporter) -> (artifact id: '89277d2233b7f87f28d1c08967ac3f65') in 0.0205283 seconds
Number of updated asset objects reloaded before import = 0Number of asset objects unloaded after import = 9

========================================================================
Received Import Request.
  Time since last request: 0.000016 seconds.
  path: Assets/HQP STUDIOS/Rocks and Terrains Pack - Low Poly/Prefabs/Rocks/Square Rocks/Moss Square Rocks/Square_Moss_Rock_5.prefab
  artifactKey: Guid(bb62dafe4a249bf4884e4b1238429f53) Importer(2089858483,0ecaa5967403d082aa24f35e1b516d23)
Start importing Assets/HQP STUDIOS/Rocks and Terrains Pack - Low Poly/Prefabs/Rocks/Square Rocks/Moss Square Rocks/Square_Moss_Rock_5.prefab using Guid(bb62dafe4a249bf4884e4b1238429f53) Importer(2089858483,0ecaa5967403d082aa24f35e1b516d23) (ScriptedImporter) -> (artifact id: '8480ae4ccc16f23eaf4f5c9e14d8dc72') in 0.0190582 seconds
Number of updated asset objects reloaded before import = 0Number of asset objects unloaded after import = 9

========================================================================
Received Import Request.
  Time since last request: 0.000018 seconds.
  path: Assets/HQP STUDIOS/Rocks and Terrains Pack - Low Poly/Prefabs/Rocks/Square Rocks/Moss Square Rocks/Square_Moss_Rock_11.prefab
  artifactKey: Guid(0ef26fe001ed1f6438d715d6403d4300) Importer(2089858483,0ecaa5967403d082aa24f35e1b516d23)
Start importing Assets/HQP STUDIOS/Rocks and Terrains Pack - Low Poly/Prefabs/Rocks/Square Rocks/Moss Square Rocks/Square_Moss_Rock_11.prefab using Guid(0ef26fe001ed1f6438d715d6403d4300) Importer(2089858483,0ecaa5967403d082aa24f35e1b516d23) (ScriptedImporter) -> (artifact id: '26299f8f666ba5888e6d19dd717c72a0') in 0.0190466 seconds
Number of updated asset objects reloaded before import = 0Number of asset objects unloaded after import = 9

========================================================================
Received Import Request.
  Time since last request: 0.000016 seconds.
  path: Assets/HQP STUDIOS/Rocks and Terrains Pack - Low Poly/Prefabs/Rocks/Square Rocks/Moss Square Rocks/Square_Moss_Rock_28.prefab
  artifactKey: Guid(8cfb735053193b74fa5f0945681981e2) Importer(2089858483,0ecaa5967403d082aa24f35e1b516d23)
Start importing Assets/HQP STUDIOS/Rocks and Terrains Pack - Low Poly/Prefabs/Rocks/Square Rocks/Moss Square Rocks/Square_Moss_Rock_28.prefab using Guid(8cfb735053193b74fa5f0945681981e2) Importer(2089858483,0ecaa5967403d082aa24f35e1b516d23) (ScriptedImporter) -> (artifact id: '62f8bf4d0ca80361241ab54bafe107ac') in 0.0181951 seconds
Number of updated asset objects reloaded before import = 0Number of asset objects unloaded after import = 9

========================================================================
Received Import Request.
  Time since last request: 0.000017 seconds.
  path: Assets/HQP STUDIOS/Rocks and Terrains Pack - Low Poly/Prefabs/Rocks/Sharp Rocks/Snow Sharp Rocks/Sharp_Snow_Rock_1.prefab
  artifactKey: Guid(5df8a7cd37ae8674d9e7f38e4e102435) Importer(2089858483,0ecaa5967403d082aa24f35e1b516d23)
Start importing Assets/HQP STUDIOS/Rocks and Terrains Pack - Low Poly/Prefabs/Rocks/Sharp Rocks/Snow Sharp Rocks/Sharp_Snow_Rock_1.prefab using Guid(5df8a7cd37ae8674d9e7f38e4e102435) Importer(2089858483,0ecaa5967403d082aa24f35e1b516d23) (ScriptedImporter) -> (artifact id: 'ec1919ca24d0d5931b022aef1d7594b4') in 0.0204125 seconds
Number of updated asset objects reloaded before import = 0Number of asset objects unloaded after import = 9

========================================================================
Received Import Request.
  Time since last request: 0.000014 seconds.
  path: Assets/HQP STUDIOS/Rocks and Terrains Pack - Low Poly/Prefabs/Rocks/Square Rocks/Moss Square Rocks/Square_Moss_Rock_16.prefab
  artifactKey: Guid(e23431c3f914f184a82a1c135e8665a2) Importer(2089858483,0ecaa5967403d082aa24f35e1b516d23)
Start importing Assets/HQP STUDIOS/Rocks and Terrains Pack - Low Poly/Prefabs/Rocks/Square Rocks/Moss Square Rocks/Square_Moss_Rock_16.prefab using Guid(e23431c3f914f184a82a1c135e8665a2) Importer(2089858483,0ecaa5967403d082aa24f35e1b516d23) (ScriptedImporter) -> (artifact id: 'b9b9bb5eae7d6484e34c410de7811c8c') in 0.0168116 seconds
Number of updated asset objects reloaded before import = 0Number of asset objects unloaded after import = 9

========================================================================
Received Import Request.
  Time since last request: 0.000017 seconds.
  path: Assets/HQP STUDIOS/Rocks and Terrains Pack - Low Poly/Prefabs/Rocks/Square Rocks/Moss Square Rocks/Square_Moss_Rock_2.prefab
  artifactKey: Guid(a63881f164372ff4eaf80b0a13bf9c40) Importer(2089858483,0ecaa5967403d082aa24f35e1b516d23)
Start importing Assets/HQP STUDIOS/Rocks and Terrains Pack - Low Poly/Prefabs/Rocks/Square Rocks/Moss Square Rocks/Square_Moss_Rock_2.prefab using Guid(a63881f164372ff4eaf80b0a13bf9c40) Importer(2089858483,0ecaa5967403d082aa24f35e1b516d23) (ScriptedImporter) -> (artifact id: 'b69857e931665c39874438bbcae3a6b6') in 0.0201596 seconds
Number of updated asset objects reloaded before import = 0Number of asset objects unloaded after import = 9

========================================================================
Received Import Request.
  Time since last request: 0.000015 seconds.
  path: Assets/HQP STUDIOS/Rocks and Terrains Pack - Low Poly/Prefabs/Rocks/Square Rocks/Moss Square Rocks/Square_Moss_Rock_21.prefab
  artifactKey: Guid(72a4ec4c47ef98740bd3157d2a07d7db) Importer(2089858483,0ecaa5967403d082aa24f35e1b516d23)
Start importing Assets/HQP STUDIOS/Rocks and Terrains Pack - Low Poly/Prefabs/Rocks/Square Rocks/Moss Square Rocks/Square_Moss_Rock_21.prefab using Guid(72a4ec4c47ef98740bd3157d2a07d7db) Importer(2089858483,0ecaa5967403d082aa24f35e1b516d23) (ScriptedImporter) -> (artifact id: '80ff6bdf0b05e6c6bcbe12b457349f69') in 0.0192849 seconds
Number of updated asset objects reloaded before import = 0Number of asset objects unloaded after import = 9

========================================================================
Received Import Request.
  Time since last request: 0.000019 seconds.
  path: Assets/HQP STUDIOS/Rocks and Terrains Pack - Low Poly/Prefabs/Rocks/Sharp Rocks/Snow Sharp Rocks/Sharp_Snow_Rock_2.prefab
  artifactKey: Guid(3b9cea3e75713f84c9cc1030ea97fa41) Importer(2089858483,0ecaa5967403d082aa24f35e1b516d23)
Start importing Assets/HQP STUDIOS/Rocks and Terrains Pack - Low Poly/Prefabs/Rocks/Sharp Rocks/Snow Sharp Rocks/Sharp_Snow_Rock_2.prefab using Guid(3b9cea3e75713f84c9cc1030ea97fa41) Importer(2089858483,0ecaa5967403d082aa24f35e1b516d23) (ScriptedImporter) -> (artifact id: 'f3fd846dda5d1e2596a7fc5540a0953f') in 0.0196668 seconds
Number of updated asset objects reloaded before import = 0Number of asset objects unloaded after import = 9

========================================================================
Received Import Request.
  Time since last request: 0.000021 seconds.
  path: Assets/HQP STUDIOS/Rocks and Terrains Pack - Low Poly/Prefabs/Rocks/Square Rocks/Snow Square Rocks/Square_Snow_Rock_10.prefab
  artifactKey: Guid(73d34be53321fb24e93244ca64d65874) Importer(2089858483,0ecaa5967403d082aa24f35e1b516d23)
Start importing Assets/HQP STUDIOS/Rocks and Terrains Pack - Low Poly/Prefabs/Rocks/Square Rocks/Snow Square Rocks/Square_Snow_Rock_10.prefab using Guid(73d34be53321fb24e93244ca64d65874) Importer(2089858483,0ecaa5967403d082aa24f35e1b516d23) (ScriptedImporter) -> (artifact id: '6b5f904db939fc48df42f1f56f47d25e') in 0.0161834 seconds
Number of updated asset objects reloaded before import = 0Number of asset objects unloaded after import = 9

========================================================================
Received Import Request.
  Time since last request: 0.000014 seconds.
  path: Assets/HQP STUDIOS/Rocks and Terrains Pack - Low Poly/Prefabs/Rocks/Square Rocks/Moss Square Rocks/Square_Moss_Rock_12.prefab
  artifactKey: Guid(e345ff0be48e7c349ac96627cab262de) Importer(2089858483,0ecaa5967403d082aa24f35e1b516d23)
Start importing Assets/HQP STUDIOS/Rocks and Terrains Pack - Low Poly/Prefabs/Rocks/Square Rocks/Moss Square Rocks/Square_Moss_Rock_12.prefab using Guid(e345ff0be48e7c349ac96627cab262de) Importer(2089858483,0ecaa5967403d082aa24f35e1b516d23) (ScriptedImporter) -> (artifact id: '2310299f0e69d12b3f777b0577e0769c') in 0.0203064 seconds
Number of updated asset objects reloaded before import = 0Number of asset objects unloaded after import = 9

========================================================================
Received Import Request.
  Time since last request: 0.000016 seconds.
  path: Assets/HQP STUDIOS/Rocks and Terrains Pack - Low Poly/Prefabs/Rocks/Square Rocks/Snow Square Rocks/Square_Snow_Rock_1.prefab
  artifactKey: Guid(b4745a659e2acba47a99da5d0809b553) Importer(2089858483,0ecaa5967403d082aa24f35e1b516d23)
Start importing Assets/HQP STUDIOS/Rocks and Terrains Pack - Low Poly/Prefabs/Rocks/Square Rocks/Snow Square Rocks/Square_Snow_Rock_1.prefab using Guid(b4745a659e2acba47a99da5d0809b553) Importer(2089858483,0ecaa5967403d082aa24f35e1b516d23) (ScriptedImporter) -> (artifact id: '9aa940ad56c3d4a7456bb60535f4fef4') in 0.0175284 seconds
Number of updated asset objects reloaded before import = 0Number of asset objects unloaded after import = 9

========================================================================
Received Import Request.
  Time since last request: 0.000016 seconds.
  path: Assets/HQP STUDIOS/Rocks and Terrains Pack - Low Poly/Prefabs/Rocks/Square Rocks/Moss Square Rocks/Square_Moss_Rock_32.prefab
  artifactKey: Guid(7d75f18ad51980047aca8e2bd4a51f99) Importer(2089858483,0ecaa5967403d082aa24f35e1b516d23)
Start importing Assets/HQP STUDIOS/Rocks and Terrains Pack - Low Poly/Prefabs/Rocks/Square Rocks/Moss Square Rocks/Square_Moss_Rock_32.prefab using Guid(7d75f18ad51980047aca8e2bd4a51f99) Importer(2089858483,0ecaa5967403d082aa24f35e1b516d23) (ScriptedImporter) -> (artifact id: '49e460d50b33af71404ae5ea9eb22ecf') in 0.0188477 seconds
Number of updated asset objects reloaded before import = 0Number of asset objects unloaded after import = 9

========================================================================
Received Import Request.
  Time since last request: 0.000022 seconds.
  path: Assets/HQP STUDIOS/Rocks and Terrains Pack - Low Poly/Prefabs/Rocks/Square Rocks/Snow Square Rocks/Square_Snow_Rock_23.prefab
  artifactKey: Guid(d5fba810cf0f4954496441f54af290e5) Importer(2089858483,0ecaa5967403d082aa24f35e1b516d23)
Start importing Assets/HQP STUDIOS/Rocks and Terrains Pack - Low Poly/Prefabs/Rocks/Square Rocks/Snow Square Rocks/Square_Snow_Rock_23.prefab using Guid(d5fba810cf0f4954496441f54af290e5) Importer(2089858483,0ecaa5967403d082aa24f35e1b516d23) (ScriptedImporter) -> (artifact id: '1c30cbd57622a94a652ad227bb039f90') in 0.0185412 seconds
Number of updated asset objects reloaded before import = 0Number of asset objects unloaded after import = 9

========================================================================
Received Import Request.
  Time since last request: 0.000034 seconds.
  path: Assets/HQP STUDIOS/Rocks and Terrains Pack - Low Poly/Prefabs/Rocks/Square Rocks/Snow Square Rocks/Square_Snow_Rock_27.prefab
  artifactKey: Guid(5e9b43faa800c534dbdcb53fa1e93019) Importer(2089858483,0ecaa5967403d082aa24f35e1b516d23)
Start importing Assets/HQP STUDIOS/Rocks and Terrains Pack - Low Poly/Prefabs/Rocks/Square Rocks/Snow Square Rocks/Square_Snow_Rock_27.prefab using Guid(5e9b43faa800c534dbdcb53fa1e93019) Importer(2089858483,0ecaa5967403d082aa24f35e1b516d23) (ScriptedImporter) -> (artifact id: '6d2a7575c89aa090f249ab5052695dc2') in 0.0210939 seconds
Number of updated asset objects reloaded before import = 0Number of asset objects unloaded after import = 9

========================================================================
Received Import Request.
  Time since last request: 0.000019 seconds.
  path: Assets/HQP STUDIOS/Rocks and Terrains Pack - Low Poly/Prefabs/Rocks/Square Rocks/Square Rocks/Square_Rock_19.prefab
  artifactKey: Guid(efbc9aaad6dbdda4f96e6f69b435446b) Importer(2089858483,0ecaa5967403d082aa24f35e1b516d23)
Start importing Assets/HQP STUDIOS/Rocks and Terrains Pack - Low Poly/Prefabs/Rocks/Square Rocks/Square Rocks/Square_Rock_19.prefab using Guid(efbc9aaad6dbdda4f96e6f69b435446b) Importer(2089858483,0ecaa5967403d082aa24f35e1b516d23) (ScriptedImporter) -> (artifact id: '3844e207a87b2eeec32cc638e520c455') in 0.0181603 seconds
Number of updated asset objects reloaded before import = 0Number of asset objects unloaded after import = 9

========================================================================
Received Import Request.
  Time since last request: 0.000014 seconds.
  path: Assets/HQP STUDIOS/Rocks and Terrains Pack - Low Poly/Prefabs/Rocks/Square Rocks/Snow Square Rocks/Square_Snow_Rock_3.prefab
  artifactKey: Guid(5246ee60248e1004da308b5deac767ce) Importer(2089858483,0ecaa5967403d082aa24f35e1b516d23)
Start importing Assets/HQP STUDIOS/Rocks and Terrains Pack - Low Poly/Prefabs/Rocks/Square Rocks/Snow Square Rocks/Square_Snow_Rock_3.prefab using Guid(5246ee60248e1004da308b5deac767ce) Importer(2089858483,0ecaa5967403d082aa24f35e1b516d23) (ScriptedImporter) -> (artifact id: '30fa1a32a2b61ae65c939c620f210b2c') in 0.0207496 seconds
Number of updated asset objects reloaded before import = 0Number of asset objects unloaded after import = 9

========================================================================
Received Import Request.
  Time since last request: 0.000015 seconds.
  path: Assets/HQP STUDIOS/Rocks and Terrains Pack - Low Poly/Prefabs/Rocks/Square Rocks/Snow Square Rocks/Square_Snow_Rock_19.prefab
  artifactKey: Guid(4fe2a5525016c504ba577944d1effd4e) Importer(2089858483,0ecaa5967403d082aa24f35e1b516d23)
Start importing Assets/HQP STUDIOS/Rocks and Terrains Pack - Low Poly/Prefabs/Rocks/Square Rocks/Snow Square Rocks/Square_Snow_Rock_19.prefab using Guid(4fe2a5525016c504ba577944d1effd4e) Importer(2089858483,0ecaa5967403d082aa24f35e1b516d23) (ScriptedImporter) -> (artifact id: '937255459b22c4498e4e22a44c8ae869') in 0.0173363 seconds
Number of updated asset objects reloaded before import = 0Number of asset objects unloaded after import = 9

========================================================================
Received Import Request.
  Time since last request: 0.000012 seconds.
  path: Assets/HQP STUDIOS/Rocks and Terrains Pack - Low Poly/Prefabs/Rocks/Square Rocks/Square Rocks/Square_Rock_12.prefab
  artifactKey: Guid(123ccb52a5749a94fb4af4d86f15f78d) Importer(2089858483,0ecaa5967403d082aa24f35e1b516d23)
Start importing Assets/HQP STUDIOS/Rocks and Terrains Pack - Low Poly/Prefabs/Rocks/Square Rocks/Square Rocks/Square_Rock_12.prefab using Guid(123ccb52a5749a94fb4af4d86f15f78d) Importer(2089858483,0ecaa5967403d082aa24f35e1b516d23) (ScriptedImporter) -> (artifact id: '2f0dbdfe677d09648ee8de500039365a') in 0.0195234 seconds
Number of updated asset objects reloaded before import = 0Number of asset objects unloaded after import = 9

========================================================================
Received Import Request.
  Time since last request: 0.000013 seconds.
  path: Assets/HQP STUDIOS/Rocks and Terrains Pack - Low Poly/Prefabs/Rocks/Square Rocks/Snow Square Rocks/Square_Snow_Rock_8.prefab
  artifactKey: Guid(04d5d0ec6d3b360429bc358cfc571d47) Importer(2089858483,0ecaa5967403d082aa24f35e1b516d23)
Start importing Assets/HQP STUDIOS/Rocks and Terrains Pack - Low Poly/Prefabs/Rocks/Square Rocks/Snow Square Rocks/Square_Snow_Rock_8.prefab using Guid(04d5d0ec6d3b360429bc358cfc571d47) Importer(2089858483,0ecaa5967403d082aa24f35e1b516d23) (ScriptedImporter) -> (artifact id: '83588565bd6e92df39a889554a896028') in 0.0174871 seconds
Number of updated asset objects reloaded before import = 0Number of asset objects unloaded after import = 9

========================================================================
Received Import Request.
  Time since last request: 0.000015 seconds.
  path: Assets/HQP STUDIOS/Rocks and Terrains Pack - Low Poly/Prefabs/Rocks/Square Rocks/Snow Square Rocks/Square_Snow_Rock_29.prefab
  artifactKey: Guid(58c9e2f9aa0139d4f896b334d8bafb2d) Importer(2089858483,0ecaa5967403d082aa24f35e1b516d23)
Start importing Assets/HQP STUDIOS/Rocks and Terrains Pack - Low Poly/Prefabs/Rocks/Square Rocks/Snow Square Rocks/Square_Snow_Rock_29.prefab using Guid(58c9e2f9aa0139d4f896b334d8bafb2d) Importer(2089858483,0ecaa5967403d082aa24f35e1b516d23) (ScriptedImporter) -> (artifact id: '2f8d6cfec6bc051cc79b7edd9c6d2b8a') in 0.0183461 seconds
Number of updated asset objects reloaded before import = 0Number of asset objects unloaded after import = 9

========================================================================
Received Import Request.
  Time since last request: 0.000020 seconds.
  path: Assets/HQP STUDIOS/Rocks and Terrains Pack - Low Poly/Prefabs/Rocks/Square Rocks/Square Rocks/Square_Rock_2.prefab
  artifactKey: Guid(1f29f79617a89cf42b868b8293fdff2e) Importer(2089858483,0ecaa5967403d082aa24f35e1b516d23)
Start importing Assets/HQP STUDIOS/Rocks and Terrains Pack - Low Poly/Prefabs/Rocks/Square Rocks/Square Rocks/Square_Rock_2.prefab using Guid(1f29f79617a89cf42b868b8293fdff2e) Importer(2089858483,0ecaa5967403d082aa24f35e1b516d23) (ScriptedImporter) -> (artifact id: '0206587a6cade60ab6611a5277931482') in 0.017599 seconds
Number of updated asset objects reloaded before import = 0Number of asset objects unloaded after import = 9

========================================================================
Received Import Request.
  Time since last request: 0.000013 seconds.
  path: Assets/HQP STUDIOS/Rocks and Terrains Pack - Low Poly/Prefabs/Rocks/Square Rocks/Snow Square Rocks/Square_Snow_Rock_4.prefab
  artifactKey: Guid(9196c971db341a84297be4f71df294a8) Importer(2089858483,0ecaa5967403d082aa24f35e1b516d23)
Start importing Assets/HQP STUDIOS/Rocks and Terrains Pack - Low Poly/Prefabs/Rocks/Square Rocks/Snow Square Rocks/Square_Snow_Rock_4.prefab using Guid(9196c971db341a84297be4f71df294a8) Importer(2089858483,0ecaa5967403d082aa24f35e1b516d23) (ScriptedImporter) -> (artifact id: 'aec9b014556ca210aba44c196bfc5ecf') in 0.0192439 seconds
Number of updated asset objects reloaded before import = 0Number of asset objects unloaded after import = 9

========================================================================
Received Import Request.
  Time since last request: 0.000016 seconds.
  path: Assets/HQP STUDIOS/Rocks and Terrains Pack - Low Poly/Prefabs/Rocks/Square Rocks/Square Rocks/Square_Rock_3.prefab
  artifactKey: Guid(cb03d91fcef7ea040b4da4aed337905b) Importer(2089858483,0ecaa5967403d082aa24f35e1b516d23)
Start importing Assets/HQP STUDIOS/Rocks and Terrains Pack - Low Poly/Prefabs/Rocks/Square Rocks/Square Rocks/Square_Rock_3.prefab using Guid(cb03d91fcef7ea040b4da4aed337905b) Importer(2089858483,0ecaa5967403d082aa24f35e1b516d23) (ScriptedImporter) -> (artifact id: '2cfa53675e07864954a2af4b1c165e0d') in 0.0167283 seconds
Number of updated asset objects reloaded before import = 0Number of asset objects unloaded after import = 9

========================================================================
Received Import Request.
  Time since last request: 0.000015 seconds.
  path: Assets/HQP STUDIOS/Rocks and Terrains Pack - Low Poly/Prefabs/Rocks/Square Rocks/Snow Square Rocks/Square_Snow_Rock_15.prefab
  artifactKey: Guid(d4730bf423a747948a71521814fa80a2) Importer(2089858483,0ecaa5967403d082aa24f35e1b516d23)
Start importing Assets/HQP STUDIOS/Rocks and Terrains Pack - Low Poly/Prefabs/Rocks/Square Rocks/Snow Square Rocks/Square_Snow_Rock_15.prefab using Guid(d4730bf423a747948a71521814fa80a2) Importer(2089858483,0ecaa5967403d082aa24f35e1b516d23) (ScriptedImporter) -> (artifact id: '7a17bec2c406727cc8e6e0aaaa132e00') in 0.0189979 seconds
Number of updated asset objects reloaded before import = 0Number of asset objects unloaded after import = 9

========================================================================
Received Import Request.
  Time since last request: 0.000018 seconds.
  path: Assets/HQP STUDIOS/Rocks and Terrains Pack - Low Poly/Prefabs/Rocks/Square Rocks/Square Rocks/Square_Rock_21.prefab
  artifactKey: Guid(066cd111976455f4794b37c2e8beee8f) Importer(2089858483,0ecaa5967403d082aa24f35e1b516d23)
Start importing Assets/HQP STUDIOS/Rocks and Terrains Pack - Low Poly/Prefabs/Rocks/Square Rocks/Square Rocks/Square_Rock_21.prefab using Guid(066cd111976455f4794b37c2e8beee8f) Importer(2089858483,0ecaa5967403d082aa24f35e1b516d23) (ScriptedImporter) -> (artifact id: 'd6c324be28a678dca48d4d1a23a6ffcb') in 0.0167974 seconds
Number of updated asset objects reloaded before import = 0Number of asset objects unloaded after import = 9

========================================================================
Received Import Request.
  Time since last request: 0.000015 seconds.
  path: Assets/HQP STUDIOS/Rocks and Terrains Pack - Low Poly/Prefabs/Rocks/Square Rocks/Snow Square Rocks/Square_Snow_Rock_13.prefab
  artifactKey: Guid(936dfda2f5388e7458f8ee651097db56) Importer(2089858483,0ecaa5967403d082aa24f35e1b516d23)
Start importing Assets/HQP STUDIOS/Rocks and Terrains Pack - Low Poly/Prefabs/Rocks/Square Rocks/Snow Square Rocks/Square_Snow_Rock_13.prefab using Guid(936dfda2f5388e7458f8ee651097db56) Importer(2089858483,0ecaa5967403d082aa24f35e1b516d23) (ScriptedImporter) -> (artifact id: '6beb493123302f2dae3f172853b0beba') in 0.023358 seconds
Number of updated asset objects reloaded before import = 0Number of asset objects unloaded after import = 9

========================================================================
Received Import Request.
  Time since last request: 0.000015 seconds.
  path: Assets/HQP STUDIOS/Rocks and Terrains Pack - Low Poly/Prefabs/Rocks/Square Rocks/Square Rocks/Square_Rock_16.prefab
  artifactKey: Guid(7af97709ef9cbf14b93135724aacb5ff) Importer(2089858483,0ecaa5967403d082aa24f35e1b516d23)
Start importing Assets/HQP STUDIOS/Rocks and Terrains Pack - Low Poly/Prefabs/Rocks/Square Rocks/Square Rocks/Square_Rock_16.prefab using Guid(7af97709ef9cbf14b93135724aacb5ff) Importer(2089858483,0ecaa5967403d082aa24f35e1b516d23) (ScriptedImporter) -> (artifact id: '314384e84b12f512a6705acdc64026a8') in 0.0176847 seconds
Number of updated asset objects reloaded before import = 0Number of asset objects unloaded after import = 9

========================================================================
Received Import Request.
  Time since last request: 0.000021 seconds.
  path: Assets/HQP STUDIOS/Rocks and Terrains Pack - Low Poly/Prefabs/Rocks/Square Rocks/Square Rocks/Square_Rock_10.prefab
  artifactKey: Guid(43048a80bd6124745b6bdd2849667db6) Importer(2089858483,0ecaa5967403d082aa24f35e1b516d23)
Start importing Assets/HQP STUDIOS/Rocks and Terrains Pack - Low Poly/Prefabs/Rocks/Square Rocks/Square Rocks/Square_Rock_10.prefab using Guid(43048a80bd6124745b6bdd2849667db6) Importer(2089858483,0ecaa5967403d082aa24f35e1b516d23) (ScriptedImporter) -> (artifact id: '6e428764c06ebecbb423c6032c0f72a3') in 0.0163028 seconds
Number of updated asset objects reloaded before import = 0Number of asset objects unloaded after import = 9

========================================================================
Received Import Request.
  Time since last request: 0.000017 seconds.
  path: Assets/HQP STUDIOS/Rocks and Terrains Pack - Low Poly/Prefabs/Rocks/Square Rocks/Square Rocks/Square_Rock_23.prefab
  artifactKey: Guid(168b190eba7f10342bbd52aa174c728e) Importer(2089858483,0ecaa5967403d082aa24f35e1b516d23)
Start importing Assets/HQP STUDIOS/Rocks and Terrains Pack - Low Poly/Prefabs/Rocks/Square Rocks/Square Rocks/Square_Rock_23.prefab using Guid(168b190eba7f10342bbd52aa174c728e) Importer(2089858483,0ecaa5967403d082aa24f35e1b516d23) (ScriptedImporter) -> (artifact id: 'a36d2893230379e3e6dc8de33fc23690') in 0.0167785 seconds
Number of updated asset objects reloaded before import = 0Number of asset objects unloaded after import = 9

========================================================================
Received Import Request.
  Time since last request: 0.000017 seconds.
  path: Assets/HQP STUDIOS/Rocks and Terrains Pack - Low Poly/Prefabs/Rocks/Square Rocks/Snow Square Rocks/Square_Snow_Rock_2.prefab
  artifactKey: Guid(360c57bda83d09d4bab2a154101bd820) Importer(2089858483,0ecaa5967403d082aa24f35e1b516d23)
Start importing Assets/HQP STUDIOS/Rocks and Terrains Pack - Low Poly/Prefabs/Rocks/Square Rocks/Snow Square Rocks/Square_Snow_Rock_2.prefab using Guid(360c57bda83d09d4bab2a154101bd820) Importer(2089858483,0ecaa5967403d082aa24f35e1b516d23) (ScriptedImporter) -> (artifact id: '995f99cdd0eab65b732a49b57783708a') in 0.019428 seconds
Number of updated asset objects reloaded before import = 0Number of asset objects unloaded after import = 9

========================================================================
Received Import Request.
  Time since last request: 0.000017 seconds.
  path: Assets/HQP STUDIOS/Rocks and Terrains Pack - Low Poly/Prefabs/Rocks/Square Rocks/Snow Square Rocks/Square_Snow_Rock_28.prefab
  artifactKey: Guid(127ddcf9834c70048b12788ebaf93880) Importer(2089858483,0ecaa5967403d082aa24f35e1b516d23)
Start importing Assets/HQP STUDIOS/Rocks and Terrains Pack - Low Poly/Prefabs/Rocks/Square Rocks/Snow Square Rocks/Square_Snow_Rock_28.prefab using Guid(127ddcf9834c70048b12788ebaf93880) Importer(2089858483,0ecaa5967403d082aa24f35e1b516d23) (ScriptedImporter) -> (artifact id: 'e7651ca34d8c18d25a2a6cdf0b12b125') in 0.0192929 seconds
Number of updated asset objects reloaded before import = 0Number of asset objects unloaded after import = 9

========================================================================
Received Import Request.
  Time since last request: 0.000017 seconds.
  path: Assets/HQP STUDIOS/Rocks and Terrains Pack - Low Poly/Prefabs/Rocks/Square Rocks/Snow Square Rocks/Square_Snow_Rock_6.prefab
  artifactKey: Guid(6ff0dfccb85428041a8f5ba630e0bdb9) Importer(2089858483,0ecaa5967403d082aa24f35e1b516d23)
Start importing Assets/HQP STUDIOS/Rocks and Terrains Pack - Low Poly/Prefabs/Rocks/Square Rocks/Snow Square Rocks/Square_Snow_Rock_6.prefab using Guid(6ff0dfccb85428041a8f5ba630e0bdb9) Importer(2089858483,0ecaa5967403d082aa24f35e1b516d23) (ScriptedImporter) -> (artifact id: '478cb46f2920a67e617527a39877e229') in 0.0173878 seconds
Number of updated asset objects reloaded before import = 0Number of asset objects unloaded after import = 9

========================================================================
Received Import Request.
  Time since last request: 0.000020 seconds.
  path: Assets/HQP STUDIOS/Rocks and Terrains Pack - Low Poly/Prefabs/Rocks/Square Rocks/Square Rocks/Square_Rock_29.prefab
  artifactKey: Guid(35376a9290a2a4b4395c6fff962b4a06) Importer(2089858483,0ecaa5967403d082aa24f35e1b516d23)
Start importing Assets/HQP STUDIOS/Rocks and Terrains Pack - Low Poly/Prefabs/Rocks/Square Rocks/Square Rocks/Square_Rock_29.prefab using Guid(35376a9290a2a4b4395c6fff962b4a06) Importer(2089858483,0ecaa5967403d082aa24f35e1b516d23) (ScriptedImporter) -> (artifact id: '3b041f630bbb82f0062897a55f3fdb30') in 0.0165846 seconds
Number of updated asset objects reloaded before import = 0Number of asset objects unloaded after import = 9

========================================================================
Received Import Request.
  Time since last request: 0.000015 seconds.
  path: Assets/HQP STUDIOS/Rocks and Terrains Pack - Low Poly/Prefabs/Rocks/Square Rocks/Snow Square Rocks/Square_Snow_Rock_31.prefab
  artifactKey: Guid(29b0339b57c88da4cab81866811c9c58) Importer(2089858483,0ecaa5967403d082aa24f35e1b516d23)
Start importing Assets/HQP STUDIOS/Rocks and Terrains Pack - Low Poly/Prefabs/Rocks/Square Rocks/Snow Square Rocks/Square_Snow_Rock_31.prefab using Guid(29b0339b57c88da4cab81866811c9c58) Importer(2089858483,0ecaa5967403d082aa24f35e1b516d23) (ScriptedImporter) -> (artifact id: '3b79bc871f8cfcbfe49ea974868af2d0') in 0.0203399 seconds
Number of updated asset objects reloaded before import = 0Number of asset objects unloaded after import = 9

========================================================================
Received Import Request.
  Time since last request: 0.000016 seconds.
  path: Assets/HQP STUDIOS/Rocks and Terrains Pack - Low Poly/Prefabs/Rocks/Square Rocks/Snow Square Rocks/Square_Snow_Rock_9.prefab
  artifactKey: Guid(abc2b645e9f21a14ab40703e9973d7bf) Importer(2089858483,0ecaa5967403d082aa24f35e1b516d23)
Start importing Assets/HQP STUDIOS/Rocks and Terrains Pack - Low Poly/Prefabs/Rocks/Square Rocks/Snow Square Rocks/Square_Snow_Rock_9.prefab using Guid(abc2b645e9f21a14ab40703e9973d7bf) Importer(2089858483,0ecaa5967403d082aa24f35e1b516d23) (ScriptedImporter) -> (artifact id: '1e492f059875395f7d8654bab64586ca') in 0.0194816 seconds
Number of updated asset objects reloaded before import = 0Number of asset objects unloaded after import = 9

========================================================================
Received Import Request.
  Time since last request: 0.000015 seconds.
  path: Assets/HQP STUDIOS/Rocks and Terrains Pack - Low Poly/Prefabs/Rocks/Square Rocks/Snow Square Rocks/Square_Snow_Rock_16.prefab
  artifactKey: Guid(a900ca8d1fb033443b17e24c242246a1) Importer(2089858483,0ecaa5967403d082aa24f35e1b516d23)
Start importing Assets/HQP STUDIOS/Rocks and Terrains Pack - Low Poly/Prefabs/Rocks/Square Rocks/Snow Square Rocks/Square_Snow_Rock_16.prefab using Guid(a900ca8d1fb033443b17e24c242246a1) Importer(2089858483,0ecaa5967403d082aa24f35e1b516d23) (ScriptedImporter) -> (artifact id: '55189b6744e98683612df28ace397563') in 0.0167944 seconds
Number of updated asset objects reloaded before import = 0Number of asset objects unloaded after import = 9

========================================================================
Received Import Request.
  Time since last request: 0.000014 seconds.
  path: Assets/HQP STUDIOS/Rocks and Terrains Pack - Low Poly/Prefabs/Rocks/Square Rocks/Square Rocks/Square_Rock_18.prefab
  artifactKey: Guid(3c3bec5cecd3b184facd5d4ce5f9906e) Importer(2089858483,0ecaa5967403d082aa24f35e1b516d23)
Start importing Assets/HQP STUDIOS/Rocks and Terrains Pack - Low Poly/Prefabs/Rocks/Square Rocks/Square Rocks/Square_Rock_18.prefab using Guid(3c3bec5cecd3b184facd5d4ce5f9906e) Importer(2089858483,0ecaa5967403d082aa24f35e1b516d23) (ScriptedImporter) -> (artifact id: '230f0d71a9a51c65fac32a37689b2e78') in 0.0189184 seconds
Number of updated asset objects reloaded before import = 0Number of asset objects unloaded after import = 9

========================================================================
Received Import Request.
  Time since last request: 0.000018 seconds.
  path: Assets/HQP STUDIOS/Rocks and Terrains Pack - Low Poly/Prefabs/Rocks/Square Rocks/Square Rocks/Square_Rock_25.prefab
  artifactKey: Guid(595bd9b0cba30594591be22547cbd5e7) Importer(2089858483,0ecaa5967403d082aa24f35e1b516d23)
Start importing Assets/HQP STUDIOS/Rocks and Terrains Pack - Low Poly/Prefabs/Rocks/Square Rocks/Square Rocks/Square_Rock_25.prefab using Guid(595bd9b0cba30594591be22547cbd5e7) Importer(2089858483,0ecaa5967403d082aa24f35e1b516d23) (ScriptedImporter) -> (artifact id: '6a9f39b8da6ef574966c9c177e1e3b7c') in 0.018647 seconds
Number of updated asset objects reloaded before import = 0Number of asset objects unloaded after import = 9

========================================================================
Received Import Request.
  Time since last request: 0.000016 seconds.
  path: Assets/HQP STUDIOS/Rocks and Terrains Pack - Low Poly/Prefabs/Rocks/Square Rocks/Square Rocks/Square_Rock_8.prefab
  artifactKey: Guid(67591b99e46c80441bc24e66609ec908) Importer(2089858483,0ecaa5967403d082aa24f35e1b516d23)
Start importing Assets/HQP STUDIOS/Rocks and Terrains Pack - Low Poly/Prefabs/Rocks/Square Rocks/Square Rocks/Square_Rock_8.prefab using Guid(67591b99e46c80441bc24e66609ec908) Importer(2089858483,0ecaa5967403d082aa24f35e1b516d23) (ScriptedImporter) -> (artifact id: 'e0d0461f5f8536ee6925202ab9578f4b') in 0.0173606 seconds
Number of updated asset objects reloaded before import = 0Number of asset objects unloaded after import = 9

========================================================================
Received Import Request.
  Time since last request: 0.000015 seconds.
  path: Assets/HQP STUDIOS/Rocks and Terrains Pack - Low Poly/Prefabs/Rocks/Stonehenge Rocks/Snow_Stonehenges/Stonehenge_Snow_Rock_3.prefab
  artifactKey: Guid(8c7bbb33259bd0a42b60e3404fc33cea) Importer(2089858483,0ecaa5967403d082aa24f35e1b516d23)
Start importing Assets/HQP STUDIOS/Rocks and Terrains Pack - Low Poly/Prefabs/Rocks/Stonehenge Rocks/Snow_Stonehenges/Stonehenge_Snow_Rock_3.prefab using Guid(8c7bbb33259bd0a42b60e3404fc33cea) Importer(2089858483,0ecaa5967403d082aa24f35e1b516d23) (ScriptedImporter) -> (artifact id: '1bc37b5f7edd35644a92aed9d234e27d') in 0.0183955 seconds
Number of updated asset objects reloaded before import = 0Number of asset objects unloaded after import = 9

========================================================================
Received Import Request.
  Time since last request: 0.000013 seconds.
  path: Assets/HQP STUDIOS/Rocks and Terrains Pack - Low Poly/Prefabs/Rocks/Tiles/Moss Tiles/Tile_Moss_Rock_1.prefab
  artifactKey: Guid(6d8c1393bd7c1724db117523b7825b64) Importer(2089858483,0ecaa5967403d082aa24f35e1b516d23)
Start importing Assets/HQP STUDIOS/Rocks and Terrains Pack - Low Poly/Prefabs/Rocks/Tiles/Moss Tiles/Tile_Moss_Rock_1.prefab using Guid(6d8c1393bd7c1724db117523b7825b64) Importer(2089858483,0ecaa5967403d082aa24f35e1b516d23) (ScriptedImporter) -> (artifact id: 'f7293226fa8a0161d75cecc0eb0c9814') in 0.0164304 seconds
Number of updated asset objects reloaded before import = 0Number of asset objects unloaded after import = 9

========================================================================
Received Import Request.
  Time since last request: 0.000013 seconds.
  path: Assets/HQP STUDIOS/Rocks and Terrains Pack - Low Poly/Prefabs/Rocks/Tiles/Moss Tiles/Tile_Moss_Rock_20.prefab
  artifactKey: Guid(2bb166ff9ba86fb499872180e05da2c7) Importer(2089858483,0ecaa5967403d082aa24f35e1b516d23)
Start importing Assets/HQP STUDIOS/Rocks and Terrains Pack - Low Poly/Prefabs/Rocks/Tiles/Moss Tiles/Tile_Moss_Rock_20.prefab using Guid(2bb166ff9ba86fb499872180e05da2c7) Importer(2089858483,0ecaa5967403d082aa24f35e1b516d23) (ScriptedImporter) -> (artifact id: '9330f5bb0fb18398743c81c32f122b82') in 0.0206848 seconds
Number of updated asset objects reloaded before import = 0Number of asset objects unloaded after import = 9

========================================================================
Received Import Request.
  Time since last request: 0.000014 seconds.
  path: Assets/HQP STUDIOS/Rocks and Terrains Pack - Low Poly/Prefabs/Rocks/Tiles/Moss Tiles/Tile_Moss_Rock_21.prefab
  artifactKey: Guid(1f4335047891099448d0c480a2920a9a) Importer(2089858483,0ecaa5967403d082aa24f35e1b516d23)
Start importing Assets/HQP STUDIOS/Rocks and Terrains Pack - Low Poly/Prefabs/Rocks/Tiles/Moss Tiles/Tile_Moss_Rock_21.prefab using Guid(1f4335047891099448d0c480a2920a9a) Importer(2089858483,0ecaa5967403d082aa24f35e1b516d23) (ScriptedImporter) -> (artifact id: '8bb01564ba38352c9b2f953c496f2e01') in 0.0162386 seconds
Number of updated asset objects reloaded before import = 0Number of asset objects unloaded after import = 9

========================================================================
Received Import Request.
  Time since last request: 0.000025 seconds.
  path: Assets/HQP STUDIOS/Rocks and Terrains Pack - Low Poly/Prefabs/Rocks/Stonehenge Rocks/Stonehenges/Stonehenge_Rock_1.prefab
  artifactKey: Guid(86adc5a3f7ee12f4096ad4f4b1482e49) Importer(2089858483,0ecaa5967403d082aa24f35e1b516d23)
Start importing Assets/HQP STUDIOS/Rocks and Terrains Pack - Low Poly/Prefabs/Rocks/Stonehenge Rocks/Stonehenges/Stonehenge_Rock_1.prefab using Guid(86adc5a3f7ee12f4096ad4f4b1482e49) Importer(2089858483,0ecaa5967403d082aa24f35e1b516d23) (ScriptedImporter) -> (artifact id: 'f340af0308801ad5c4d1ec666d1706a0') in 0.0162464 seconds
Number of updated asset objects reloaded before import = 0Number of asset objects unloaded after import = 9

========================================================================
Received Import Request.
  Time since last request: 0.000018 seconds.
  path: Assets/HQP STUDIOS/Rocks and Terrains Pack - Low Poly/Prefabs/Rocks/Square Rocks/Square Rocks/Square_Rock_7.prefab
  artifactKey: Guid(dca86a6271c03d84c8795c59fb263d3d) Importer(2089858483,0ecaa5967403d082aa24f35e1b516d23)
Start importing Assets/HQP STUDIOS/Rocks and Terrains Pack - Low Poly/Prefabs/Rocks/Square Rocks/Square Rocks/Square_Rock_7.prefab using Guid(dca86a6271c03d84c8795c59fb263d3d) Importer(2089858483,0ecaa5967403d082aa24f35e1b516d23) (ScriptedImporter) -> (artifact id: 'd11b17cbfdf99f1b4e58881532fbb16f') in 0.0179869 seconds
Number of updated asset objects reloaded before import = 0Number of asset objects unloaded after import = 9

========================================================================
Received Import Request.
  Time since last request: 0.000024 seconds.
  path: Assets/HQP STUDIOS/Rocks and Terrains Pack - Low Poly/Prefabs/Rocks/Tiles/Moss Tiles/Tile_Moss_Rock_11.prefab
  artifactKey: Guid(c48e876488a95bb4eb750b1677f28c5c) Importer(2089858483,0ecaa5967403d082aa24f35e1b516d23)
Start importing Assets/HQP STUDIOS/Rocks and Terrains Pack - Low Poly/Prefabs/Rocks/Tiles/Moss Tiles/Tile_Moss_Rock_11.prefab using Guid(c48e876488a95bb4eb750b1677f28c5c) Importer(2089858483,0ecaa5967403d082aa24f35e1b516d23) (ScriptedImporter) -> (artifact id: 'f8891262d5a5eafff754f7649d435afa') in 0.0174902 seconds
Number of updated asset objects reloaded before import = 0Number of asset objects unloaded after import = 9

========================================================================
Received Import Request.
  Time since last request: 0.000017 seconds.
  path: Assets/HQP STUDIOS/Rocks and Terrains Pack - Low Poly/Prefabs/Rocks/Stonehenge Rocks/Stonehenges/Stonehenge_Rock_5.prefab
  artifactKey: Guid(58507f5565773ac4393b3e6e88f06ad2) Importer(2089858483,0ecaa5967403d082aa24f35e1b516d23)
Start importing Assets/HQP STUDIOS/Rocks and Terrains Pack - Low Poly/Prefabs/Rocks/Stonehenge Rocks/Stonehenges/Stonehenge_Rock_5.prefab using Guid(58507f5565773ac4393b3e6e88f06ad2) Importer(2089858483,0ecaa5967403d082aa24f35e1b516d23) (ScriptedImporter) -> (artifact id: 'b00916944a8a280e12cd7058f257bde0') in 0.0180473 seconds
Number of updated asset objects reloaded before import = 0Number of asset objects unloaded after import = 9

========================================================================
Received Import Request.
  Time since last request: 0.000015 seconds.
  path: Assets/HQP STUDIOS/Rocks and Terrains Pack - Low Poly/Prefabs/Rocks/Block Rocks/Moss Block Rocks/Block_Moss_Rock_3.prefab
  artifactKey: Guid(610b202d0b8a17d41985d5c2723f895f) Importer(2089858483,0ecaa5967403d082aa24f35e1b516d23)
Start importing Assets/HQP STUDIOS/Rocks and Terrains Pack - Low Poly/Prefabs/Rocks/Block Rocks/Moss Block Rocks/Block_Moss_Rock_3.prefab using Guid(610b202d0b8a17d41985d5c2723f895f) Importer(2089858483,0ecaa5967403d082aa24f35e1b516d23) (ScriptedImporter) -> (artifact id: 'd1bdc63015b4b9a42d9e3bcb516a6b38') in 0.016665 seconds
Number of updated asset objects reloaded before import = 0Number of asset objects unloaded after import = 9

========================================================================
Received Import Request.
  Time since last request: 0.000018 seconds.
  path: Assets/HQP STUDIOS/Rocks and Terrains Pack - Low Poly/Prefabs/Rocks/Tiles/Moss Tiles/Tile_Moss_Rock_28.prefab
  artifactKey: Guid(a91981023e9210441b97bbe1c8075a32) Importer(2089858483,0ecaa5967403d082aa24f35e1b516d23)
Start importing Assets/HQP STUDIOS/Rocks and Terrains Pack - Low Poly/Prefabs/Rocks/Tiles/Moss Tiles/Tile_Moss_Rock_28.prefab using Guid(a91981023e9210441b97bbe1c8075a32) Importer(2089858483,0ecaa5967403d082aa24f35e1b516d23) (ScriptedImporter) -> (artifact id: 'a25f77b324c46bf4851fc0e87c504336') in 0.016503 seconds
Number of updated asset objects reloaded before import = 0Number of asset objects unloaded after import = 9

========================================================================
Received Import Request.
  Time since last request: 0.000019 seconds.
  path: Assets/HQP STUDIOS/Rocks and Terrains Pack - Low Poly/Prefabs/Rocks/Flat Rocks/Flat Rocks/Flat_Rock_8.prefab
  artifactKey: Guid(527a7c7f1a00ba74ca148fa0d55538a3) Importer(2089858483,0ecaa5967403d082aa24f35e1b516d23)
Start importing Assets/HQP STUDIOS/Rocks and Terrains Pack - Low Poly/Prefabs/Rocks/Flat Rocks/Flat Rocks/Flat_Rock_8.prefab using Guid(527a7c7f1a00ba74ca148fa0d55538a3) Importer(2089858483,0ecaa5967403d082aa24f35e1b516d23) (ScriptedImporter) -> (artifact id: '16c816f4a96c9a9a6e2e2222aebaec5f') in 0.0187403 seconds
Number of updated asset objects reloaded before import = 0Number of asset objects unloaded after import = 9

========================================================================
Received Import Request.
  Time since last request: 0.000037 seconds.
  path: Assets/HQP STUDIOS/Rocks and Terrains Pack - Low Poly/Prefabs/Rocks/Block Rocks/Block Rocks/Block_Rock_20.prefab
  artifactKey: Guid(630473ea31ea31547a32c2d9dfa3e8c5) Importer(2089858483,0ecaa5967403d082aa24f35e1b516d23)
Start importing Assets/HQP STUDIOS/Rocks and Terrains Pack - Low Poly/Prefabs/Rocks/Block Rocks/Block Rocks/Block_Rock_20.prefab using Guid(630473ea31ea31547a32c2d9dfa3e8c5) Importer(2089858483,0ecaa5967403d082aa24f35e1b516d23) (ScriptedImporter) -> (artifact id: '787f3612ad89b300559eafe0646a7943') in 0.0167593 seconds
Number of updated asset objects reloaded before import = 0Number of asset objects unloaded after import = 9

========================================================================
Received Import Request.
  Time since last request: 0.000017 seconds.
  path: Assets/HQP STUDIOS/Rocks and Terrains Pack - Low Poly/Prefabs/Rocks/Flat Rocks/Moss Flat Rocks/Flat_Moss_Rock_7.prefab
  artifactKey: Guid(c7afaa8d9dd98c24396ea2ecbb8e0b3b) Importer(2089858483,0ecaa5967403d082aa24f35e1b516d23)
Start importing Assets/HQP STUDIOS/Rocks and Terrains Pack - Low Poly/Prefabs/Rocks/Flat Rocks/Moss Flat Rocks/Flat_Moss_Rock_7.prefab using Guid(c7afaa8d9dd98c24396ea2ecbb8e0b3b) Importer(2089858483,0ecaa5967403d082aa24f35e1b516d23) (ScriptedImporter) -> (artifact id: '050c63f5a963b725549882896d684faf') in 0.0173063 seconds
Number of updated asset objects reloaded before import = 0Number of asset objects unloaded after import = 9

========================================================================
Received Import Request.
  Time since last request: 0.000016 seconds.
  path: Assets/HQP STUDIOS/Rocks and Terrains Pack - Low Poly/Prefabs/Rocks/Flat Rocks/Snow Flat Rocks/Flat_Snow_Rock_11.prefab
  artifactKey: Guid(b07f9dd3ff0aaff429ef72f2cf03987b) Importer(2089858483,0ecaa5967403d082aa24f35e1b516d23)
Start importing Assets/HQP STUDIOS/Rocks and Terrains Pack - Low Poly/Prefabs/Rocks/Flat Rocks/Snow Flat Rocks/Flat_Snow_Rock_11.prefab using Guid(b07f9dd3ff0aaff429ef72f2cf03987b) Importer(2089858483,0ecaa5967403d082aa24f35e1b516d23) (ScriptedImporter) -> (artifact id: '4f2f0ed9a82df4a1eb45b36464e4bd76') in 0.0187211 seconds
Number of updated asset objects reloaded before import = 0Number of asset objects unloaded after import = 9

========================================================================
Received Import Request.
  Time since last request: 0.000014 seconds.
  path: Assets/HQP STUDIOS/Rocks and Terrains Pack - Low Poly/Models/Rocks/Tiles/Snow Tiles/Tile_Snow_Rock_29.fbx
  artifactKey: Guid(634be29d25f86e847a3bafa65c338ddf) Importer(2089858483,0ecaa5967403d082aa24f35e1b516d23)
Start importing Assets/HQP STUDIOS/Rocks and Terrains Pack - Low Poly/Models/Rocks/Tiles/Snow Tiles/Tile_Snow_Rock_29.fbx using Guid(634be29d25f86e847a3bafa65c338ddf) Importer(2089858483,0ecaa5967403d082aa24f35e1b516d23) (ScriptedImporter) -> (artifact id: 'd79d237d10fe778a716faaeca10b125a') in 0.0137897 seconds
Number of updated asset objects reloaded before import = 0Number of asset objects unloaded after import = 9

========================================================================
Received Import Request.
  Time since last request: 0.000015 seconds.
  path: Assets/HQP STUDIOS/Rocks and Terrains Pack - Low Poly/Models/Rocks/Tiles/Moss Tiles/Tile_Moss_Rock_7.fbx
  artifactKey: Guid(6dbc918da3da11d458b49bfc5c27b240) Importer(2089858483,0ecaa5967403d082aa24f35e1b516d23)
Start importing Assets/HQP STUDIOS/Rocks and Terrains Pack - Low Poly/Models/Rocks/Tiles/Moss Tiles/Tile_Moss_Rock_7.fbx using Guid(6dbc918da3da11d458b49bfc5c27b240) Importer(2089858483,0ecaa5967403d082aa24f35e1b516d23) (ScriptedImporter) -> (artifact id: '72d1e2b2ecf8b311abe88063a5f3bd8e') in 0.0161728 seconds
Number of updated asset objects reloaded before import = 0Number of asset objects unloaded after import = 9

========================================================================
Received Import Request.
  Time since last request: 0.000015 seconds.
  path: Assets/HQP STUDIOS/Rocks and Terrains Pack - Low Poly/Models/Rocks/Square Rocks/Snow Square Rocks/Square_Snow_Rock_10.fbx
  artifactKey: Guid(1a2a8fdb4cf1298449e59cd89c007c91) Importer(2089858483,0ecaa5967403d082aa24f35e1b516d23)
Start importing Assets/HQP STUDIOS/Rocks and Terrains Pack - Low Poly/Models/Rocks/Square Rocks/Snow Square Rocks/Square_Snow_Rock_10.fbx using Guid(1a2a8fdb4cf1298449e59cd89c007c91) Importer(2089858483,0ecaa5967403d082aa24f35e1b516d23) (ScriptedImporter) -> (artifact id: '23fe985c8338f9ad4090e0b3e9e06e4e') in 0.0138566 seconds
Number of updated asset objects reloaded before import = 0Number of asset objects unloaded after import = 9

========================================================================
Received Import Request.
  Time since last request: 0.000016 seconds.
  path: Assets/HQP STUDIOS/Rocks and Terrains Pack - Low Poly/Models/Rocks/Sharp Rocks/Moss Sharp Rocks/Sharp_Moss_Rock_8.fbx
  artifactKey: Guid(dc59612931e1b70488e72c0e437d6bb3) Importer(2089858483,0ecaa5967403d082aa24f35e1b516d23)
Start importing Assets/HQP STUDIOS/Rocks and Terrains Pack - Low Poly/Models/Rocks/Sharp Rocks/Moss Sharp Rocks/Sharp_Moss_Rock_8.fbx using Guid(dc59612931e1b70488e72c0e437d6bb3) Importer(2089858483,0ecaa5967403d082aa24f35e1b516d23) (ScriptedImporter) -> (artifact id: '081504ec9b40b22f1dc0550ccdfc4ae1') in 0.0151128 seconds
Number of updated asset objects reloaded before import = 0Number of asset objects unloaded after import = 9

========================================================================
Received Import Request.
  Time since last request: 0.000018 seconds.
  path: Assets/HQP STUDIOS/Rocks and Terrains Pack - Low Poly/Models/Rocks/Tiles/Snow Tiles/Tile_Snow_Rock_23.fbx
  artifactKey: Guid(c46a326ef1fecb04b966c84d373c8059) Importer(2089858483,0ecaa5967403d082aa24f35e1b516d23)
Start importing Assets/HQP STUDIOS/Rocks and Terrains Pack - Low Poly/Models/Rocks/Tiles/Snow Tiles/Tile_Snow_Rock_23.fbx using Guid(c46a326ef1fecb04b966c84d373c8059) Importer(2089858483,0ecaa5967403d082aa24f35e1b516d23) (ScriptedImporter) -> (artifact id: '000ca6302de478c9a4bcf338b752811b') in 0.0165118 seconds
Number of updated asset objects reloaded before import = 0Number of asset objects unloaded after import = 9

========================================================================
Received Import Request.
  Time since last request: 0.000019 seconds.
  path: Assets/HQP STUDIOS/Rocks and Terrains Pack - Low Poly/Models/Rocks/Square Rocks/Moss Square Rocks/Square_Moss_Rock_1.fbx
  artifactKey: Guid(b5630a2e6bf15f8439c9dffcc3d63ffd) Importer(2089858483,0ecaa5967403d082aa24f35e1b516d23)
Start importing Assets/HQP STUDIOS/Rocks and Terrains Pack - Low Poly/Models/Rocks/Square Rocks/Moss Square Rocks/Square_Moss_Rock_1.fbx using Guid(b5630a2e6bf15f8439c9dffcc3d63ffd) Importer(2089858483,0ecaa5967403d082aa24f35e1b516d23) (ScriptedImporter) -> (artifact id: '284e2a01b50c2403a58d06d6a7840ee1') in 0.0169786 seconds
Number of updated asset objects reloaded before import = 0Number of asset objects unloaded after import = 9

========================================================================
Received Import Request.
  Time since last request: 0.000026 seconds.
  path: Assets/HQP STUDIOS/Rocks and Terrains Pack - Low Poly/Models/Rocks/Block Rocks/Moss Block Rocks/Block_Moss_Rock_6.fbx
  artifactKey: Guid(034c0aa4700a95a44bfa5ed5077cddc8) Importer(2089858483,0ecaa5967403d082aa24f35e1b516d23)
Start importing Assets/HQP STUDIOS/Rocks and Terrains Pack - Low Poly/Models/Rocks/Block Rocks/Moss Block Rocks/Block_Moss_Rock_6.fbx using Guid(034c0aa4700a95a44bfa5ed5077cddc8) Importer(2089858483,0ecaa5967403d082aa24f35e1b516d23) (ScriptedImporter) -> (artifact id: '0cb3e3a0d52f12dd5fa23d866c1c64b2') in 0.015362 seconds
Number of updated asset objects reloaded before import = 0Number of asset objects unloaded after import = 9

========================================================================
Received Import Request.
  Time since last request: 0.000014 seconds.
  path: Assets/HQP STUDIOS/Rocks and Terrains Pack - Low Poly/Prefabs/Rocks/Tiles/Moss Tiles/Tile_Moss_Rock_13.prefab
  artifactKey: Guid(d3ef959d123364448863eaceae38cd7e) Importer(2089858483,0ecaa5967403d082aa24f35e1b516d23)
Start importing Assets/HQP STUDIOS/Rocks and Terrains Pack - Low Poly/Prefabs/Rocks/Tiles/Moss Tiles/Tile_Moss_Rock_13.prefab using Guid(d3ef959d123364448863eaceae38cd7e) Importer(2089858483,0ecaa5967403d082aa24f35e1b516d23) (ScriptedImporter) -> (artifact id: 'b2a41772f0458a69652f19ba6b2d6687') in 0.0157759 seconds
Number of updated asset objects reloaded before import = 0Number of asset objects unloaded after import = 9

========================================================================
Received Import Request.
  Time since last request: 0.000015 seconds.
  path: Assets/HQP STUDIOS/Rocks and Terrains Pack - Low Poly/Models/Terrains/Mountains/NoLOD/Mountain_L_05.fbx
  artifactKey: Guid(b21fc7f044bd0854991c852973769473) Importer(2089858483,0ecaa5967403d082aa24f35e1b516d23)
Start importing Assets/HQP STUDIOS/Rocks and Terrains Pack - Low Poly/Models/Terrains/Mountains/NoLOD/Mountain_L_05.fbx using Guid(b21fc7f044bd0854991c852973769473) Importer(2089858483,0ecaa5967403d082aa24f35e1b516d23) (ScriptedImporter) -> (artifact id: '19f2cc7f25db7695a2c6e44965c68373') in 0.0143953 seconds
Number of updated asset objects reloaded before import = 0Number of asset objects unloaded after import = 9

========================================================================
Received Import Request.
  Time since last request: 0.000012 seconds.
  path: Assets/HQP STUDIOS/Rocks and Terrains Pack - Low Poly/Models/Rocks/Block Rocks/Snow Block Rocks/Block_Snow_Rock_15.fbx
  artifactKey: Guid(8ca78a6aabdc5df4293120776ad8aec7) Importer(2089858483,0ecaa5967403d082aa24f35e1b516d23)
Start importing Assets/HQP STUDIOS/Rocks and Terrains Pack - Low Poly/Models/Rocks/Block Rocks/Snow Block Rocks/Block_Snow_Rock_15.fbx using Guid(8ca78a6aabdc5df4293120776ad8aec7) Importer(2089858483,0ecaa5967403d082aa24f35e1b516d23) (ScriptedImporter) -> (artifact id: '5f5c1548f90ae08d0705ef96aab0da86') in 0.0164196 seconds
Number of updated asset objects reloaded before import = 0Number of asset objects unloaded after import = 9

========================================================================
Received Import Request.
  Time since last request: 0.000015 seconds.
  path: Assets/HQP STUDIOS/Rocks and Terrains Pack - Low Poly/Models/Rocks/Flat Rocks/Moss Flat Rocks/Flat_Moss_Rock_20.fbx
  artifactKey: Guid(e8e3e3acd9311524c9ce560631551b88) Importer(2089858483,0ecaa5967403d082aa24f35e1b516d23)
Start importing Assets/HQP STUDIOS/Rocks and Terrains Pack - Low Poly/Models/Rocks/Flat Rocks/Moss Flat Rocks/Flat_Moss_Rock_20.fbx using Guid(e8e3e3acd9311524c9ce560631551b88) Importer(2089858483,0ecaa5967403d082aa24f35e1b516d23) (ScriptedImporter) -> (artifact id: 'd65cdb0b1f8da2ea7bb1c293562927d6') in 0.0138806 seconds
Number of updated asset objects reloaded before import = 0Number of asset objects unloaded after import = 9

========================================================================
Received Import Request.
  Time since last request: 0.000013 seconds.
  path: Assets/HQP STUDIOS/Rocks and Terrains Pack - Low Poly/Models/Rocks/Tiles/Tiles/Tile_Rock_6.fbx
  artifactKey: Guid(8c911c87cb86d9146b9d25a6b3b9cb3a) Importer(2089858483,0ecaa5967403d082aa24f35e1b516d23)
Start importing Assets/HQP STUDIOS/Rocks and Terrains Pack - Low Poly/Models/Rocks/Tiles/Tiles/Tile_Rock_6.fbx using Guid(8c911c87cb86d9146b9d25a6b3b9cb3a) Importer(2089858483,0ecaa5967403d082aa24f35e1b516d23) (ScriptedImporter) -> (artifact id: '538eb2b5ec1a124d73eac2821f55e7cb') in 0.0157489 seconds
Number of updated asset objects reloaded before import = 0Number of asset objects unloaded after import = 9

========================================================================
Received Import Request.
  Time since last request: 0.000016 seconds.
  path: Assets/HQP STUDIOS/Rocks and Terrains Pack - Low Poly/Models/Rocks/Block Rocks/Snow Block Rocks/Block_Snow_Rock_29.fbx
  artifactKey: Guid(3438ceca32091d94b9afdbdaf121610b) Importer(2089858483,0ecaa5967403d082aa24f35e1b516d23)
Start importing Assets/HQP STUDIOS/Rocks and Terrains Pack - Low Poly/Models/Rocks/Block Rocks/Snow Block Rocks/Block_Snow_Rock_29.fbx using Guid(3438ceca32091d94b9afdbdaf121610b) Importer(2089858483,0ecaa5967403d082aa24f35e1b516d23) (ScriptedImporter) -> (artifact id: '9aa60275eac9dcd0b5e00bfda19d0d40') in 0.015708 seconds
Number of updated asset objects reloaded before import = 0Number of asset objects unloaded after import = 9

========================================================================
Received Import Request.
  Time since last request: 0.000014 seconds.
  path: Assets/HQP STUDIOS/Rocks and Terrains Pack - Low Poly/Models/Rocks/Block Rocks/Block Rocks/Block_Rock_10.fbx
  artifactKey: Guid(95b1bb19bcf7dca489bc3cfc42031976) Importer(2089858483,0ecaa5967403d082aa24f35e1b516d23)
Start importing Assets/HQP STUDIOS/Rocks and Terrains Pack - Low Poly/Models/Rocks/Block Rocks/Block Rocks/Block_Rock_10.fbx using Guid(95b1bb19bcf7dca489bc3cfc42031976) Importer(2089858483,0ecaa5967403d082aa24f35e1b516d23) (ScriptedImporter) -> (artifact id: 'a7ad29e3b3177c6d938b4a5a8d1ab15c') in 0.0160535 seconds
Number of updated asset objects reloaded before import = 0Number of asset objects unloaded after import = 9

========================================================================
Received Import Request.
  Time since last request: 0.000017 seconds.
  path: Assets/HQP STUDIOS/Rocks and Terrains Pack - Low Poly/Models/Rocks/Tiles/Tiles/Tile_Rock_9.fbx
  artifactKey: Guid(c8de41aa8aa9f4c488b8cf2aeb357c00) Importer(2089858483,0ecaa5967403d082aa24f35e1b516d23)
Start importing Assets/HQP STUDIOS/Rocks and Terrains Pack - Low Poly/Models/Rocks/Tiles/Tiles/Tile_Rock_9.fbx using Guid(c8de41aa8aa9f4c488b8cf2aeb357c00) Importer(2089858483,0ecaa5967403d082aa24f35e1b516d23) (ScriptedImporter) -> (artifact id: '59a3d1c6c67177148c916659d1ec1eb6') in 0.0149935 seconds
Number of updated asset objects reloaded before import = 0Number of asset objects unloaded after import = 9

========================================================================
Received Import Request.
  Time since last request: 0.000015 seconds.
  path: Assets/HQP STUDIOS/Rocks and Terrains Pack - Low Poly/Prefabs/Rocks/Tiles/Snow Tiles/Tile_Snow_Rock_18.prefab
  artifactKey: Guid(255a13dcecd95ef4dbd30f8ebf1c007b) Importer(2089858483,0ecaa5967403d082aa24f35e1b516d23)
Start importing Assets/HQP STUDIOS/Rocks and Terrains Pack - Low Poly/Prefabs/Rocks/Tiles/Snow Tiles/Tile_Snow_Rock_18.prefab using Guid(255a13dcecd95ef4dbd30f8ebf1c007b) Importer(2089858483,0ecaa5967403d082aa24f35e1b516d23) (ScriptedImporter) -> (artifact id: '08434a3e8a643b70f1992332ee76912f') in 0.0168641 seconds
Number of updated asset objects reloaded before import = 0Number of asset objects unloaded after import = 9

========================================================================
Received Import Request.
  Time since last request: 0.000015 seconds.
  path: Assets/HQP STUDIOS/Rocks and Terrains Pack - Low Poly/Prefabs/Rocks/Tiles/Tiles/Tile_Rock_17.prefab
  artifactKey: Guid(ef10ca130bfe8a84989684d8b2de65da) Importer(2089858483,0ecaa5967403d082aa24f35e1b516d23)
Start importing Assets/HQP STUDIOS/Rocks and Terrains Pack - Low Poly/Prefabs/Rocks/Tiles/Tiles/Tile_Rock_17.prefab using Guid(ef10ca130bfe8a84989684d8b2de65da) Importer(2089858483,0ecaa5967403d082aa24f35e1b516d23) (ScriptedImporter) -> (artifact id: '3a716a690db153f7c2f1fd34e3e9ba1e') in 0.0177073 seconds
Number of updated asset objects reloaded before import = 0Number of asset objects unloaded after import = 9

========================================================================
Received Import Request.
  Time since last request: 0.000015 seconds.
  path: Assets/HQP STUDIOS/Rocks and Terrains Pack - Low Poly/Prefabs/Rocks/Tiles/Snow Tiles/Tile_Snow_Rock_28.prefab
  artifactKey: Guid(b1012c1c3b0f38d4ca24ef41088bd5e3) Importer(2089858483,0ecaa5967403d082aa24f35e1b516d23)
Start importing Assets/HQP STUDIOS/Rocks and Terrains Pack - Low Poly/Prefabs/Rocks/Tiles/Snow Tiles/Tile_Snow_Rock_28.prefab using Guid(b1012c1c3b0f38d4ca24ef41088bd5e3) Importer(2089858483,0ecaa5967403d082aa24f35e1b516d23) (ScriptedImporter) -> (artifact id: '872271e7773a3a6063b02c3a4f1e716c') in 0.0165476 seconds
Number of updated asset objects reloaded before import = 0Number of asset objects unloaded after import = 9

========================================================================
Received Import Request.
  Time since last request: 0.000020 seconds.
  path: Assets/HQP STUDIOS/Rocks and Terrains Pack - Low Poly/Prefabs/Rocks/Tiles/Snow Tiles/Tile_Snow_Rock_14.prefab
  artifactKey: Guid(47f4f7c9331f2a8429ffea81b9089efa) Importer(2089858483,0ecaa5967403d082aa24f35e1b516d23)
Start importing Assets/HQP STUDIOS/Rocks and Terrains Pack - Low Poly/Prefabs/Rocks/Tiles/Snow Tiles/Tile_Snow_Rock_14.prefab using Guid(47f4f7c9331f2a8429ffea81b9089efa) Importer(2089858483,0ecaa5967403d082aa24f35e1b516d23) (ScriptedImporter) -> (artifact id: '8ae4b0c98e9d196e919d4ecce66cd643') in 0.0216564 seconds
Number of updated asset objects reloaded before import = 0Number of asset objects unloaded after import = 9

========================================================================
Received Import Request.
  Time since last request: 0.000046 seconds.
  path: Assets/HQP STUDIOS/Rocks and Terrains Pack - Low Poly/Prefabs/Rocks/Tiles/Tiles/Tile_Rock_19.prefab
  artifactKey: Guid(299b0452adca95e49bbbbef06271ec1e) Importer(2089858483,0ecaa5967403d082aa24f35e1b516d23)
Start importing Assets/HQP STUDIOS/Rocks and Terrains Pack - Low Poly/Prefabs/Rocks/Tiles/Tiles/Tile_Rock_19.prefab using Guid(299b0452adca95e49bbbbef06271ec1e) Importer(2089858483,0ecaa5967403d082aa24f35e1b516d23) (ScriptedImporter) -> (artifact id: 'b2e9e3c4da4d76dd34b75a2cb4d2a854') in 0.0287301 seconds
Number of updated asset objects reloaded before import = 0Number of asset objects unloaded after import = 9

========================================================================
Received Import Request.
  Time since last request: 0.000023 seconds.
  path: Assets/HQP STUDIOS/Rocks and Terrains Pack - Low Poly/Prefabs/Rocks/Tiles/Tiles/Tile_Rock_22.prefab
  artifactKey: Guid(4f7e75d5199d7f4468c832d9346cf331) Importer(2089858483,0ecaa5967403d082aa24f35e1b516d23)
Start importing Assets/HQP STUDIOS/Rocks and Terrains Pack - Low Poly/Prefabs/Rocks/Tiles/Tiles/Tile_Rock_22.prefab using Guid(4f7e75d5199d7f4468c832d9346cf331) Importer(2089858483,0ecaa5967403d082aa24f35e1b516d23) (ScriptedImporter) -> (artifact id: '37663cf49dfa26be1f11dc306b3c71fb') in 0.0204764 seconds
Number of updated asset objects reloaded before import = 0Number of asset objects unloaded after import = 9

========================================================================
Received Import Request.
  Time since last request: 0.000014 seconds.
  path: Assets/HQP STUDIOS/Rocks and Terrains Pack - Low Poly/Prefabs/Rocks/Tiles/Snow Tiles/Tile_Snow_Rock_21.prefab
  artifactKey: Guid(f9cb038c958e2784f986abaa4b1707b8) Importer(2089858483,0ecaa5967403d082aa24f35e1b516d23)
Start importing Assets/HQP STUDIOS/Rocks and Terrains Pack - Low Poly/Prefabs/Rocks/Tiles/Snow Tiles/Tile_Snow_Rock_21.prefab using Guid(f9cb038c958e2784f986abaa4b1707b8) Importer(2089858483,0ecaa5967403d082aa24f35e1b516d23) (ScriptedImporter) -> (artifact id: '7271558b6d4040d10b24b67bfe74f49e') in 0.0197656 seconds
Number of updated asset objects reloaded before import = 0Number of asset objects unloaded after import = 9

========================================================================
Received Import Request.
  Time since last request: 0.000013 seconds.
  path: Assets/HQP STUDIOS/Rocks and Terrains Pack - Low Poly/Prefabs/Rocks/Tiles/Tiles/Tile_Rock_21.prefab
  artifactKey: Guid(25adb3d08f8c3404f81bb784b5622597) Importer(2089858483,0ecaa5967403d082aa24f35e1b516d23)
Start importing Assets/HQP STUDIOS/Rocks and Terrains Pack - Low Poly/Prefabs/Rocks/Tiles/Tiles/Tile_Rock_21.prefab using Guid(25adb3d08f8c3404f81bb784b5622597) Importer(2089858483,0ecaa5967403d082aa24f35e1b516d23) (ScriptedImporter) -> (artifact id: 'd5da4c2c139609a261226d5b8c2e1543') in 0.0146313 seconds
Number of updated asset objects reloaded before import = 0Number of asset objects unloaded after import = 9

========================================================================
Received Import Request.
  Time since last request: 0.000014 seconds.
  path: Assets/HQP STUDIOS/Rocks and Terrains Pack - Low Poly/Prefabs/Rocks/Tiles/Snow Tiles/Tile_Snow_Rock_7.prefab
  artifactKey: Guid(b7385d664f0a5ad4b8ff614107e89298) Importer(2089858483,0ecaa5967403d082aa24f35e1b516d23)
Start importing Assets/HQP STUDIOS/Rocks and Terrains Pack - Low Poly/Prefabs/Rocks/Tiles/Snow Tiles/Tile_Snow_Rock_7.prefab using Guid(b7385d664f0a5ad4b8ff614107e89298) Importer(2089858483,0ecaa5967403d082aa24f35e1b516d23) (ScriptedImporter) -> (artifact id: '67de794c8c1eeebd3af16e92ddf78481') in 0.015823 seconds
Number of updated asset objects reloaded before import = 0Number of asset objects unloaded after import = 9

========================================================================
Received Import Request.
  Time since last request: 0.000016 seconds.
  path: Assets/HQP STUDIOS/Rocks and Terrains Pack - Low Poly/Prefabs/Rocks/Tiles/Tiles/Tile_Rock_25.prefab
  artifactKey: Guid(bf4e02878d4ca8a489cef52a58f1265b) Importer(2089858483,0ecaa5967403d082aa24f35e1b516d23)
Start importing Assets/HQP STUDIOS/Rocks and Terrains Pack - Low Poly/Prefabs/Rocks/Tiles/Tiles/Tile_Rock_25.prefab using Guid(bf4e02878d4ca8a489cef52a58f1265b) Importer(2089858483,0ecaa5967403d082aa24f35e1b516d23) (ScriptedImporter) -> (artifact id: '5ba6c0fe0d13789e2be1b21a2f0935e5') in 0.0165812 seconds
Number of updated asset objects reloaded before import = 0Number of asset objects unloaded after import = 9

========================================================================
Received Import Request.
  Time since last request: 0.000014 seconds.
  path: Assets/HQP STUDIOS/Rocks and Terrains Pack - Low Poly/Prefabs/Rocks/Tiles/Snow Tiles/Tile_Snow_Rock_27.prefab
  artifactKey: Guid(fe0f4f0dca8cbba4191c65cf749a1c92) Importer(2089858483,0ecaa5967403d082aa24f35e1b516d23)
Start importing Assets/HQP STUDIOS/Rocks and Terrains Pack - Low Poly/Prefabs/Rocks/Tiles/Snow Tiles/Tile_Snow_Rock_27.prefab using Guid(fe0f4f0dca8cbba4191c65cf749a1c92) Importer(2089858483,0ecaa5967403d082aa24f35e1b516d23) (ScriptedImporter) -> (artifact id: '7189db2044b68b2289b7ae4ab8114efc') in 0.0191554 seconds
Number of updated asset objects reloaded before import = 0Number of asset objects unloaded after import = 9

========================================================================
Received Import Request.
  Time since last request: 0.000018 seconds.
  path: Assets/HQP STUDIOS/Rocks and Terrains Pack - Low Poly/Prefabs/Rocks/Tiles/Tiles/Tile_Rock_14.prefab
  artifactKey: Guid(4ec506626547c7a4fbdd552c4b40d275) Importer(2089858483,0ecaa5967403d082aa24f35e1b516d23)
Start importing Assets/HQP STUDIOS/Rocks and Terrains Pack - Low Poly/Prefabs/Rocks/Tiles/Tiles/Tile_Rock_14.prefab using Guid(4ec506626547c7a4fbdd552c4b40d275) Importer(2089858483,0ecaa5967403d082aa24f35e1b516d23) (ScriptedImporter) -> (artifact id: '557b5012db0affb99b725ec5ed829b5f') in 0.0185481 seconds
Number of updated asset objects reloaded before import = 0Number of asset objects unloaded after import = 9

========================================================================
Received Import Request.
  Time since last request: 0.000019 seconds.
  path: Assets/HQP STUDIOS/Rocks and Terrains Pack - Low Poly/Prefabs/Rocks/Tiles/Moss Tiles/Tile_Moss_Rock_4.prefab
  artifactKey: Guid(efe3026350b9bb14ba20e34206d6a8a1) Importer(2089858483,0ecaa5967403d082aa24f35e1b516d23)
Start importing Assets/HQP STUDIOS/Rocks and Terrains Pack - Low Poly/Prefabs/Rocks/Tiles/Moss Tiles/Tile_Moss_Rock_4.prefab using Guid(efe3026350b9bb14ba20e34206d6a8a1) Importer(2089858483,0ecaa5967403d082aa24f35e1b516d23) (ScriptedImporter) -> (artifact id: '7d2358c3e703f5b3e64fdead238c7815') in 0.0177038 seconds
Number of updated asset objects reloaded before import = 0Number of asset objects unloaded after import = 9

========================================================================
Received Import Request.
  Time since last request: 0.000018 seconds.
  path: Assets/TextMesh Pro/Resources/Style Sheets/Default Style Sheet.asset
  artifactKey: Guid(f952c082cb03451daed3ee968ac6c63e) Importer(2089858483,0ecaa5967403d082aa24f35e1b516d23)
Start importing Assets/TextMesh Pro/Resources/Style Sheets/Default Style Sheet.asset using Guid(f952c082cb03451daed3ee968ac6c63e) Importer(2089858483,0ecaa5967403d082aa24f35e1b516d23) (ScriptedImporter) -> (artifact id: 'f1594c93c2b3a693b2ecd223b7780936') in 0.0110945 seconds
Number of updated asset objects reloaded before import = 0Number of asset objects unloaded after import = 1

========================================================================
Received Import Request.
  Time since last request: 0.000019 seconds.
  path: Assets/HQP STUDIOS/Rocks and Terrains Pack - Low Poly/Models/Rocks/Block Rocks/Moss Block Rocks/Block_Moss_Rock_10.fbx
  artifactKey: Guid(22631b7b980654f48ab6de0f2dee0e91) Importer(2089858483,0ecaa5967403d082aa24f35e1b516d23)
Start importing Assets/HQP STUDIOS/Rocks and Terrains Pack - Low Poly/Models/Rocks/Block Rocks/Moss Block Rocks/Block_Moss_Rock_10.fbx using Guid(22631b7b980654f48ab6de0f2dee0e91) Importer(2089858483,0ecaa5967403d082aa24f35e1b516d23) (ScriptedImporter) -> (artifact id: '3c75c66f7fb9675520fe83031069502f') in 0.017694 seconds
Number of updated asset objects reloaded before import = 0Number of asset objects unloaded after import = 9

========================================================================
Received Import Request.
  Time since last request: 0.000017 seconds.
  path: Assets/UI/Resource Vector Graphics/Source/UI_Graphic_Resource_Wood.eps
  artifactKey: Guid(28e5ba1363a984d79b9da8aa3bdfe407) Importer(2089858483,0ecaa5967403d082aa24f35e1b516d23)
Start importing Assets/UI/Resource Vector Graphics/Source/UI_Graphic_Resource_Wood.eps using Guid(28e5ba1363a984d79b9da8aa3bdfe407) Importer(2089858483,0ecaa5967403d082aa24f35e1b516d23) (ScriptedImporter) -> (artifact id: '5e9148f8fcc85f3f1e0de82788f37c92') in 0.0100728 seconds
Number of updated asset objects reloaded before import = 0Number of asset objects unloaded after import = 1

========================================================================
Received Import Request.
  Time since last request: 0.000056 seconds.
  path: Assets/DefaceGames/Fantasy Map Assets Pack Lite/Assets/icons-black/shield.png
  artifactKey: Guid(2bad8d8a766c2894faf6097f008ea017) Importer(2089858483,0ecaa5967403d082aa24f35e1b516d23)
Start importing Assets/DefaceGames/Fantasy Map Assets Pack Lite/Assets/icons-black/shield.png using Guid(2bad8d8a766c2894faf6097f008ea017) Importer(2089858483,0ecaa5967403d082aa24f35e1b516d23) (ScriptedImporter) -> (artifact id: '4eaa3ad4b8e6d60f7e0a7a57bf4f1b46') in 0.0212116 seconds
Number of updated asset objects reloaded before import = 0Number of asset objects unloaded after import = 3

========================================================================
Received Import Request.
  Time since last request: 0.000018 seconds.
  path: Assets/HQP STUDIOS/Rocks and Terrains Pack - Low Poly/Prefabs/Rocks/Tiles/Snow Tiles/Tile_Snow_Rock_23.prefab
  artifactKey: Guid(d60bea661effb6d418abe81ce0dace89) Importer(2089858483,0ecaa5967403d082aa24f35e1b516d23)
Start importing Assets/HQP STUDIOS/Rocks and Terrains Pack - Low Poly/Prefabs/Rocks/Tiles/Snow Tiles/Tile_Snow_Rock_23.prefab using Guid(d60bea661effb6d418abe81ce0dace89) Importer(2089858483,0ecaa5967403d082aa24f35e1b516d23) (ScriptedImporter) -> (artifact id: '7efafbfac491bb44c7dd9c5c7a6b8a65') in 0.0177687 seconds
Number of updated asset objects reloaded before import = 0Number of asset objects unloaded after import = 9

========================================================================
Received Import Request.
  Time since last request: 0.000016 seconds.
  path: Assets/HQP STUDIOS/Rocks and Terrains Pack - Low Poly/Models/Rocks/Sharp Rocks/Sharp Rocks/Sharp_Rock_2.fbx
  artifactKey: Guid(650dbe4d83327b346afdf9c7598a3da8) Importer(2089858483,0ecaa5967403d082aa24f35e1b516d23)
Start importing Assets/HQP STUDIOS/Rocks and Terrains Pack - Low Poly/Models/Rocks/Sharp Rocks/Sharp Rocks/Sharp_Rock_2.fbx using Guid(650dbe4d83327b346afdf9c7598a3da8) Importer(2089858483,0ecaa5967403d082aa24f35e1b516d23) (ScriptedImporter) -> (artifact id: '3e300099519de1902c840c1301ed1828') in 0.0150795 seconds
Number of updated asset objects reloaded before import = 0Number of asset objects unloaded after import = 9

========================================================================
Received Import Request.
  Time since last request: 0.000018 seconds.
  path: Assets/HQP STUDIOS/Rocks and Terrains Pack - Low Poly/Models/Rocks/Flat Rocks/Snow Flat Rocks/Flat_Snow_Rock_26.fbx
  artifactKey: Guid(bf8d646c4e59071418408959d7adb805) Importer(2089858483,0ecaa5967403d082aa24f35e1b516d23)
Start importing Assets/HQP STUDIOS/Rocks and Terrains Pack - Low Poly/Models/Rocks/Flat Rocks/Snow Flat Rocks/Flat_Snow_Rock_26.fbx using Guid(bf8d646c4e59071418408959d7adb805) Importer(2089858483,0ecaa5967403d082aa24f35e1b516d23) (ScriptedImporter) -> (artifact id: 'e6797e3e07eb8981d1a2136831841aed') in 0.0150995 seconds
Number of updated asset objects reloaded before import = 0Number of asset objects unloaded after import = 9

========================================================================
Received Import Request.
  Time since last request: 0.000016 seconds.
  path: Assets/HQP STUDIOS/Rocks and Terrains Pack - Low Poly/Models/Rocks/Flat Rocks/Snow Flat Rocks/Flat_Snow_Rock_22.fbx
  artifactKey: Guid(ded477b13ca7d2b46a8dede3203d89c4) Importer(2089858483,0ecaa5967403d082aa24f35e1b516d23)
Start importing Assets/HQP STUDIOS/Rocks and Terrains Pack - Low Poly/Models/Rocks/Flat Rocks/Snow Flat Rocks/Flat_Snow_Rock_22.fbx using Guid(ded477b13ca7d2b46a8dede3203d89c4) Importer(2089858483,0ecaa5967403d082aa24f35e1b516d23) (ScriptedImporter) -> (artifact id: '31b7732e945d457700edef74aa19e624') in 0.0170171 seconds
Number of updated asset objects reloaded before import = 0Number of asset objects unloaded after import = 9

========================================================================
Received Import Request.
  Time since last request: 0.000026 seconds.
  path: Assets/TextMesh Pro/Resources/Sprite Assets/EmojiOne.asset
  artifactKey: Guid(c41005c129ba4d66911b75229fd70b45) Importer(2089858483,0ecaa5967403d082aa24f35e1b516d23)
Start importing Assets/TextMesh Pro/Resources/Sprite Assets/EmojiOne.asset using Guid(c41005c129ba4d66911b75229fd70b45) Importer(2089858483,0ecaa5967403d082aa24f35e1b516d23) (ScriptedImporter) -> (artifact id: 'ab649ff57a11ec1aa7e829742ae7282b') in 0.0120772 seconds
Number of updated asset objects reloaded before import = 0Number of asset objects unloaded after import = 3

========================================================================
Received Import Request.
  Time since last request: 0.000017 seconds.
  path: Assets/HQP STUDIOS/Rocks and Terrains Pack - Low Poly/Models/Rocks/Block Rocks/Moss Block Rocks/Block_Moss_Rock_34.fbx
  artifactKey: Guid(9c873eacba9304143b9ad70dbc4d82cc) Importer(2089858483,0ecaa5967403d082aa24f35e1b516d23)
Start importing Assets/HQP STUDIOS/Rocks and Terrains Pack - Low Poly/Models/Rocks/Block Rocks/Moss Block Rocks/Block_Moss_Rock_34.fbx using Guid(9c873eacba9304143b9ad70dbc4d82cc) Importer(2089858483,0ecaa5967403d082aa24f35e1b516d23) (ScriptedImporter) -> (artifact id: '3cdc75850f0c3362b612fd5291f0fc10') in 0.0151026 seconds
Number of updated asset objects reloaded before import = 0Number of asset objects unloaded after import = 9

========================================================================
Received Import Request.
  Time since last request: 0.000017 seconds.
  path: Assets/HQP STUDIOS/Rocks and Terrains Pack - Low Poly/Prefabs/Rocks/Square Rocks/Square Rocks/Square_Rock_6.prefab
  artifactKey: Guid(cb5f541f3051f634588c090434c63ea7) Importer(2089858483,0ecaa5967403d082aa24f35e1b516d23)
Start importing Assets/HQP STUDIOS/Rocks and Terrains Pack - Low Poly/Prefabs/Rocks/Square Rocks/Square Rocks/Square_Rock_6.prefab using Guid(cb5f541f3051f634588c090434c63ea7) Importer(2089858483,0ecaa5967403d082aa24f35e1b516d23) (ScriptedImporter) -> (artifact id: '81577a980ca5ad69f2b0dd5780b245b4') in 0.0202024 seconds
Number of updated asset objects reloaded before import = 0Number of asset objects unloaded after import = 9

========================================================================
Received Import Request.
  Time since last request: 0.000017 seconds.
  path: Assets/DefaceGames/Fantasy Map Assets Pack Lite/Assets/trees-black/tree1 solid.png
  artifactKey: Guid(dbbf4d9628db2644eacfca26a5e608db) Importer(2089858483,0ecaa5967403d082aa24f35e1b516d23)
Start importing Assets/DefaceGames/Fantasy Map Assets Pack Lite/Assets/trees-black/tree1 solid.png using Guid(dbbf4d9628db2644eacfca26a5e608db) Importer(2089858483,0ecaa5967403d082aa24f35e1b516d23) (ScriptedImporter) -> (artifact id: 'b061f1aef52b036335817aa8b71293a8') in 0.022844 seconds
Number of updated asset objects reloaded before import = 0Number of asset objects unloaded after import = 3

========================================================================
Received Import Request.
  Time since last request: 0.000015 seconds.
  path: Assets/HQP STUDIOS/Rocks and Terrains Pack - Low Poly/Models/Rocks/Square Rocks/Moss Square Rocks/Square_Moss_Rock_28.fbx
  artifactKey: Guid(a3543f6f8b0e6b942b4eddc13d64dc42) Importer(2089858483,0ecaa5967403d082aa24f35e1b516d23)
Start importing Assets/HQP STUDIOS/Rocks and Terrains Pack - Low Poly/Models/Rocks/Square Rocks/Moss Square Rocks/Square_Moss_Rock_28.fbx using Guid(a3543f6f8b0e6b942b4eddc13d64dc42) Importer(2089858483,0ecaa5967403d082aa24f35e1b516d23) (ScriptedImporter) -> (artifact id: '7c0a1ff8b880a08cb23333d409ba4e0f') in 0.0153578 seconds
Number of updated asset objects reloaded before import = 0Number of asset objects unloaded after import = 9

========================================================================
Received Import Request.
  Time since last request: 0.000016 seconds.
  path: Assets/HQP STUDIOS/Rocks and Terrains Pack - Low Poly/Prefabs/Rocks/Stonehenge Rocks/Snow_Stonehenges/Stonehenge_Snow_Rock_5.prefab
  artifactKey: Guid(22ee113b51f5ff2418fb8dc6f8321420) Importer(2089858483,0ecaa5967403d082aa24f35e1b516d23)
Start importing Assets/HQP STUDIOS/Rocks and Terrains Pack - Low Poly/Prefabs/Rocks/Stonehenge Rocks/Snow_Stonehenges/Stonehenge_Snow_Rock_5.prefab using Guid(22ee113b51f5ff2418fb8dc6f8321420) Importer(2089858483,0ecaa5967403d082aa24f35e1b516d23) (ScriptedImporter) -> (artifact id: '7c3089550e14ae1023e04738488e6427') in 0.0186468 seconds
Number of updated asset objects reloaded before import = 0Number of asset objects unloaded after import = 9

========================================================================
Received Import Request.
  Time since last request: 0.000018 seconds.
  path: Assets/HQP STUDIOS/Rocks and Terrains Pack - Low Poly/Models/Rocks/Square Rocks/Moss Square Rocks/Square_Moss_Rock_12.fbx
  artifactKey: Guid(53eac6314dbcf324f87286b3d4d20489) Importer(2089858483,0ecaa5967403d082aa24f35e1b516d23)
Start importing Assets/HQP STUDIOS/Rocks and Terrains Pack - Low Poly/Models/Rocks/Square Rocks/Moss Square Rocks/Square_Moss_Rock_12.fbx using Guid(53eac6314dbcf324f87286b3d4d20489) Importer(2089858483,0ecaa5967403d082aa24f35e1b516d23) (ScriptedImporter) -> (artifact id: '8d6bc71e4a782722d53fd26907709d82') in 0.0147789 seconds
Number of updated asset objects reloaded before import = 0Number of asset objects unloaded after import = 9

========================================================================
Received Import Request.
  Time since last request: 0.000013 seconds.
  path: Assets/HQP STUDIOS/Rocks and Terrains Pack - Low Poly/Prefabs/Terrains/Mountains/NoLOD/Mountain_L_17.prefab
  artifactKey: Guid(96e734748f98fe04a8429e02a4c5b086) Importer(2089858483,0ecaa5967403d082aa24f35e1b516d23)
Start importing Assets/HQP STUDIOS/Rocks and Terrains Pack - Low Poly/Prefabs/Terrains/Mountains/NoLOD/Mountain_L_17.prefab using Guid(96e734748f98fe04a8429e02a4c5b086) Importer(2089858483,0ecaa5967403d082aa24f35e1b516d23) (ScriptedImporter) -> (artifact id: 'edfb47b89c9e337266dd831636923fce') in 0.0154877 seconds
Number of updated asset objects reloaded before import = 0Number of asset objects unloaded after import = 8

========================================================================
Received Import Request.
  Time since last request: 0.000023 seconds.
  path: Assets/HQP STUDIOS/Rocks and Terrains Pack - Low Poly/Prefabs/Terrains/Mountains/LOD/Mountain_L_14_LOD.prefab
  artifactKey: Guid(0b63007f8a140054fb729ade6f3ef597) Importer(2089858483,0ecaa5967403d082aa24f35e1b516d23)
Start importing Assets/HQP STUDIOS/Rocks and Terrains Pack - Low Poly/Prefabs/Terrains/Mountains/LOD/Mountain_L_14_LOD.prefab using Guid(0b63007f8a140054fb729ade6f3ef597) Importer(2089858483,0ecaa5967403d082aa24f35e1b516d23) (ScriptedImporter) -> (artifact id: '25d0bc357971f822e89b668ceb745555') in 0.0157259 seconds
Number of updated asset objects reloaded before import = 0Number of asset objects unloaded after import = 20

========================================================================
Received Import Request.
  Time since last request: 0.000013 seconds.
  path: Assets/HQP STUDIOS/Rocks and Terrains Pack - Low Poly/Prefabs/Terrains/Terrains/Small Terrains/Small_Terrain_5.prefab
  artifactKey: Guid(2f1445aea52d52e4fa6d3a7609bdf6b4) Importer(2089858483,0ecaa5967403d082aa24f35e1b516d23)
Start importing Assets/HQP STUDIOS/Rocks and Terrains Pack - Low Poly/Prefabs/Terrains/Terrains/Small Terrains/Small_Terrain_5.prefab using Guid(2f1445aea52d52e4fa6d3a7609bdf6b4) Importer(2089858483,0ecaa5967403d082aa24f35e1b516d23) (ScriptedImporter) -> (artifact id: 'c4a75ea969f7b46e88d87a1dcc91516d') in 0.0167704 seconds
Number of updated asset objects reloaded before import = 0Number of asset objects unloaded after import = 8

========================================================================
Received Import Request.
  Time since last request: 0.000017 seconds.
  path: Assets/HQP STUDIOS/Rocks and Terrains Pack - Low Poly/Prefabs/Rocks/Tiles/Tiles/Tile_Rock_7.prefab
  artifactKey: Guid(d7fb49594a72822469838c391bd8b2de) Importer(2089858483,0ecaa5967403d082aa24f35e1b516d23)
Start importing Assets/HQP STUDIOS/Rocks and Terrains Pack - Low Poly/Prefabs/Rocks/Tiles/Tiles/Tile_Rock_7.prefab using Guid(d7fb49594a72822469838c391bd8b2de) Importer(2089858483,0ecaa5967403d082aa24f35e1b516d23) (ScriptedImporter) -> (artifact id: '62f5e22655d1df2f41305f2ba44492e9') in 0.0184841 seconds
Number of updated asset objects reloaded before import = 0Number of asset objects unloaded after import = 9

========================================================================
Received Import Request.
  Time since last request: 0.000015 seconds.
  path: Assets/HQP STUDIOS/Rocks and Terrains Pack - Low Poly/Prefabs/Terrains/Mountains/NoLOD/Mountain_L_04.prefab
  artifactKey: Guid(917f809b2f7dcf54b87c38111c7fb123) Importer(2089858483,0ecaa5967403d082aa24f35e1b516d23)
Start importing Assets/HQP STUDIOS/Rocks and Terrains Pack - Low Poly/Prefabs/Terrains/Mountains/NoLOD/Mountain_L_04.prefab using Guid(917f809b2f7dcf54b87c38111c7fb123) Importer(2089858483,0ecaa5967403d082aa24f35e1b516d23) (ScriptedImporter) -> (artifact id: '73404c3f497aa28b0c5482e612be75f0') in 0.0103698 seconds
Number of updated asset objects reloaded before import = 0Number of asset objects unloaded after import = 8

========================================================================
Received Import Request.
  Time since last request: 0.000016 seconds.
  path: Assets/HQP STUDIOS/Rocks and Terrains Pack - Low Poly/Prefabs/Terrains/Mountains/NoLOD/Mountain_L_15.prefab
  artifactKey: Guid(a794261a91c996a478d20bcb24a2c307) Importer(2089858483,0ecaa5967403d082aa24f35e1b516d23)
Start importing Assets/HQP STUDIOS/Rocks and Terrains Pack - Low Poly/Prefabs/Terrains/Mountains/NoLOD/Mountain_L_15.prefab using Guid(a794261a91c996a478d20bcb24a2c307) Importer(2089858483,0ecaa5967403d082aa24f35e1b516d23) (ScriptedImporter) -> (artifact id: '51ac9cc38b3e5206b8d0ab4892c16fc7') in 0.0101017 seconds
Number of updated asset objects reloaded before import = 0Number of asset objects unloaded after import = 8

========================================================================
Received Import Request.
  Time since last request: 0.000013 seconds.
  path: Assets/HQP STUDIOS/Rocks and Terrains Pack - Low Poly/Prefabs/Terrains/Mountains/NoLOD/Mountain_L_10.prefab
  artifactKey: Guid(b36d2f5b9e3eb404d88c8922bb171d1a) Importer(2089858483,0ecaa5967403d082aa24f35e1b516d23)
Start importing Assets/HQP STUDIOS/Rocks and Terrains Pack - Low Poly/Prefabs/Terrains/Mountains/NoLOD/Mountain_L_10.prefab using Guid(b36d2f5b9e3eb404d88c8922bb171d1a) Importer(2089858483,0ecaa5967403d082aa24f35e1b516d23) (ScriptedImporter) -> (artifact id: '19decde160c1a9a5e907dee5152b4b29') in 0.0175211 seconds
Number of updated asset objects reloaded before import = 0Number of asset objects unloaded after import = 8

========================================================================
Received Import Request.
  Time since last request: 0.000015 seconds.
  path: Assets/HQP STUDIOS/Rocks and Terrains Pack - Low Poly/Prefabs/Terrains/Mountains/NoLOD/Mountain_L_01.prefab
  artifactKey: Guid(286276fccd5d1854f91f836141a65056) Importer(2089858483,0ecaa5967403d082aa24f35e1b516d23)
Start importing Assets/HQP STUDIOS/Rocks and Terrains Pack - Low Poly/Prefabs/Terrains/Mountains/NoLOD/Mountain_L_01.prefab using Guid(286276fccd5d1854f91f836141a65056) Importer(2089858483,0ecaa5967403d082aa24f35e1b516d23) (ScriptedImporter) -> (artifact id: 'c90e257644f9375b060e3ec325f9c6f0') in 0.0179904 seconds
Number of updated asset objects reloaded before import = 0Number of asset objects unloaded after import = 8

========================================================================
Received Import Request.
  Time since last request: 0.000013 seconds.
  path: Assets/HQP STUDIOS/Rocks and Terrains Pack - Low Poly/Prefabs/Terrains/Mountains/NoLOD/Mountain_L_13.prefab
  artifactKey: Guid(e534983684c02874286b66d70faa3dfa) Importer(2089858483,0ecaa5967403d082aa24f35e1b516d23)
Start importing Assets/HQP STUDIOS/Rocks and Terrains Pack - Low Poly/Prefabs/Terrains/Mountains/NoLOD/Mountain_L_13.prefab using Guid(e534983684c02874286b66d70faa3dfa) Importer(2089858483,0ecaa5967403d082aa24f35e1b516d23) (ScriptedImporter) -> (artifact id: '9d5290a96c5790b586eb5b988bfb481e') in 0.0187272 seconds
Number of updated asset objects reloaded before import = 0Number of asset objects unloaded after import = 8

========================================================================
Received Import Request.
  Time since last request: 0.000016 seconds.
  path: Assets/HQP STUDIOS/Rocks and Terrains Pack - Low Poly/Prefabs/Rocks/Tiles/Tiles/Tile_Rock_5.prefab
  artifactKey: Guid(0059a475536a8f24d865652a0f7bbc37) Importer(2089858483,0ecaa5967403d082aa24f35e1b516d23)
Start importing Assets/HQP STUDIOS/Rocks and Terrains Pack - Low Poly/Prefabs/Rocks/Tiles/Tiles/Tile_Rock_5.prefab using Guid(0059a475536a8f24d865652a0f7bbc37) Importer(2089858483,0ecaa5967403d082aa24f35e1b516d23) (ScriptedImporter) -> (artifact id: 'ffc99c3d8d7cd8fb9c4d713842502e94') in 0.0169635 seconds
Number of updated asset objects reloaded before import = 0Number of asset objects unloaded after import = 9

========================================================================
Received Import Request.
  Time since last request: 0.000014 seconds.
  path: Assets/HQP STUDIOS/Rocks and Terrains Pack - Low Poly/Prefabs/Rocks/Tiles/Tiles/Tile_Rock_4.prefab
  artifactKey: Guid(cb38827f5adf80148a734e127895c6a9) Importer(2089858483,0ecaa5967403d082aa24f35e1b516d23)
Start importing Assets/HQP STUDIOS/Rocks and Terrains Pack - Low Poly/Prefabs/Rocks/Tiles/Tiles/Tile_Rock_4.prefab using Guid(cb38827f5adf80148a734e127895c6a9) Importer(2089858483,0ecaa5967403d082aa24f35e1b516d23) (ScriptedImporter) -> (artifact id: '7bb8d8f881fe722f38690602247aa776') in 0.0188957 seconds
Number of updated asset objects reloaded before import = 0Number of asset objects unloaded after import = 9

========================================================================
Received Import Request.
  Time since last request: 0.000018 seconds.
  path: Assets/HQP STUDIOS/Rocks and Terrains Pack - Low Poly/Prefabs/Terrains/Terrains/Small Terrains/Small_Terrain_1.prefab
  artifactKey: Guid(83dfcf38e31e6bb4ab8fe785a4487b99) Importer(2089858483,0ecaa5967403d082aa24f35e1b516d23)
Start importing Assets/HQP STUDIOS/Rocks and Terrains Pack - Low Poly/Prefabs/Terrains/Terrains/Small Terrains/Small_Terrain_1.prefab using Guid(83dfcf38e31e6bb4ab8fe785a4487b99) Importer(2089858483,0ecaa5967403d082aa24f35e1b516d23) (ScriptedImporter) -> (artifact id: '170109349edfd95a4f588c2f33625772') in 0.0186758 seconds
Number of updated asset objects reloaded before import = 0Number of asset objects unloaded after import = 8

========================================================================
Received Import Request.
  Time since last request: 0.000016 seconds.
  path: Assets/HQP STUDIOS/Rocks and Terrains Pack - Low Poly/Prefabs/Terrains/Mountains/NoLOD/Mountain_L_05.prefab
  artifactKey: Guid(559abf8b899ad89448910a63c0ab9200) Importer(2089858483,0ecaa5967403d082aa24f35e1b516d23)
Start importing Assets/HQP STUDIOS/Rocks and Terrains Pack - Low Poly/Prefabs/Terrains/Mountains/NoLOD/Mountain_L_05.prefab using Guid(559abf8b899ad89448910a63c0ab9200) Importer(2089858483,0ecaa5967403d082aa24f35e1b516d23) (ScriptedImporter) -> (artifact id: '42e806f34bc68448fdd47e01cbdbe93f') in 0.0187339 seconds
Number of updated asset objects reloaded before import = 0Number of asset objects unloaded after import = 8

========================================================================
Received Import Request.
  Time since last request: 0.000018 seconds.
  path: Assets/HQP STUDIOS/Rocks and Terrains Pack - Low Poly/Prefabs/Terrains/Mountains/LOD/Mountain_L_16_LOD.prefab
  artifactKey: Guid(ece985f20cfbf374bbd3f2707fc37f00) Importer(2089858483,0ecaa5967403d082aa24f35e1b516d23)
Start importing Assets/HQP STUDIOS/Rocks and Terrains Pack - Low Poly/Prefabs/Terrains/Mountains/LOD/Mountain_L_16_LOD.prefab using Guid(ece985f20cfbf374bbd3f2707fc37f00) Importer(2089858483,0ecaa5967403d082aa24f35e1b516d23) (ScriptedImporter) -> (artifact id: '544ec621d64f412500486a9d832d3e27') in 0.0162572 seconds
Number of updated asset objects reloaded before import = 0Number of asset objects unloaded after import = 20

========================================================================
Received Import Request.
  Time since last request: 0.000023 seconds.
  path: Assets/HQP STUDIOS/Rocks and Terrains Pack - Low Poly/Prefabs/Terrains/Mountains/NoLOD/Mountain_L_09.prefab
  artifactKey: Guid(19325700d711b2b4a8be63a3678159b6) Importer(2089858483,0ecaa5967403d082aa24f35e1b516d23)
Start importing Assets/HQP STUDIOS/Rocks and Terrains Pack - Low Poly/Prefabs/Terrains/Mountains/NoLOD/Mountain_L_09.prefab using Guid(19325700d711b2b4a8be63a3678159b6) Importer(2089858483,0ecaa5967403d082aa24f35e1b516d23) (ScriptedImporter) -> (artifact id: 'c3d323c50af3e09da8b86d841ca9712d') in 0.0178416 seconds
Number of updated asset objects reloaded before import = 0Number of asset objects unloaded after import = 8

========================================================================
Received Import Request.
  Time since last request: 0.000041 seconds.
  path: Assets/HQP STUDIOS/Rocks and Terrains Pack - Low Poly/Models/Rocks/Square Rocks/Square Rocks/Square_Rock_11.fbx
  artifactKey: Guid(2073376870eda224bafc98135111bb75) Importer(2089858483,0ecaa5967403d082aa24f35e1b516d23)
Start importing Assets/HQP STUDIOS/Rocks and Terrains Pack - Low Poly/Models/Rocks/Square Rocks/Square Rocks/Square_Rock_11.fbx using Guid(2073376870eda224bafc98135111bb75) Importer(2089858483,0ecaa5967403d082aa24f35e1b516d23) (ScriptedImporter) -> (artifact id: '77b974edf04a34bb26c7005b6af11220') in 0.0143655 seconds
Number of updated asset objects reloaded before import = 0Number of asset objects unloaded after import = 9

========================================================================
Received Import Request.
  Time since last request: 0.000017 seconds.
  path: Assets/HQP STUDIOS/Rocks and Terrains Pack - Low Poly/Prefabs/Rocks/Tiles/Moss Tiles/Tile_Moss_Rock_15.prefab
  artifactKey: Guid(f38b40a6b1a50b94d929daac4ab4cb27) Importer(2089858483,0ecaa5967403d082aa24f35e1b516d23)
Start importing Assets/HQP STUDIOS/Rocks and Terrains Pack - Low Poly/Prefabs/Rocks/Tiles/Moss Tiles/Tile_Moss_Rock_15.prefab using Guid(f38b40a6b1a50b94d929daac4ab4cb27) Importer(2089858483,0ecaa5967403d082aa24f35e1b516d23) (ScriptedImporter) -> (artifact id: 'e4f721e6812f9f61d24cc164354407ad') in 0.0177102 seconds
Number of updated asset objects reloaded before import = 0Number of asset objects unloaded after import = 9

========================================================================
Received Import Request.
  Time since last request: 0.000015 seconds.
  path: Assets/HQP STUDIOS/Rocks and Terrains Pack - Low Poly/Models/Rocks/Block Rocks/Snow Block Rocks/Block_Snow_Rock_16.fbx
  artifactKey: Guid(dd0d971a62152b440b194f2da037d7f4) Importer(2089858483,0ecaa5967403d082aa24f35e1b516d23)
Start importing Assets/HQP STUDIOS/Rocks and Terrains Pack - Low Poly/Models/Rocks/Block Rocks/Snow Block Rocks/Block_Snow_Rock_16.fbx using Guid(dd0d971a62152b440b194f2da037d7f4) Importer(2089858483,0ecaa5967403d082aa24f35e1b516d23) (ScriptedImporter) -> (artifact id: 'f6fc378cfd791b7dcfeb8faa4f3f25df') in 0.0158793 seconds
Number of updated asset objects reloaded before import = 0Number of asset objects unloaded after import = 9

========================================================================
Received Import Request.
  Time since last request: 0.000015 seconds.
  path: Assets/HQP STUDIOS/Rocks and Terrains Pack - Low Poly/Models/Rocks/Block Rocks/Moss Block Rocks/Block_Moss_Rock_5.fbx
  artifactKey: Guid(cdb980c7ab7f61747b9402d7e492c66d) Importer(2089858483,0ecaa5967403d082aa24f35e1b516d23)
Start importing Assets/HQP STUDIOS/Rocks and Terrains Pack - Low Poly/Models/Rocks/Block Rocks/Moss Block Rocks/Block_Moss_Rock_5.fbx using Guid(cdb980c7ab7f61747b9402d7e492c66d) Importer(2089858483,0ecaa5967403d082aa24f35e1b516d23) (ScriptedImporter) -> (artifact id: 'b8c47bc95d4f20881268b3a229e8d979') in 0.0147609 seconds
Number of updated asset objects reloaded before import = 0Number of asset objects unloaded after import = 9

========================================================================
Received Import Request.
  Time since last request: 0.000016 seconds.
  path: Assets/HQP STUDIOS/Rocks and Terrains Pack - Low Poly/Models/Rocks/Tiles/Moss Tiles/Tile_Moss_Rock_20.fbx
  artifactKey: Guid(0772dda958db3aa49bb7b8e31d090a1f) Importer(2089858483,0ecaa5967403d082aa24f35e1b516d23)
Start importing Assets/HQP STUDIOS/Rocks and Terrains Pack - Low Poly/Models/Rocks/Tiles/Moss Tiles/Tile_Moss_Rock_20.fbx using Guid(0772dda958db3aa49bb7b8e31d090a1f) Importer(2089858483,0ecaa5967403d082aa24f35e1b516d23) (ScriptedImporter) -> (artifact id: '8e3fa669bcf42425e1dc0fd75b20353e') in 0.0170806 seconds
Number of updated asset objects reloaded before import = 0Number of asset objects unloaded after import = 9

========================================================================
Received Import Request.
  Time since last request: 0.000015 seconds.
  path: Assets/HQP STUDIOS/Rocks and Terrains Pack - Low Poly/Models/Rocks/Sharp Rocks/Moss Sharp Rocks/Sharp_Moss_Rock_4.fbx
  artifactKey: Guid(da7c25f2165853d46acc055da58b9c54) Importer(2089858483,0ecaa5967403d082aa24f35e1b516d23)
Start importing Assets/HQP STUDIOS/Rocks and Terrains Pack - Low Poly/Models/Rocks/Sharp Rocks/Moss Sharp Rocks/Sharp_Moss_Rock_4.fbx using Guid(da7c25f2165853d46acc055da58b9c54) Importer(2089858483,0ecaa5967403d082aa24f35e1b516d23) (ScriptedImporter) -> (artifact id: 'aab9ab8dfd93345f81d5876190e2207e') in 0.0152889 seconds
Number of updated asset objects reloaded before import = 0Number of asset objects unloaded after import = 9

========================================================================
Received Import Request.
  Time since last request: 0.000017 seconds.
  path: Assets/HQP STUDIOS/Rocks and Terrains Pack - Low Poly/Models/Rocks/Flat Rocks/Moss Flat Rocks/Flat_Moss_Rock_23.fbx
  artifactKey: Guid(8d181c5eb4eb802418ffbc3f8dd82e6c) Importer(2089858483,0ecaa5967403d082aa24f35e1b516d23)
Start importing Assets/HQP STUDIOS/Rocks and Terrains Pack - Low Poly/Models/Rocks/Flat Rocks/Moss Flat Rocks/Flat_Moss_Rock_23.fbx using Guid(8d181c5eb4eb802418ffbc3f8dd82e6c) Importer(2089858483,0ecaa5967403d082aa24f35e1b516d23) (ScriptedImporter) -> (artifact id: 'eecdebda7f0dc96a3049b1ab7b498366') in 0.0162761 seconds
Number of updated asset objects reloaded before import = 0Number of asset objects unloaded after import = 9

========================================================================
Received Import Request.
  Time since last request: 0.000020 seconds.
  path: Assets/HQP STUDIOS/Rocks and Terrains Pack - Low Poly/Prefabs/Rocks/Tiles/Moss Tiles/Tile_Moss_Rock_23.prefab
  artifactKey: Guid(73c6c86909986b34998dfe71d728a3ca) Importer(2089858483,0ecaa5967403d082aa24f35e1b516d23)
Start importing Assets/HQP STUDIOS/Rocks and Terrains Pack - Low Poly/Prefabs/Rocks/Tiles/Moss Tiles/Tile_Moss_Rock_23.prefab using Guid(73c6c86909986b34998dfe71d728a3ca) Importer(2089858483,0ecaa5967403d082aa24f35e1b516d23) (ScriptedImporter) -> (artifact id: '0277321ce4d6575e7d9a39d54ad38703') in 0.0163798 seconds
Number of updated asset objects reloaded before import = 0Number of asset objects unloaded after import = 9

========================================================================
Received Import Request.
  Time since last request: 0.000014 seconds.
  path: Assets/HQP STUDIOS/Rocks and Terrains Pack - Low Poly/Models/Rocks/Flat Rocks/Flat Rocks/Flat_Rock_8.fbx
  artifactKey: Guid(971dab34a4121414dacefde486d4dfdd) Importer(2089858483,0ecaa5967403d082aa24f35e1b516d23)
Start importing Assets/HQP STUDIOS/Rocks and Terrains Pack - Low Poly/Models/Rocks/Flat Rocks/Flat Rocks/Flat_Rock_8.fbx using Guid(971dab34a4121414dacefde486d4dfdd) Importer(2089858483,0ecaa5967403d082aa24f35e1b516d23) (ScriptedImporter) -> (artifact id: '63887fda52f74682c086497a1c9d2ad1') in 0.0143317 seconds
Number of updated asset objects reloaded before import = 0Number of asset objects unloaded after import = 9

========================================================================
Received Import Request.
  Time since last request: 0.000016 seconds.
  path: Assets/HQP STUDIOS/Rocks and Terrains Pack - Low Poly/Models/Rocks/Square Rocks/Moss Square Rocks/Square_Moss_Rock_32.fbx
  artifactKey: Guid(4b3a93f438166694793cd04233c9dbf3) Importer(2089858483,0ecaa5967403d082aa24f35e1b516d23)
Start importing Assets/HQP STUDIOS/Rocks and Terrains Pack - Low Poly/Models/Rocks/Square Rocks/Moss Square Rocks/Square_Moss_Rock_32.fbx using Guid(4b3a93f438166694793cd04233c9dbf3) Importer(2089858483,0ecaa5967403d082aa24f35e1b516d23) (ScriptedImporter) -> (artifact id: '658b174679bcc4f64bd24b9937dd363d') in 0.0169717 seconds
Number of updated asset objects reloaded before import = 0Number of asset objects unloaded after import = 9

========================================================================
Received Import Request.
  Time since last request: 0.000018 seconds.
  path: Assets/HQP STUDIOS/Rocks and Terrains Pack - Low Poly/Models/Rocks/Square Rocks/Snow Square Rocks/Square_Snow_Rock_16.fbx
  artifactKey: Guid(436c771bfdf65df45a32da009751abb3) Importer(2089858483,0ecaa5967403d082aa24f35e1b516d23)
Start importing Assets/HQP STUDIOS/Rocks and Terrains Pack - Low Poly/Models/Rocks/Square Rocks/Snow Square Rocks/Square_Snow_Rock_16.fbx using Guid(436c771bfdf65df45a32da009751abb3) Importer(2089858483,0ecaa5967403d082aa24f35e1b516d23) (ScriptedImporter) -> (artifact id: '92484583bc7909b6fa1d590347e52a86') in 0.0137418 seconds
Number of updated asset objects reloaded before import = 0Number of asset objects unloaded after import = 9

========================================================================
Received Import Request.
  Time since last request: 0.000016 seconds.
  path: Assets/TextMesh Pro/Examples & Extras/Resources/Fonts & Materials/Roboto-Bold SDF - Drop Shadow.mat
  artifactKey: Guid(b246c4190f4e46ec9352fe15a7b09ce0) Importer(2089858483,0ecaa5967403d082aa24f35e1b516d23)
Start importing Assets/TextMesh Pro/Examples & Extras/Resources/Fonts & Materials/Roboto-Bold SDF - Drop Shadow.mat using Guid(b246c4190f4e46ec9352fe15a7b09ce0) Importer(2089858483,0ecaa5967403d082aa24f35e1b516d23) (ScriptedImporter) -> (artifact id: '4c87215466c82c10358c58227049de02') in 0.010273 seconds
Number of updated asset objects reloaded before import = 0Number of asset objects unloaded after import = 2

========================================================================
Received Import Request.
  Time since last request: 0.000016 seconds.
  path: Assets/DefaceGames/Fantasy Map Assets Pack Lite/Assets/waves-black/waves 2.png
  artifactKey: Guid(f26c63fe938ed324891afc90152d78b5) Importer(2089858483,0ecaa5967403d082aa24f35e1b516d23)
Start importing Assets/DefaceGames/Fantasy Map Assets Pack Lite/Assets/waves-black/waves 2.png using Guid(f26c63fe938ed324891afc90152d78b5) Importer(2089858483,0ecaa5967403d082aa24f35e1b516d23) (ScriptedImporter) -> (artifact id: 'c7bd98c74115f9cc6536b2fd698640b6') in 0.0245762 seconds
Number of updated asset objects reloaded before import = 0Number of asset objects unloaded after import = 3

========================================================================
Received Import Request.
  Time since last request: 0.000016 seconds.
  path: Assets/HQP STUDIOS/Rocks and Terrains Pack - Low Poly/Prefabs/Rocks/Tiles/Snow Tiles/Tile_Snow_Rock_17.prefab
  artifactKey: Guid(800ba2e975ea0f2489e6c7feebabd2a6) Importer(2089858483,0ecaa5967403d082aa24f35e1b516d23)
Start importing Assets/HQP STUDIOS/Rocks and Terrains Pack - Low Poly/Prefabs/Rocks/Tiles/Snow Tiles/Tile_Snow_Rock_17.prefab using Guid(800ba2e975ea0f2489e6c7feebabd2a6) Importer(2089858483,0ecaa5967403d082aa24f35e1b516d23) (ScriptedImporter) -> (artifact id: '07b39565cf73d600a1bebd602e6379a2') in 0.019392 seconds
Number of updated asset objects reloaded before import = 0Number of asset objects unloaded after import = 9

========================================================================
Received Import Request.
  Time since last request: 0.000037 seconds.
  path: Assets/HQP STUDIOS/Rocks and Terrains Pack - Low Poly/Prefabs/Rocks/Tiles/Snow Tiles/Tile_Snow_Rock_13.prefab
  artifactKey: Guid(9c1e2138cde40d1439447c763c124e6e) Importer(2089858483,0ecaa5967403d082aa24f35e1b516d23)
Start importing Assets/HQP STUDIOS/Rocks and Terrains Pack - Low Poly/Prefabs/Rocks/Tiles/Snow Tiles/Tile_Snow_Rock_13.prefab using Guid(9c1e2138cde40d1439447c763c124e6e) Importer(2089858483,0ecaa5967403d082aa24f35e1b516d23) (ScriptedImporter) -> (artifact id: '6888b369dd855047a1fb95e49bbea760') in 0.0155118 seconds
Number of updated asset objects reloaded before import = 0Number of asset objects unloaded after import = 9

========================================================================
Received Import Request.
  Time since last request: 0.000015 seconds.
  path: Assets/HQP STUDIOS/Rocks and Terrains Pack - Low Poly/Prefabs/Terrains/Terrains/Terrains/Terrain_2.prefab
  artifactKey: Guid(c8c0cb1357da0e7409f6b46f58a79905) Importer(2089858483,0ecaa5967403d082aa24f35e1b516d23)
Start importing Assets/HQP STUDIOS/Rocks and Terrains Pack - Low Poly/Prefabs/Terrains/Terrains/Terrains/Terrain_2.prefab using Guid(c8c0cb1357da0e7409f6b46f58a79905) Importer(2089858483,0ecaa5967403d082aa24f35e1b516d23) (ScriptedImporter) -> (artifact id: '31fc8cee36a3637fb8f6f7dedcfde912') in 0.0162511 seconds
Number of updated asset objects reloaded before import = 0Number of asset objects unloaded after import = 8

========================================================================
Received Import Request.
  Time since last request: 0.000014 seconds.
  path: Assets/HQP STUDIOS/Rocks and Terrains Pack - Low Poly/Prefabs/Terrains/Mountains/NoLOD/Mountain_L_14.prefab
  artifactKey: Guid(3d99584154e79fc478391f2ad692c295) Importer(2089858483,0ecaa5967403d082aa24f35e1b516d23)
Start importing Assets/HQP STUDIOS/Rocks and Terrains Pack - Low Poly/Prefabs/Terrains/Mountains/NoLOD/Mountain_L_14.prefab using Guid(3d99584154e79fc478391f2ad692c295) Importer(2089858483,0ecaa5967403d082aa24f35e1b516d23) (ScriptedImporter) -> (artifact id: '471fe0c5543790826a6e4fdda6de72e2') in 0.0123315 seconds
Number of updated asset objects reloaded before import = 0Number of asset objects unloaded after import = 8

========================================================================
Received Import Request.
  Time since last request: 0.000014 seconds.
  path: Assets/HQP STUDIOS/Rocks and Terrains Pack - Low Poly/Prefabs/Terrains/Mountains/NoLOD/Mountain_L_06.prefab
  artifactKey: Guid(73fac32b5460b4f469fb3b639666fe6d) Importer(2089858483,0ecaa5967403d082aa24f35e1b516d23)
Start importing Assets/HQP STUDIOS/Rocks and Terrains Pack - Low Poly/Prefabs/Terrains/Mountains/NoLOD/Mountain_L_06.prefab using Guid(73fac32b5460b4f469fb3b639666fe6d) Importer(2089858483,0ecaa5967403d082aa24f35e1b516d23) (ScriptedImporter) -> (artifact id: '2735ddfa4b5802ad4ac5d8ea54f1c506') in 0.0181761 seconds
Number of updated asset objects reloaded before import = 0Number of asset objects unloaded after import = 8

========================================================================
Received Import Request.
  Time since last request: 0.000015 seconds.
  path: Assets/HQP STUDIOS/Rocks and Terrains Pack - Low Poly/Prefabs/Rocks/Tiles/Moss Tiles/Tile_Moss_Rock_25.prefab
  artifactKey: Guid(3cb16aeeedc694a4585c96d3d2135efd) Importer(2089858483,0ecaa5967403d082aa24f35e1b516d23)
Start importing Assets/HQP STUDIOS/Rocks and Terrains Pack - Low Poly/Prefabs/Rocks/Tiles/Moss Tiles/Tile_Moss_Rock_25.prefab using Guid(3cb16aeeedc694a4585c96d3d2135efd) Importer(2089858483,0ecaa5967403d082aa24f35e1b516d23) (ScriptedImporter) -> (artifact id: 'c74bcdd4f2a272fd3237c4e20acf8912') in 0.0189047 seconds
Number of updated asset objects reloaded before import = 0Number of asset objects unloaded after import = 9

========================================================================
Received Import Request.
  Time since last request: 0.000013 seconds.
  path: Assets/HQP STUDIOS/Rocks and Terrains Pack - Low Poly/Prefabs/Rocks/Stonehenge Rocks/Moss_Stonehenges/Stonehenge_Moss_Rock_5.prefab
  artifactKey: Guid(e3ea00b3cf7d6654eb438159af896d53) Importer(2089858483,0ecaa5967403d082aa24f35e1b516d23)
Start importing Assets/HQP STUDIOS/Rocks and Terrains Pack - Low Poly/Prefabs/Rocks/Stonehenge Rocks/Moss_Stonehenges/Stonehenge_Moss_Rock_5.prefab using Guid(e3ea00b3cf7d6654eb438159af896d53) Importer(2089858483,0ecaa5967403d082aa24f35e1b516d23) (ScriptedImporter) -> (artifact id: '07fd47ed255029a6f834826f6686d179') in 0.0171345 seconds
Number of updated asset objects reloaded before import = 0Number of asset objects unloaded after import = 9

========================================================================
Received Import Request.
  Time since last request: 0.000016 seconds.
  path: Assets/HQP STUDIOS/Rocks and Terrains Pack - Low Poly/Prefabs/Rocks/Stonehenge Rocks/Moss_Stonehenges/Stonehenge_Moss_Rock_1.prefab
  artifactKey: Guid(2868540ac7a1aff479b35b724a67e207) Importer(2089858483,0ecaa5967403d082aa24f35e1b516d23)
Start importing Assets/HQP STUDIOS/Rocks and Terrains Pack - Low Poly/Prefabs/Rocks/Stonehenge Rocks/Moss_Stonehenges/Stonehenge_Moss_Rock_1.prefab using Guid(2868540ac7a1aff479b35b724a67e207) Importer(2089858483,0ecaa5967403d082aa24f35e1b516d23) (ScriptedImporter) -> (artifact id: 'b7d282e5ce0e8ca5a90c3ee9a388be61') in 0.0171 seconds
Number of updated asset objects reloaded before import = 0Number of asset objects unloaded after import = 9

========================================================================
Received Import Request.
  Time since last request: 0.000016 seconds.
  path: Assets/HQP STUDIOS/Rocks and Terrains Pack - Low Poly/Prefabs/Terrains/Mountains/LOD/Mountain_L_11_LOD.prefab
  artifactKey: Guid(2f84ecaa7ed70014e89af7d3167c9b5d) Importer(2089858483,0ecaa5967403d082aa24f35e1b516d23)
Start importing Assets/HQP STUDIOS/Rocks and Terrains Pack - Low Poly/Prefabs/Terrains/Mountains/LOD/Mountain_L_11_LOD.prefab using Guid(2f84ecaa7ed70014e89af7d3167c9b5d) Importer(2089858483,0ecaa5967403d082aa24f35e1b516d23) (ScriptedImporter) -> (artifact id: 'cf4ddbda50e1b5532da38ec3a1e9af7c') in 0.0162147 seconds
Number of updated asset objects reloaded before import = 0Number of asset objects unloaded after import = 20

========================================================================
Received Import Request.
  Time since last request: 0.000013 seconds.
  path: Assets/HQP STUDIOS/Rocks and Terrains Pack - Low Poly/Prefabs/Rocks/Tiles/Snow Tiles/Tile_Snow_Rock_16.prefab
  artifactKey: Guid(084f66f058849e945842fb23e90bc492) Importer(2089858483,0ecaa5967403d082aa24f35e1b516d23)
Start importing Assets/HQP STUDIOS/Rocks and Terrains Pack - Low Poly/Prefabs/Rocks/Tiles/Snow Tiles/Tile_Snow_Rock_16.prefab using Guid(084f66f058849e945842fb23e90bc492) Importer(2089858483,0ecaa5967403d082aa24f35e1b516d23) (ScriptedImporter) -> (artifact id: '0fa27ce55ac26f9177b9a169ca96475a') in 0.017442 seconds
Number of updated asset objects reloaded before import = 0Number of asset objects unloaded after import = 9

========================================================================
Received Import Request.
  Time since last request: 0.000015 seconds.
  path: Assets/HQP STUDIOS/Rocks and Terrains Pack - Low Poly/Prefabs/Rocks/Tiles/Moss Tiles/Tile_Moss_Rock_22.prefab
  artifactKey: Guid(fb8a1ead8ba18c84eb9a106022539ad5) Importer(2089858483,0ecaa5967403d082aa24f35e1b516d23)
Start importing Assets/HQP STUDIOS/Rocks and Terrains Pack - Low Poly/Prefabs/Rocks/Tiles/Moss Tiles/Tile_Moss_Rock_22.prefab using Guid(fb8a1ead8ba18c84eb9a106022539ad5) Importer(2089858483,0ecaa5967403d082aa24f35e1b516d23) (ScriptedImporter) -> (artifact id: '3bda3d7e17b36d09a7d475b7350f4e8d') in 0.0165925 seconds
Number of updated asset objects reloaded before import = 0Number of asset objects unloaded after import = 9

========================================================================
Received Import Request.
  Time since last request: 0.000016 seconds.
  path: Assets/HQP STUDIOS/Rocks and Terrains Pack - Low Poly/Prefabs/Terrains/Mountains/LOD/Mountain_L_06_LOD.prefab
  artifactKey: Guid(a923206d89128f94e8256e11b0fd56a7) Importer(2089858483,0ecaa5967403d082aa24f35e1b516d23)
Start importing Assets/HQP STUDIOS/Rocks and Terrains Pack - Low Poly/Prefabs/Terrains/Mountains/LOD/Mountain_L_06_LOD.prefab using Guid(a923206d89128f94e8256e11b0fd56a7) Importer(2089858483,0ecaa5967403d082aa24f35e1b516d23) (ScriptedImporter) -> (artifact id: '5afdee9941af2731c4e344d62c783f92') in 0.0159457 seconds
Number of updated asset objects reloaded before import = 0Number of asset objects unloaded after import = 20

========================================================================
Received Import Request.
  Time since last request: 0.000012 seconds.
  path: Assets/HQP STUDIOS/Rocks and Terrains Pack - Low Poly/Prefabs/Terrains/Mountains/NoLOD/Mountain_L_16.prefab
  artifactKey: Guid(04d9c85980f0bf34381b7a8b4545a39f) Importer(2089858483,0ecaa5967403d082aa24f35e1b516d23)
Start importing Assets/HQP STUDIOS/Rocks and Terrains Pack - Low Poly/Prefabs/Terrains/Mountains/NoLOD/Mountain_L_16.prefab using Guid(04d9c85980f0bf34381b7a8b4545a39f) Importer(2089858483,0ecaa5967403d082aa24f35e1b516d23) (ScriptedImporter) -> (artifact id: 'f86a714e407d964dc6a6b81c21fd5083') in 0.0161252 seconds
Number of updated asset objects reloaded before import = 0Number of asset objects unloaded after import = 8

========================================================================
Received Import Request.
  Time since last request: 0.000016 seconds.
  path: Assets/HQP STUDIOS/Rocks and Terrains Pack - Low Poly/Prefabs/Rocks/Tiles/Moss Tiles/Tile_Moss_Rock_16.prefab
  artifactKey: Guid(fa76641296105864e9f4e7c008e7b8de) Importer(2089858483,0ecaa5967403d082aa24f35e1b516d23)
Start importing Assets/HQP STUDIOS/Rocks and Terrains Pack - Low Poly/Prefabs/Rocks/Tiles/Moss Tiles/Tile_Moss_Rock_16.prefab using Guid(fa76641296105864e9f4e7c008e7b8de) Importer(2089858483,0ecaa5967403d082aa24f35e1b516d23) (ScriptedImporter) -> (artifact id: '17aa1de84a5a042eb4d82ab7304d0ad9') in 0.0208829 seconds
Number of updated asset objects reloaded before import = 0Number of asset objects unloaded after import = 9

========================================================================
Received Import Request.
  Time since last request: 0.000016 seconds.
  path: Assets/HQP STUDIOS/Rocks and Terrains Pack - Low Poly/Prefabs/Rocks/Tiles/Snow Tiles/Tile_Snow_Rock_8.prefab
  artifactKey: Guid(d9fd0dbfcd599814b8a66d460c16b7be) Importer(2089858483,0ecaa5967403d082aa24f35e1b516d23)
Start importing Assets/HQP STUDIOS/Rocks and Terrains Pack - Low Poly/Prefabs/Rocks/Tiles/Snow Tiles/Tile_Snow_Rock_8.prefab using Guid(d9fd0dbfcd599814b8a66d460c16b7be) Importer(2089858483,0ecaa5967403d082aa24f35e1b516d23) (ScriptedImporter) -> (artifact id: '9e9758da0ad69e9504dfa1f052bac501') in 0.0215318 seconds
Number of updated asset objects reloaded before import = 0Number of asset objects unloaded after import = 9

========================================================================
Received Import Request.
  Time since last request: 0.000025 seconds.
  path: Assets/HQP STUDIOS/Rocks and Terrains Pack - Low Poly/Prefabs/Rocks/Tiles/Snow Tiles/Tile_Snow_Rock_29.prefab
  artifactKey: Guid(e59b6c705dfd8cd4f9c0c66d212947ee) Importer(2089858483,0ecaa5967403d082aa24f35e1b516d23)
Start importing Assets/HQP STUDIOS/Rocks and Terrains Pack - Low Poly/Prefabs/Rocks/Tiles/Snow Tiles/Tile_Snow_Rock_29.prefab using Guid(e59b6c705dfd8cd4f9c0c66d212947ee) Importer(2089858483,0ecaa5967403d082aa24f35e1b516d23) (ScriptedImporter) -> (artifact id: '0e5f9f8e5db5d8a417b0f115db05b89c') in 0.0193404 seconds
Number of updated asset objects reloaded before import = 0Number of asset objects unloaded after import = 9

========================================================================
Received Import Request.
  Time since last request: 0.000014 seconds.
  path: Assets/HQP STUDIOS/Rocks and Terrains Pack - Low Poly/Prefabs/Terrains/Terrains/Terrains/Terrain_1.prefab
  artifactKey: Guid(08b20d7de2c84ce45a1348c1da15fd8b) Importer(2089858483,0ecaa5967403d082aa24f35e1b516d23)
Start importing Assets/HQP STUDIOS/Rocks and Terrains Pack - Low Poly/Prefabs/Terrains/Terrains/Terrains/Terrain_1.prefab using Guid(08b20d7de2c84ce45a1348c1da15fd8b) Importer(2089858483,0ecaa5967403d082aa24f35e1b516d23) (ScriptedImporter) -> (artifact id: '676954f71afabecf2865b42e17db65f6') in 0.015672 seconds
Number of updated asset objects reloaded before import = 0Number of asset objects unloaded after import = 8

========================================================================
Received Import Request.
  Time since last request: 0.000014 seconds.
  path: Assets/HQP STUDIOS/Rocks and Terrains Pack - Low Poly/Prefabs/Rocks/Square Rocks/Square Rocks/Square_Rock_9.prefab
  artifactKey: Guid(21b122c8ca2e5e14c8d97db93e993563) Importer(2089858483,0ecaa5967403d082aa24f35e1b516d23)
Start importing Assets/HQP STUDIOS/Rocks and Terrains Pack - Low Poly/Prefabs/Rocks/Square Rocks/Square Rocks/Square_Rock_9.prefab using Guid(21b122c8ca2e5e14c8d97db93e993563) Importer(2089858483,0ecaa5967403d082aa24f35e1b516d23) (ScriptedImporter) -> (artifact id: 'e811116ea3c56fab9059d18db4d76727') in 0.0203116 seconds
Number of updated asset objects reloaded before import = 0Number of asset objects unloaded after import = 9

========================================================================
Received Import Request.
  Time since last request: 0.000023 seconds.
  path: Assets/HQP STUDIOS/Rocks and Terrains Pack - Low Poly/Prefabs/Rocks/Tiles/Tiles/Tile_Rock_29.prefab
  artifactKey: Guid(cf32fa7e54b34a54e86b7adcb5f3802d) Importer(2089858483,0ecaa5967403d082aa24f35e1b516d23)
Start importing Assets/HQP STUDIOS/Rocks and Terrains Pack - Low Poly/Prefabs/Rocks/Tiles/Tiles/Tile_Rock_29.prefab using Guid(cf32fa7e54b34a54e86b7adcb5f3802d) Importer(2089858483,0ecaa5967403d082aa24f35e1b516d23) (ScriptedImporter) -> (artifact id: '11c16499fda9ec976035d59b312e798c') in 0.0171597 seconds
Number of updated asset objects reloaded before import = 0Number of asset objects unloaded after import = 9

========================================================================
Received Import Request.
  Time since last request: 0.000014 seconds.
  path: Assets/HQP STUDIOS/Rocks and Terrains Pack - Low Poly/Prefabs/Rocks/Tiles/Tiles/Tile_Rock_13.prefab
  artifactKey: Guid(e03544e91f807ba47bcfa444e68acc93) Importer(2089858483,0ecaa5967403d082aa24f35e1b516d23)
Start importing Assets/HQP STUDIOS/Rocks and Terrains Pack - Low Poly/Prefabs/Rocks/Tiles/Tiles/Tile_Rock_13.prefab using Guid(e03544e91f807ba47bcfa444e68acc93) Importer(2089858483,0ecaa5967403d082aa24f35e1b516d23) (ScriptedImporter) -> (artifact id: '25ff2c7b680dc975f68e889b26a5bc37') in 0.0165014 seconds
Number of updated asset objects reloaded before import = 0Number of asset objects unloaded after import = 9

========================================================================
Received Import Request.
  Time since last request: 0.000024 seconds.
  path: Assets/HQP STUDIOS/Rocks and Terrains Pack - Low Poly/Prefabs/Terrains/Mountains/NoLOD/Mountain_L_20.prefab
  artifactKey: Guid(58984e677876702439e9d4a05c680e62) Importer(2089858483,0ecaa5967403d082aa24f35e1b516d23)
Start importing Assets/HQP STUDIOS/Rocks and Terrains Pack - Low Poly/Prefabs/Terrains/Mountains/NoLOD/Mountain_L_20.prefab using Guid(58984e677876702439e9d4a05c680e62) Importer(2089858483,0ecaa5967403d082aa24f35e1b516d23) (ScriptedImporter) -> (artifact id: '6274456b906a06beb9910824d5f71117') in 0.0098773 seconds
Number of updated asset objects reloaded before import = 0Number of asset objects unloaded after import = 8

========================================================================
Received Import Request.
  Time since last request: 0.000015 seconds.
  path: Assets/HQP STUDIOS/Rocks and Terrains Pack - Low Poly/Prefabs/Terrains/Mountains/LOD/Mountain_L_07_LOD.prefab
  artifactKey: Guid(78f12c0e57c8e9446b9c69c42fad8c4e) Importer(2089858483,0ecaa5967403d082aa24f35e1b516d23)
Start importing Assets/HQP STUDIOS/Rocks and Terrains Pack - Low Poly/Prefabs/Terrains/Mountains/LOD/Mountain_L_07_LOD.prefab using Guid(78f12c0e57c8e9446b9c69c42fad8c4e) Importer(2089858483,0ecaa5967403d082aa24f35e1b516d23) (ScriptedImporter) -> (artifact id: 'aaaa927fa784873a7d3ec784faf7d5b8') in 0.0150028 seconds
Number of updated asset objects reloaded before import = 0Number of asset objects unloaded after import = 20

========================================================================
Received Import Request.
  Time since last request: 0.000015 seconds.
  path: Assets/HQP STUDIOS/Rocks and Terrains Pack - Low Poly/Prefabs/Rocks/Stonehenge Rocks/Stonehenges/Stonehenge_Rock_7.prefab
  artifactKey: Guid(89877f109842cfc4b977c547c53bee4a) Importer(2089858483,0ecaa5967403d082aa24f35e1b516d23)
Start importing Assets/HQP STUDIOS/Rocks and Terrains Pack - Low Poly/Prefabs/Rocks/Stonehenge Rocks/Stonehenges/Stonehenge_Rock_7.prefab using Guid(89877f109842cfc4b977c547c53bee4a) Importer(2089858483,0ecaa5967403d082aa24f35e1b516d23) (ScriptedImporter) -> (artifact id: '1ec011e69e012a0aedecbf95e4435d2f') in 0.0168981 seconds
Number of updated asset objects reloaded before import = 0Number of asset objects unloaded after import = 9

========================================================================
Received Import Request.
  Time since last request: 0.000013 seconds.
  path: Assets/HQP STUDIOS/Rocks and Terrains Pack - Low Poly/Prefabs/Terrains/Mountains/NoLOD/Mountain_L_07.prefab
  artifactKey: Guid(157e51fba854a0f48bc228b9b20a61e3) Importer(2089858483,0ecaa5967403d082aa24f35e1b516d23)
Start importing Assets/HQP STUDIOS/Rocks and Terrains Pack - Low Poly/Prefabs/Terrains/Mountains/NoLOD/Mountain_L_07.prefab using Guid(157e51fba854a0f48bc228b9b20a61e3) Importer(2089858483,0ecaa5967403d082aa24f35e1b516d23) (ScriptedImporter) -> (artifact id: 'b411014d39632a13f9c6ca54476f934d') in 0.0187553 seconds
Number of updated asset objects reloaded before import = 0Number of asset objects unloaded after import = 8

========================================================================
Received Import Request.
  Time since last request: 0.000013 seconds.
  path: Assets/HQP STUDIOS/Rocks and Terrains Pack - Low Poly/Prefabs/Terrains/Mountains/NoLOD/Mountain_L_08.prefab
  artifactKey: Guid(d68bf2472a9ba4544bd32454e21d4361) Importer(2089858483,0ecaa5967403d082aa24f35e1b516d23)
Start importing Assets/HQP STUDIOS/Rocks and Terrains Pack - Low Poly/Prefabs/Terrains/Mountains/NoLOD/Mountain_L_08.prefab using Guid(d68bf2472a9ba4544bd32454e21d4361) Importer(2089858483,0ecaa5967403d082aa24f35e1b516d23) (ScriptedImporter) -> (artifact id: 'ea0d3a0d46c6e3240018cfa4123f3f6e') in 0.0157863 seconds
Number of updated asset objects reloaded before import = 0Number of asset objects unloaded after import = 8

========================================================================
Received Import Request.
  Time since last request: 0.000015 seconds.
  path: Assets/HQP STUDIOS/Rocks and Terrains Pack - Low Poly/Prefabs/Rocks/Tiles/Snow Tiles/Tile_Snow_Rock_24.prefab
  artifactKey: Guid(e00cc820feaeafe489cc77e1e4530456) Importer(2089858483,0ecaa5967403d082aa24f35e1b516d23)
Start importing Assets/HQP STUDIOS/Rocks and Terrains Pack - Low Poly/Prefabs/Rocks/Tiles/Snow Tiles/Tile_Snow_Rock_24.prefab using Guid(e00cc820feaeafe489cc77e1e4530456) Importer(2089858483,0ecaa5967403d082aa24f35e1b516d23) (ScriptedImporter) -> (artifact id: 'd2d1cbc9b2856a8107bdc7d66210492d') in 0.0191556 seconds
Number of updated asset objects reloaded before import = 0Number of asset objects unloaded after import = 9

========================================================================
Received Import Request.
  Time since last request: 0.000014 seconds.
  path: Assets/HQP STUDIOS/Rocks and Terrains Pack - Low Poly/Prefabs/Rocks/Tiles/Moss Tiles/Tile_Moss_Rock_30.prefab
  artifactKey: Guid(3e4d0a1c1f192f249b2e8de20732ff2e) Importer(2089858483,0ecaa5967403d082aa24f35e1b516d23)
Start importing Assets/HQP STUDIOS/Rocks and Terrains Pack - Low Poly/Prefabs/Rocks/Tiles/Moss Tiles/Tile_Moss_Rock_30.prefab using Guid(3e4d0a1c1f192f249b2e8de20732ff2e) Importer(2089858483,0ecaa5967403d082aa24f35e1b516d23) (ScriptedImporter) -> (artifact id: 'c60a17cb6840a573914bbc77dfc79a4a') in 0.0151056 seconds
Number of updated asset objects reloaded before import = 0Number of asset objects unloaded after import = 9

========================================================================
Received Import Request.
  Time since last request: 0.000015 seconds.
  path: Assets/HQP STUDIOS/Rocks and Terrains Pack - Low Poly/Prefabs/Terrains/Terrains/Small Terrains/Small_Terrain_6.prefab
  artifactKey: Guid(47034b34b5422dc459dd2ea342759372) Importer(2089858483,0ecaa5967403d082aa24f35e1b516d23)
Start importing Assets/HQP STUDIOS/Rocks and Terrains Pack - Low Poly/Prefabs/Terrains/Terrains/Small Terrains/Small_Terrain_6.prefab using Guid(47034b34b5422dc459dd2ea342759372) Importer(2089858483,0ecaa5967403d082aa24f35e1b516d23) (ScriptedImporter) -> (artifact id: 'f05ddc2a831873538270c7227f8525f2') in 0.0182691 seconds
Number of updated asset objects reloaded before import = 0Number of asset objects unloaded after import = 8

========================================================================
Received Import Request.
  Time since last request: 0.000015 seconds.
  path: Assets/HQP STUDIOS/Rocks and Terrains Pack - Low Poly/Prefabs/Terrains/Mountains/LOD/Mountain_L_02_LOD.prefab
  artifactKey: Guid(182f939cee7aed14e99fbcfcce63e80d) Importer(2089858483,0ecaa5967403d082aa24f35e1b516d23)
Start importing Assets/HQP STUDIOS/Rocks and Terrains Pack - Low Poly/Prefabs/Terrains/Mountains/LOD/Mountain_L_02_LOD.prefab using Guid(182f939cee7aed14e99fbcfcce63e80d) Importer(2089858483,0ecaa5967403d082aa24f35e1b516d23) (ScriptedImporter) -> (artifact id: '914b6f88475ef57070ad865e2ca270dd') in 0.0165947 seconds
Number of updated asset objects reloaded before import = 0Number of asset objects unloaded after import = 20

========================================================================
Received Import Request.
  Time since last request: 0.000018 seconds.
  path: Assets/HQP STUDIOS/Rocks and Terrains Pack - Low Poly/Prefabs/Terrains/Mountains/LOD/Mountain_L_03_LOD.prefab
  artifactKey: Guid(40de5265500909e40860f1d0992cb2dd) Importer(2089858483,0ecaa5967403d082aa24f35e1b516d23)
Start importing Assets/HQP STUDIOS/Rocks and Terrains Pack - Low Poly/Prefabs/Terrains/Mountains/LOD/Mountain_L_03_LOD.prefab using Guid(40de5265500909e40860f1d0992cb2dd) Importer(2089858483,0ecaa5967403d082aa24f35e1b516d23) (ScriptedImporter) -> (artifact id: '66146d85e70a076dac5af89fd97803bc') in 0.0154001 seconds
Number of updated asset objects reloaded before import = 0Number of asset objects unloaded after import = 20

========================================================================
Received Import Request.
  Time since last request: 0.000016 seconds.
  path: Assets/HQP STUDIOS/Rocks and Terrains Pack - Low Poly/Prefabs/Rocks/Stonehenge Rocks/Stonehenges/Stonehenge_Rock_4.prefab
  artifactKey: Guid(b382296312d259143bfc1049b2d440c5) Importer(2089858483,0ecaa5967403d082aa24f35e1b516d23)
Start importing Assets/HQP STUDIOS/Rocks and Terrains Pack - Low Poly/Prefabs/Rocks/Stonehenge Rocks/Stonehenges/Stonehenge_Rock_4.prefab using Guid(b382296312d259143bfc1049b2d440c5) Importer(2089858483,0ecaa5967403d082aa24f35e1b516d23) (ScriptedImporter) -> (artifact id: '2926b1118ce4c4c86cdfde92c76a619e') in 0.0166437 seconds
Number of updated asset objects reloaded before import = 0Number of asset objects unloaded after import = 9

========================================================================
Received Import Request.
  Time since last request: 0.000013 seconds.
  path: Assets/HQP STUDIOS/Rocks and Terrains Pack - Low Poly/Prefabs/Rocks/Flat Rocks/Moss Flat Rocks/Flat_Moss_Rock_8.prefab
  artifactKey: Guid(7d0ec3b5d23658a4b9ea1d7451073e33) Importer(2089858483,0ecaa5967403d082aa24f35e1b516d23)
Start importing Assets/HQP STUDIOS/Rocks and Terrains Pack - Low Poly/Prefabs/Rocks/Flat Rocks/Moss Flat Rocks/Flat_Moss_Rock_8.prefab using Guid(7d0ec3b5d23658a4b9ea1d7451073e33) Importer(2089858483,0ecaa5967403d082aa24f35e1b516d23) (ScriptedImporter) -> (artifact id: '7679ab837caadf30a68194ce1e71dfd6') in 0.0175682 seconds
Number of updated asset objects reloaded before import = 0Number of asset objects unloaded after import = 9

========================================================================
Received Import Request.
  Time since last request: 0.000027 seconds.
  path: Assets/HQP STUDIOS/Rocks and Terrains Pack - Low Poly/Prefabs/Terrains/Mountains/LOD/Mountain_L_13_LOD.prefab
  artifactKey: Guid(3c50219a15eec634fadcbd61d561aee0) Importer(2089858483,0ecaa5967403d082aa24f35e1b516d23)
Start importing Assets/HQP STUDIOS/Rocks and Terrains Pack - Low Poly/Prefabs/Terrains/Mountains/LOD/Mountain_L_13_LOD.prefab using Guid(3c50219a15eec634fadcbd61d561aee0) Importer(2089858483,0ecaa5967403d082aa24f35e1b516d23) (ScriptedImporter) -> (artifact id: 'e8ea63d697369225e7aedda6f4f5275d') in 0.0175677 seconds
Number of updated asset objects reloaded before import = 0Number of asset objects unloaded after import = 20

========================================================================
Received Import Request.
  Time since last request: 0.000016 seconds.
  path: Assets/HQP STUDIOS/Rocks and Terrains Pack - Low Poly/Prefabs/Rocks/Square Rocks/Square Rocks/Square_Rock_15.prefab
  artifactKey: Guid(3d99f4bc1418c30478aa544cd0d19e0d) Importer(2089858483,0ecaa5967403d082aa24f35e1b516d23)
Start importing Assets/HQP STUDIOS/Rocks and Terrains Pack - Low Poly/Prefabs/Rocks/Square Rocks/Square Rocks/Square_Rock_15.prefab using Guid(3d99f4bc1418c30478aa544cd0d19e0d) Importer(2089858483,0ecaa5967403d082aa24f35e1b516d23) (ScriptedImporter) -> (artifact id: 'a8e45c9169cb22fb0d8d2b682c7b2bfe') in 0.0202634 seconds
Number of updated asset objects reloaded before import = 0Number of asset objects unloaded after import = 9

========================================================================
Received Import Request.
  Time since last request: 0.000015 seconds.
  path: Assets/HQP STUDIOS/Rocks and Terrains Pack - Low Poly/Prefabs/Rocks/Square Rocks/Square Rocks/Square_Rock_30.prefab
  artifactKey: Guid(8aa8b09cda7ce834e9f5b9e394a9e9e6) Importer(2089858483,0ecaa5967403d082aa24f35e1b516d23)
Start importing Assets/HQP STUDIOS/Rocks and Terrains Pack - Low Poly/Prefabs/Rocks/Square Rocks/Square Rocks/Square_Rock_30.prefab using Guid(8aa8b09cda7ce834e9f5b9e394a9e9e6) Importer(2089858483,0ecaa5967403d082aa24f35e1b516d23) (ScriptedImporter) -> (artifact id: 'b722f60be919c7384c1153f36ae59dec') in 0.0160681 seconds
Number of updated asset objects reloaded before import = 0Number of asset objects unloaded after import = 9

========================================================================
Received Import Request.
  Time since last request: 0.000029 seconds.
  path: Assets/HQP STUDIOS/Rocks and Terrains Pack - Low Poly/Prefabs/Rocks/Flat Rocks/Snow Flat Rocks/Flat_Snow_Rock_25.prefab
  artifactKey: Guid(e39c3045a31950744ac110eede9c5184) Importer(2089858483,0ecaa5967403d082aa24f35e1b516d23)
Start importing Assets/HQP STUDIOS/Rocks and Terrains Pack - Low Poly/Prefabs/Rocks/Flat Rocks/Snow Flat Rocks/Flat_Snow_Rock_25.prefab using Guid(e39c3045a31950744ac110eede9c5184) Importer(2089858483,0ecaa5967403d082aa24f35e1b516d23) (ScriptedImporter) -> (artifact id: 'b17446a9d97807106647a63ad483701f') in 0.0191445 seconds
Number of updated asset objects reloaded before import = 0Number of asset objects unloaded after import = 9

========================================================================
Received Import Request.
  Time since last request: 0.000018 seconds.
  path: Assets/HQP STUDIOS/Rocks and Terrains Pack - Low Poly/Prefabs/Rocks/Flat Rocks/Moss Flat Rocks/Flat_Moss_Rock_25.prefab
  artifactKey: Guid(03ceaee7f3e68a04ca1552c8e743247e) Importer(2089858483,0ecaa5967403d082aa24f35e1b516d23)
Start importing Assets/HQP STUDIOS/Rocks and Terrains Pack - Low Poly/Prefabs/Rocks/Flat Rocks/Moss Flat Rocks/Flat_Moss_Rock_25.prefab using Guid(03ceaee7f3e68a04ca1552c8e743247e) Importer(2089858483,0ecaa5967403d082aa24f35e1b516d23) (ScriptedImporter) -> (artifact id: '9716b497fc6f22252c90e4e0394ea6c9') in 0.0174591 seconds
Number of updated asset objects reloaded before import = 0Number of asset objects unloaded after import = 9

========================================================================
Received Import Request.
  Time since last request: 0.000013 seconds.
  path: Assets/HQP STUDIOS/Rocks and Terrains Pack - Low Poly/Models/Terrains/Terrains/Small Terrains/Small_Terrain_2.fbx
  artifactKey: Guid(30b82a5e639a83546995542953025c48) Importer(2089858483,0ecaa5967403d082aa24f35e1b516d23)
Start importing Assets/HQP STUDIOS/Rocks and Terrains Pack - Low Poly/Models/Terrains/Terrains/Small Terrains/Small_Terrain_2.fbx using Guid(30b82a5e639a83546995542953025c48) Importer(2089858483,0ecaa5967403d082aa24f35e1b516d23) (ScriptedImporter) -> (artifact id: 'fdd1bf431213cd567a4c6188debec3db') in 0.0169744 seconds
Number of updated asset objects reloaded before import = 0Number of asset objects unloaded after import = 9

========================================================================
Received Import Request.
  Time since last request: 0.000015 seconds.
  path: Assets/HQP STUDIOS/Rocks and Terrains Pack - Low Poly/Prefabs/Rocks/Square Rocks/Moss Square Rocks/Square_Moss_Rock_7.prefab
  artifactKey: Guid(8393a7ed5feaef5498d2d10b4d43b0af) Importer(2089858483,0ecaa5967403d082aa24f35e1b516d23)
Start importing Assets/HQP STUDIOS/Rocks and Terrains Pack - Low Poly/Prefabs/Rocks/Square Rocks/Moss Square Rocks/Square_Moss_Rock_7.prefab using Guid(8393a7ed5feaef5498d2d10b4d43b0af) Importer(2089858483,0ecaa5967403d082aa24f35e1b516d23) (ScriptedImporter) -> (artifact id: 'ffc909fe5c75487e30b3feaec836c058') in 0.0162986 seconds
Number of updated asset objects reloaded before import = 0Number of asset objects unloaded after import = 9

========================================================================
Received Import Request.
  Time since last request: 0.000015 seconds.
  path: Assets/HQP STUDIOS/Rocks and Terrains Pack - Low Poly/Prefabs/Rocks/Block Rocks/Snow Block Rocks/Block_Snow_Rock_23.prefab
  artifactKey: Guid(37b582450921bd4429f4a6fd62aa0bae) Importer(2089858483,0ecaa5967403d082aa24f35e1b516d23)
Start importing Assets/HQP STUDIOS/Rocks and Terrains Pack - Low Poly/Prefabs/Rocks/Block Rocks/Snow Block Rocks/Block_Snow_Rock_23.prefab using Guid(37b582450921bd4429f4a6fd62aa0bae) Importer(2089858483,0ecaa5967403d082aa24f35e1b516d23) (ScriptedImporter) -> (artifact id: 'da98862685529c7bb5d7383081081b7e') in 0.0183019 seconds
Number of updated asset objects reloaded before import = 0Number of asset objects unloaded after import = 9

========================================================================
Received Import Request.
  Time since last request: 0.000018 seconds.
  path: Assets/HQP STUDIOS/Rocks and Terrains Pack - Low Poly/Prefabs/Rocks/Stonehenge Rocks/Moss_Stonehenges/Stonehenge_Moss_Rock_4.prefab
  artifactKey: Guid(46471f1700f18d14492000fceafba55f) Importer(2089858483,0ecaa5967403d082aa24f35e1b516d23)
Start importing Assets/HQP STUDIOS/Rocks and Terrains Pack - Low Poly/Prefabs/Rocks/Stonehenge Rocks/Moss_Stonehenges/Stonehenge_Moss_Rock_4.prefab using Guid(46471f1700f18d14492000fceafba55f) Importer(2089858483,0ecaa5967403d082aa24f35e1b516d23) (ScriptedImporter) -> (artifact id: '594a8701db799e687e24a472cf1f976a') in 0.0180966 seconds
Number of updated asset objects reloaded before import = 0Number of asset objects unloaded after import = 9

========================================================================
Received Import Request.
  Time since last request: 0.000016 seconds.
  path: Assets/HQP STUDIOS/Rocks and Terrains Pack - Low Poly/Prefabs/Rocks/Flat Rocks/Flat Rocks/Flat_Rock_16.prefab
  artifactKey: Guid(9b2894410ea515248833baaa3de5b18f) Importer(2089858483,0ecaa5967403d082aa24f35e1b516d23)
Start importing Assets/HQP STUDIOS/Rocks and Terrains Pack - Low Poly/Prefabs/Rocks/Flat Rocks/Flat Rocks/Flat_Rock_16.prefab using Guid(9b2894410ea515248833baaa3de5b18f) Importer(2089858483,0ecaa5967403d082aa24f35e1b516d23) (ScriptedImporter) -> (artifact id: '52a01a4499143518d73349bddf2a17e9') in 0.020578 seconds
Number of updated asset objects reloaded before import = 0Number of asset objects unloaded after import = 9

========================================================================
Received Import Request.
  Time since last request: 0.000030 seconds.
  path: Assets/HQP STUDIOS/Rocks and Terrains Pack - Low Poly/Models/Rocks/Tiles/Tiles/Tile_Rock_24.fbx
  artifactKey: Guid(3a7ecadebb5fbec4b8215ff3c16eee82) Importer(2089858483,0ecaa5967403d082aa24f35e1b516d23)
Start importing Assets/HQP STUDIOS/Rocks and Terrains Pack - Low Poly/Models/Rocks/Tiles/Tiles/Tile_Rock_24.fbx using Guid(3a7ecadebb5fbec4b8215ff3c16eee82) Importer(2089858483,0ecaa5967403d082aa24f35e1b516d23) (ScriptedImporter) -> (artifact id: 'cc37ef02b36e191a067340b7ab8af174') in 0.0139385 seconds
Number of updated asset objects reloaded before import = 0Number of asset objects unloaded after import = 9

========================================================================
Received Import Request.
  Time since last request: 0.000020 seconds.
  path: Assets/HQP STUDIOS/Rocks and Terrains Pack - Low Poly/Prefabs/Rocks/Tiles/Snow Tiles/Tile_Snow_Rock_12.prefab
  artifactKey: Guid(cf18fe42a779be94fbf5a955cf4e0dc9) Importer(2089858483,0ecaa5967403d082aa24f35e1b516d23)
Start importing Assets/HQP STUDIOS/Rocks and Terrains Pack - Low Poly/Prefabs/Rocks/Tiles/Snow Tiles/Tile_Snow_Rock_12.prefab using Guid(cf18fe42a779be94fbf5a955cf4e0dc9) Importer(2089858483,0ecaa5967403d082aa24f35e1b516d23) (ScriptedImporter) -> (artifact id: 'b89ac4427ed7da169401bfac9cd31fc6') in 0.0181699 seconds
Number of updated asset objects reloaded before import = 0Number of asset objects unloaded after import = 9

========================================================================
Received Import Request.
  Time since last request: 0.000014 seconds.
  path: Assets/HQP STUDIOS/Rocks and Terrains Pack - Low Poly/Models/Rocks/Square Rocks/Square Rocks/Square_Rock_30.fbx
  artifactKey: Guid(5c80534a541a47745b300cae2ea97737) Importer(2089858483,0ecaa5967403d082aa24f35e1b516d23)
Start importing Assets/HQP STUDIOS/Rocks and Terrains Pack - Low Poly/Models/Rocks/Square Rocks/Square Rocks/Square_Rock_30.fbx using Guid(5c80534a541a47745b300cae2ea97737) Importer(2089858483,0ecaa5967403d082aa24f35e1b516d23) (ScriptedImporter) -> (artifact id: '911c28b9b049488b992906e2dc648d29') in 0.0171373 seconds
Number of updated asset objects reloaded before import = 0Number of asset objects unloaded after import = 9

========================================================================
Received Import Request.
  Time since last request: 0.000015 seconds.
  path: Assets/HQP STUDIOS/Rocks and Terrains Pack - Low Poly/Prefabs/Rocks/Block Rocks/Block Rocks/Block_Rock_4.prefab
  artifactKey: Guid(a2a050c70b78fe541bbe09c4bfcfec9e) Importer(2089858483,0ecaa5967403d082aa24f35e1b516d23)
Start importing Assets/HQP STUDIOS/Rocks and Terrains Pack - Low Poly/Prefabs/Rocks/Block Rocks/Block Rocks/Block_Rock_4.prefab using Guid(a2a050c70b78fe541bbe09c4bfcfec9e) Importer(2089858483,0ecaa5967403d082aa24f35e1b516d23) (ScriptedImporter) -> (artifact id: '5da8d82b4618a454f4b8f650518c7db1') in 0.0173565 seconds
Number of updated asset objects reloaded before import = 0Number of asset objects unloaded after import = 9

========================================================================
Received Import Request.
  Time since last request: 0.000026 seconds.
  path: Assets/HQP STUDIOS/Rocks and Terrains Pack - Low Poly/Models/Rocks/Square Rocks/Moss Square Rocks/Square_Moss_Rock_16.fbx
  artifactKey: Guid(79ae064a4ea83d94d9cb007314749ce6) Importer(2089858483,0ecaa5967403d082aa24f35e1b516d23)
Start importing Assets/HQP STUDIOS/Rocks and Terrains Pack - Low Poly/Models/Rocks/Square Rocks/Moss Square Rocks/Square_Moss_Rock_16.fbx using Guid(79ae064a4ea83d94d9cb007314749ce6) Importer(2089858483,0ecaa5967403d082aa24f35e1b516d23) (ScriptedImporter) -> (artifact id: '8ad3c974a34ad3ef974b3133741a134f') in 0.0163136 seconds
Number of updated asset objects reloaded before import = 0Number of asset objects unloaded after import = 9

========================================================================
Received Import Request.
  Time since last request: 0.000014 seconds.
  path: Assets/HQP STUDIOS/Rocks and Terrains Pack - Low Poly/Models/Rocks/Flat Rocks/Flat Rocks/Flat_Rock_23.fbx
  artifactKey: Guid(6aefd918eb092264e9a72ca9b9fd8add) Importer(2089858483,0ecaa5967403d082aa24f35e1b516d23)
Start importing Assets/HQP STUDIOS/Rocks and Terrains Pack - Low Poly/Models/Rocks/Flat Rocks/Flat Rocks/Flat_Rock_23.fbx using Guid(6aefd918eb092264e9a72ca9b9fd8add) Importer(2089858483,0ecaa5967403d082aa24f35e1b516d23) (ScriptedImporter) -> (artifact id: '01bb5b4af02054642bb9c733ab1e073a') in 0.0139686 seconds
Number of updated asset objects reloaded before import = 0Number of asset objects unloaded after import = 9

========================================================================
Received Import Request.
  Time since last request: 0.000017 seconds.
  path: Assets/HQP STUDIOS/Rocks and Terrains Pack - Low Poly/Models/Rocks/Square Rocks/Snow Square Rocks/Square_Snow_Rock_3.fbx
  artifactKey: Guid(5e91868e59b065d4ba42183d42df77c0) Importer(2089858483,0ecaa5967403d082aa24f35e1b516d23)
Start importing Assets/HQP STUDIOS/Rocks and Terrains Pack - Low Poly/Models/Rocks/Square Rocks/Snow Square Rocks/Square_Snow_Rock_3.fbx using Guid(5e91868e59b065d4ba42183d42df77c0) Importer(2089858483,0ecaa5967403d082aa24f35e1b516d23) (ScriptedImporter) -> (artifact id: 'f9c7f5b058d4998fc414512e53675cca') in 0.0193783 seconds
Number of updated asset objects reloaded before import = 0Number of asset objects unloaded after import = 9

========================================================================
Received Import Request.
  Time since last request: 0.000014 seconds.
  path: Assets/HQP STUDIOS/Rocks and Terrains Pack - Low Poly/Prefabs/Rocks/Sharp Rocks/Sharp Rocks/Sharp_Rock_3.prefab
  artifactKey: Guid(e926db1173bbfd0458fade40b22cf470) Importer(2089858483,0ecaa5967403d082aa24f35e1b516d23)
Start importing Assets/HQP STUDIOS/Rocks and Terrains Pack - Low Poly/Prefabs/Rocks/Sharp Rocks/Sharp Rocks/Sharp_Rock_3.prefab using Guid(e926db1173bbfd0458fade40b22cf470) Importer(2089858483,0ecaa5967403d082aa24f35e1b516d23) (ScriptedImporter) -> (artifact id: '09f6ab02e5204529f4f82d16be903bd9') in 0.0172978 seconds
Number of updated asset objects reloaded before import = 0Number of asset objects unloaded after import = 9

========================================================================
Received Import Request.
  Time since last request: 0.000017 seconds.
  path: Assets/HQP STUDIOS/Rocks and Terrains Pack - Low Poly/Prefabs/Rocks/Flat Rocks/Flat Rocks/Flat_Rock_18.prefab
  artifactKey: Guid(0791334cee25621438703015d3edeada) Importer(2089858483,0ecaa5967403d082aa24f35e1b516d23)
Start importing Assets/HQP STUDIOS/Rocks and Terrains Pack - Low Poly/Prefabs/Rocks/Flat Rocks/Flat Rocks/Flat_Rock_18.prefab using Guid(0791334cee25621438703015d3edeada) Importer(2089858483,0ecaa5967403d082aa24f35e1b516d23) (ScriptedImporter) -> (artifact id: '5bf0a14ba94d60aae293ee785cf71ba6') in 0.0169919 seconds
Number of updated asset objects reloaded before import = 0Number of asset objects unloaded after import = 9

========================================================================
Received Import Request.
  Time since last request: 0.000012 seconds.
  path: Assets/DefaceGames/Fantasy Map Assets Pack Lite/Assets/icons-black/tower2.png
  artifactKey: Guid(7879bb9f49778b743ac629062ff5194d) Importer(2089858483,0ecaa5967403d082aa24f35e1b516d23)
Start importing Assets/DefaceGames/Fantasy Map Assets Pack Lite/Assets/icons-black/tower2.png using Guid(7879bb9f49778b743ac629062ff5194d) Importer(2089858483,0ecaa5967403d082aa24f35e1b516d23) (ScriptedImporter) -> (artifact id: '3bbac7b6dac66f95bee419ff7d77a9ea') in 0.0221524 seconds
Number of updated asset objects reloaded before import = 0Number of asset objects unloaded after import = 3

========================================================================
Received Import Request.
  Time since last request: 0.000017 seconds.
  path: Assets/DefaceGames/Fantasy Map Assets Pack Lite/Assets/islands-black/Layer 3.png
  artifactKey: Guid(6473b204ada88114294920aa5b13549c) Importer(2089858483,0ecaa5967403d082aa24f35e1b516d23)
Start importing Assets/DefaceGames/Fantasy Map Assets Pack Lite/Assets/islands-black/Layer 3.png using Guid(6473b204ada88114294920aa5b13549c) Importer(2089858483,0ecaa5967403d082aa24f35e1b516d23) (ScriptedImporter) -> (artifact id: 'bb49d934a23d4f8b865b3eb61c0c3f38') in 0.0325739 seconds
Number of updated asset objects reloaded before import = 0Number of asset objects unloaded after import = 3

========================================================================
Received Import Request.
  Time since last request: 0.000017 seconds.
  path: Assets/HQP STUDIOS/Rocks and Terrains Pack - Low Poly/Prefabs/Rocks/Tiles/Moss Tiles/Tile_Moss_Rock_6.prefab
  artifactKey: Guid(82ecae6606768dc48be3b6839e982753) Importer(2089858483,0ecaa5967403d082aa24f35e1b516d23)
Start importing Assets/HQP STUDIOS/Rocks and Terrains Pack - Low Poly/Prefabs/Rocks/Tiles/Moss Tiles/Tile_Moss_Rock_6.prefab using Guid(82ecae6606768dc48be3b6839e982753) Importer(2089858483,0ecaa5967403d082aa24f35e1b516d23) (ScriptedImporter) -> (artifact id: '8760ee43f52ca5991bac1df724ddaee9') in 0.0200485 seconds
Number of updated asset objects reloaded before import = 0Number of asset objects unloaded after import = 9

========================================================================
Received Import Request.
  Time since last request: 0.000022 seconds.
  path: Assets/HQP STUDIOS/Rocks and Terrains Pack - Low Poly/Models/Rocks/Flat Rocks/Flat Rocks/Flat_Rock_7.fbx
  artifactKey: Guid(51e7bd6c2b9b8a84a8a01a0635604396) Importer(2089858483,0ecaa5967403d082aa24f35e1b516d23)
Start importing Assets/HQP STUDIOS/Rocks and Terrains Pack - Low Poly/Models/Rocks/Flat Rocks/Flat Rocks/Flat_Rock_7.fbx using Guid(51e7bd6c2b9b8a84a8a01a0635604396) Importer(2089858483,0ecaa5967403d082aa24f35e1b516d23) (ScriptedImporter) -> (artifact id: 'd81f773f4d875f67a436812d7913e2cf') in 0.0123715 seconds
Number of updated asset objects reloaded before import = 0Number of asset objects unloaded after import = 9

========================================================================
Received Import Request.
  Time since last request: 0.000019 seconds.
  path: Assets/HQP STUDIOS/Rocks and Terrains Pack - Low Poly/Prefabs/Rocks/Tiles/Snow Tiles/Tile_Snow_Rock_9.prefab
  artifactKey: Guid(bcdfe23711697ce45a6a72536d5b2e04) Importer(2089858483,0ecaa5967403d082aa24f35e1b516d23)
Start importing Assets/HQP STUDIOS/Rocks and Terrains Pack - Low Poly/Prefabs/Rocks/Tiles/Snow Tiles/Tile_Snow_Rock_9.prefab using Guid(bcdfe23711697ce45a6a72536d5b2e04) Importer(2089858483,0ecaa5967403d082aa24f35e1b516d23) (ScriptedImporter) -> (artifact id: '3ab34cca1ba521c9975a253be563cbf4') in 0.0217895 seconds
Number of updated asset objects reloaded before import = 0Number of asset objects unloaded after import = 9

========================================================================
Received Import Request.
  Time since last request: 0.000018 seconds.
  path: Assets/TextMesh Pro/Examples & Extras/Resources/Fonts & Materials/Electronic Highway Sign SDF.asset
  artifactKey: Guid(dc36b3fdc14f47ebb36fd484a67e268a) Importer(2089858483,0ecaa5967403d082aa24f35e1b516d23)
Start importing Assets/TextMesh Pro/Examples & Extras/Resources/Fonts & Materials/Electronic Highway Sign SDF.asset using Guid(dc36b3fdc14f47ebb36fd484a67e268a) Importer(2089858483,0ecaa5967403d082aa24f35e1b516d23) (ScriptedImporter) -> (artifact id: 'bb4e4c9cad25d0a5b32cdf85a9432f5c') in 0.0151596 seconds
Number of updated asset objects reloaded before import = 0Number of asset objects unloaded after import = 5

========================================================================
Received Import Request.
  Time since last request: 0.000018 seconds.
  path: Assets/TextMesh Pro/Examples & Extras/Resources/Color Gradient Presets/Light to Dark Green - Vertical.asset
  artifactKey: Guid(5cf8ae092ca54931b443bec5148f3c59) Importer(2089858483,0ecaa5967403d082aa24f35e1b516d23)
Start importing Assets/TextMesh Pro/Examples & Extras/Resources/Color Gradient Presets/Light to Dark Green - Vertical.asset using Guid(5cf8ae092ca54931b443bec5148f3c59) Importer(2089858483,0ecaa5967403d082aa24f35e1b516d23) (ScriptedImporter) -> (artifact id: '03f4ccef87513390b88267bd3f58ab2c') in 0.0108312 seconds
Number of updated asset objects reloaded before import = 0Number of asset objects unloaded after import = 1

========================================================================
Received Import Request.
  Time since last request: 0.000028 seconds.
  path: Assets/HQP STUDIOS/Rocks and Terrains Pack - Low Poly/Models/Rocks/Block Rocks/Moss Block Rocks/Block_Moss_Rock_27.fbx
  artifactKey: Guid(18a91d849086d0f44bc16c3aace8ea42) Importer(2089858483,0ecaa5967403d082aa24f35e1b516d23)
Start importing Assets/HQP STUDIOS/Rocks and Terrains Pack - Low Poly/Models/Rocks/Block Rocks/Moss Block Rocks/Block_Moss_Rock_27.fbx using Guid(18a91d849086d0f44bc16c3aace8ea42) Importer(2089858483,0ecaa5967403d082aa24f35e1b516d23) (ScriptedImporter) -> (artifact id: '45f1053031068de557370e06460ccdcb') in 0.0258251 seconds
Number of updated asset objects reloaded before import = 0Number of asset objects unloaded after import = 9

========================================================================
Received Import Request.
  Time since last request: 0.001130 seconds.
  path: Assets/HQP STUDIOS/Rocks and Terrains Pack - Low Poly/Models/Rocks/Flat Rocks/Snow Flat Rocks/Flat_Snow_Rock_8.fbx
  artifactKey: Guid(8aff9ef572f8b78468d0b720f47f46c0) Importer(2089858483,0ecaa5967403d082aa24f35e1b516d23)
Start importing Assets/HQP STUDIOS/Rocks and Terrains Pack - Low Poly/Models/Rocks/Flat Rocks/Snow Flat Rocks/Flat_Snow_Rock_8.fbx using Guid(8aff9ef572f8b78468d0b720f47f46c0) Importer(2089858483,0ecaa5967403d082aa24f35e1b516d23) (ScriptedImporter) -> (artifact id: '877c9e990ad95ad2aca7dc7babc9bc77') in 0.0176649 seconds
Number of updated asset objects reloaded before import = 0Number of asset objects unloaded after import = 9

========================================================================
Received Import Request.
  Time since last request: 0.000017 seconds.
  path: Assets/HQP STUDIOS/Rocks and Terrains Pack - Low Poly/Prefabs/Clouds/Cloud_02.prefab
  artifactKey: Guid(bf844bfd018262648a0eb171fbc25349) Importer(2089858483,0ecaa5967403d082aa24f35e1b516d23)
Start importing Assets/HQP STUDIOS/Rocks and Terrains Pack - Low Poly/Prefabs/Clouds/Cloud_02.prefab using Guid(bf844bfd018262648a0eb171fbc25349) Importer(2089858483,0ecaa5967403d082aa24f35e1b516d23) (ScriptedImporter) -> (artifact id: '2b08f16d064e52f3e8ec60d3014f20ec') in 0.0202283 seconds
Number of updated asset objects reloaded before import = 0Number of asset objects unloaded after import = 8

========================================================================
Received Import Request.
  Time since last request: 0.000016 seconds.
  path: Assets/HQP STUDIOS/Rocks and Terrains Pack - Low Poly/Models/Rocks/Flat Rocks/Snow Flat Rocks/Flat_Snow_Rock_16.fbx
  artifactKey: Guid(dc0bc0122aff2f94e87518f1010751f5) Importer(2089858483,0ecaa5967403d082aa24f35e1b516d23)
Start importing Assets/HQP STUDIOS/Rocks and Terrains Pack - Low Poly/Models/Rocks/Flat Rocks/Snow Flat Rocks/Flat_Snow_Rock_16.fbx using Guid(dc0bc0122aff2f94e87518f1010751f5) Importer(2089858483,0ecaa5967403d082aa24f35e1b516d23) (ScriptedImporter) -> (artifact id: 'f5e1b45cc09dff822b4daaa6b9711fde') in 0.0166709 seconds
Number of updated asset objects reloaded before import = 0Number of asset objects unloaded after import = 9

========================================================================
Received Import Request.
  Time since last request: 0.000017 seconds.
  path: Assets/HQP STUDIOS/Rocks and Terrains Pack - Low Poly/Models/Rocks/Block Rocks/Moss Block Rocks/Block_Moss_Rock_15.fbx
  artifactKey: Guid(ccecababb9fbae2448182ef5d6db92ab) Importer(2089858483,0ecaa5967403d082aa24f35e1b516d23)
Start importing Assets/HQP STUDIOS/Rocks and Terrains Pack - Low Poly/Models/Rocks/Block Rocks/Moss Block Rocks/Block_Moss_Rock_15.fbx using Guid(ccecababb9fbae2448182ef5d6db92ab) Importer(2089858483,0ecaa5967403d082aa24f35e1b516d23) (ScriptedImporter) -> (artifact id: '6d0980d27623dca1f99c24edad50dd7e') in 0.0155378 seconds
Number of updated asset objects reloaded before import = 0Number of asset objects unloaded after import = 9

========================================================================
Received Import Request.
  Time since last request: 0.000016 seconds.
  path: Assets/HQP STUDIOS/Rocks and Terrains Pack - Low Poly/Models/Rocks/Block Rocks/Block Rocks/Block_Rock_1.fbx
  artifactKey: Guid(c4b0639b23e1f8c45b6b0b3cd78cb6c6) Importer(2089858483,0ecaa5967403d082aa24f35e1b516d23)
Start importing Assets/HQP STUDIOS/Rocks and Terrains Pack - Low Poly/Models/Rocks/Block Rocks/Block Rocks/Block_Rock_1.fbx using Guid(c4b0639b23e1f8c45b6b0b3cd78cb6c6) Importer(2089858483,0ecaa5967403d082aa24f35e1b516d23) (ScriptedImporter) -> (artifact id: '75b71b5a84d732d5781cc3ebeb5f6e8e') in 0.0185425 seconds
Number of updated asset objects reloaded before import = 0Number of asset objects unloaded after import = 9

========================================================================
Received Import Request.
  Time since last request: 0.000019 seconds.
  path: Assets/HQP STUDIOS/Rocks and Terrains Pack - Low Poly/Models/Rocks/Block Rocks/Block Rocks/Block_Rock_19.fbx
  artifactKey: Guid(53f38bf45a6e0c546a0f576e826321b7) Importer(2089858483,0ecaa5967403d082aa24f35e1b516d23)
Start importing Assets/HQP STUDIOS/Rocks and Terrains Pack - Low Poly/Models/Rocks/Block Rocks/Block Rocks/Block_Rock_19.fbx using Guid(53f38bf45a6e0c546a0f576e826321b7) Importer(2089858483,0ecaa5967403d082aa24f35e1b516d23) (ScriptedImporter) -> (artifact id: 'eefe941e9e16dc6e0061d7814df7a29c') in 0.0157541 seconds
Number of updated asset objects reloaded before import = 0Number of asset objects unloaded after import = 9

========================================================================
Received Import Request.
  Time since last request: 0.000015 seconds.
  path: Assets/HQP STUDIOS/Rocks and Terrains Pack - Low Poly/Models/Rocks/Block Rocks/Moss Block Rocks/Block_Moss_Rock_36.fbx
  artifactKey: Guid(d27229e074bba19408497be53c95cece) Importer(2089858483,0ecaa5967403d082aa24f35e1b516d23)
Start importing Assets/HQP STUDIOS/Rocks and Terrains Pack - Low Poly/Models/Rocks/Block Rocks/Moss Block Rocks/Block_Moss_Rock_36.fbx using Guid(d27229e074bba19408497be53c95cece) Importer(2089858483,0ecaa5967403d082aa24f35e1b516d23) (ScriptedImporter) -> (artifact id: 'ceb3f2f45a99c644ece9df9405f0a334') in 0.0153261 seconds
Number of updated asset objects reloaded before import = 0Number of asset objects unloaded after import = 9

========================================================================
Received Import Request.
  Time since last request: 0.000018 seconds.
  path: Assets/HQP STUDIOS/Rocks and Terrains Pack - Low Poly/Models/Rocks/Block Rocks/Snow Block Rocks/Block_Snow_Rock_19.fbx
  artifactKey: Guid(480e092e3b3aef64da650b4e15799b09) Importer(2089858483,0ecaa5967403d082aa24f35e1b516d23)
Start importing Assets/HQP STUDIOS/Rocks and Terrains Pack - Low Poly/Models/Rocks/Block Rocks/Snow Block Rocks/Block_Snow_Rock_19.fbx using Guid(480e092e3b3aef64da650b4e15799b09) Importer(2089858483,0ecaa5967403d082aa24f35e1b516d23) (ScriptedImporter) -> (artifact id: '59b6bb80f5d9afe8ec35c085cea03bf5') in 0.0174125 seconds
Number of updated asset objects reloaded before import = 0Number of asset objects unloaded after import = 9

========================================================================
Received Import Request.
  Time since last request: 0.000027 seconds.
  path: Assets/HQP STUDIOS/Rocks and Terrains Pack - Low Poly/Models/Rocks/Block Rocks/Block Rocks/Block_Rock_18.fbx
  artifactKey: Guid(bf19e96c2d7f55b44a1e72aba602476e) Importer(2089858483,0ecaa5967403d082aa24f35e1b516d23)
Start importing Assets/HQP STUDIOS/Rocks and Terrains Pack - Low Poly/Models/Rocks/Block Rocks/Block Rocks/Block_Rock_18.fbx using Guid(bf19e96c2d7f55b44a1e72aba602476e) Importer(2089858483,0ecaa5967403d082aa24f35e1b516d23) (ScriptedImporter) -> (artifact id: '912d675f705ae78e06711ae45531c029') in 0.0153946 seconds
Number of updated asset objects reloaded before import = 0Number of asset objects unloaded after import = 9

========================================================================
Received Import Request.
  Time since last request: 0.000017 seconds.
  path: Assets/DefaceGames/Fantasy Map Assets Pack Lite/Assets/bg-overlays-black/topography1.png
  artifactKey: Guid(f13b20e91a7335c4fad00870036f9806) Importer(2089858483,0ecaa5967403d082aa24f35e1b516d23)
Start importing Assets/DefaceGames/Fantasy Map Assets Pack Lite/Assets/bg-overlays-black/topography1.png using Guid(f13b20e91a7335c4fad00870036f9806) Importer(2089858483,0ecaa5967403d082aa24f35e1b516d23) (ScriptedImporter) -> (artifact id: '7e87789d55801d4b6acac4553bf7f48d') in 0.0212075 seconds
Number of updated asset objects reloaded before import = 0Number of asset objects unloaded after import = 3

========================================================================
Received Import Request.
  Time since last request: 0.000014 seconds.
  path: Assets/TextMesh Pro/Examples & Extras/Resources/Fonts & Materials/LiberationSans SDF - Overlay.mat
  artifactKey: Guid(9ad269c99dcf42b7aedefd83dd5a7b9d) Importer(2089858483,0ecaa5967403d082aa24f35e1b516d23)
Start importing Assets/TextMesh Pro/Examples & Extras/Resources/Fonts & Materials/LiberationSans SDF - Overlay.mat using Guid(9ad269c99dcf42b7aedefd83dd5a7b9d) Importer(2089858483,0ecaa5967403d082aa24f35e1b516d23) (ScriptedImporter) -> (artifact id: '02855ad8b7cd28d2371d24ae28b74cc4') in 0.0180135 seconds
Number of updated asset objects reloaded before import = 0Number of asset objects unloaded after import = 2

========================================================================
Received Import Request.
  Time since last request: 0.000017 seconds.
  path: Assets/HQP STUDIOS/Rocks and Terrains Pack - Low Poly/Models/Rocks/Flat Rocks/Moss Flat Rocks/Flat_Moss_Rock_3.fbx
  artifactKey: Guid(2ec9ca4d16a7db448a9e2daf5821b867) Importer(2089858483,0ecaa5967403d082aa24f35e1b516d23)
Start importing Assets/HQP STUDIOS/Rocks and Terrains Pack - Low Poly/Models/Rocks/Flat Rocks/Moss Flat Rocks/Flat_Moss_Rock_3.fbx using Guid(2ec9ca4d16a7db448a9e2daf5821b867) Importer(2089858483,0ecaa5967403d082aa24f35e1b516d23) (ScriptedImporter) -> (artifact id: '8c8e40688e3db147bc8e8abe0b3bf804') in 0.0156435 seconds
Number of updated asset objects reloaded before import = 0Number of asset objects unloaded after import = 9

========================================================================
Received Import Request.
  Time since last request: 0.000017 seconds.
  path: Assets/HQP STUDIOS/Rocks and Terrains Pack - Low Poly/Models/Rocks/Flat Rocks/Moss Flat Rocks/Flat_Moss_Rock_26.fbx
  artifactKey: Guid(8a559b591b2c7e747b708a8198e6cfb9) Importer(2089858483,0ecaa5967403d082aa24f35e1b516d23)
Start importing Assets/HQP STUDIOS/Rocks and Terrains Pack - Low Poly/Models/Rocks/Flat Rocks/Moss Flat Rocks/Flat_Moss_Rock_26.fbx using Guid(8a559b591b2c7e747b708a8198e6cfb9) Importer(2089858483,0ecaa5967403d082aa24f35e1b516d23) (ScriptedImporter) -> (artifact id: 'fde83f525dfa9826784f8b27ad2d8df5') in 0.0138753 seconds
Number of updated asset objects reloaded before import = 0Number of asset objects unloaded after import = 9

========================================================================
Received Import Request.
  Time since last request: 0.000015 seconds.
  path: Assets/HQP STUDIOS/Rocks and Terrains Pack - Low Poly/Models/Rocks/Sharp Rocks/Snow Sharp Rocks/Sharp_Snow_Rock_1.fbx
  artifactKey: Guid(615709e6301131a438641b18d677a63d) Importer(2089858483,0ecaa5967403d082aa24f35e1b516d23)
Start importing Assets/HQP STUDIOS/Rocks and Terrains Pack - Low Poly/Models/Rocks/Sharp Rocks/Snow Sharp Rocks/Sharp_Snow_Rock_1.fbx using Guid(615709e6301131a438641b18d677a63d) Importer(2089858483,0ecaa5967403d082aa24f35e1b516d23) (ScriptedImporter) -> (artifact id: 'b3cbbd2fdfbfcae48147adf5371354bc') in 0.0161052 seconds
Number of updated asset objects reloaded before import = 0Number of asset objects unloaded after import = 9

========================================================================
Received Import Request.
  Time since last request: 0.000037 seconds.
  path: Assets/HQP STUDIOS/Rocks and Terrains Pack - Low Poly/Models/Rocks/Square Rocks/Moss Square Rocks/Square_Moss_Rock_22.fbx
  artifactKey: Guid(65501576eab93b74481dc73480d35bd3) Importer(2089858483,0ecaa5967403d082aa24f35e1b516d23)
Start importing Assets/HQP STUDIOS/Rocks and Terrains Pack - Low Poly/Models/Rocks/Square Rocks/Moss Square Rocks/Square_Moss_Rock_22.fbx using Guid(65501576eab93b74481dc73480d35bd3) Importer(2089858483,0ecaa5967403d082aa24f35e1b516d23) (ScriptedImporter) -> (artifact id: 'c5c0b0d6e8d66757e739ed80a12f1991') in 0.0140926 seconds
Number of updated asset objects reloaded before import = 0Number of asset objects unloaded after import = 9

========================================================================
Received Import Request.
  Time since last request: 0.000015 seconds.
  path: Assets/HQP STUDIOS/Rocks and Terrains Pack - Low Poly/Prefabs/Terrains/Mountains/LOD/Mountain_L_05_LOD.prefab
  artifactKey: Guid(f557ff62aedb3224b8daa65a5ca49635) Importer(2089858483,0ecaa5967403d082aa24f35e1b516d23)
Start importing Assets/HQP STUDIOS/Rocks and Terrains Pack - Low Poly/Prefabs/Terrains/Mountains/LOD/Mountain_L_05_LOD.prefab using Guid(f557ff62aedb3224b8daa65a5ca49635) Importer(2089858483,0ecaa5967403d082aa24f35e1b516d23) (ScriptedImporter) -> (artifact id: '5b04e604451525e99f2e42de548cc6af') in 0.0166231 seconds
Number of updated asset objects reloaded before import = 0Number of asset objects unloaded after import = 20

========================================================================
Received Import Request.
  Time since last request: 0.000016 seconds.
  path: Assets/HQP STUDIOS/Rocks and Terrains Pack - Low Poly/Prefabs/Clouds/Cloud_01.prefab
  artifactKey: Guid(74460e7c2add1724c98e2596b8de456d) Importer(2089858483,0ecaa5967403d082aa24f35e1b516d23)
Start importing Assets/HQP STUDIOS/Rocks and Terrains Pack - Low Poly/Prefabs/Clouds/Cloud_01.prefab using Guid(74460e7c2add1724c98e2596b8de456d) Importer(2089858483,0ecaa5967403d082aa24f35e1b516d23) (ScriptedImporter) -> (artifact id: '5376b9bdf1d5bdb7d496d249a0e1bbc2') in 0.0174374 seconds
Number of updated asset objects reloaded before import = 0Number of asset objects unloaded after import = 8

========================================================================
Received Import Request.
  Time since last request: 0.000014 seconds.
  path: Assets/HQP STUDIOS/Rocks and Terrains Pack - Low Poly/Prefabs/Rocks/Stonehenge Rocks/Moss_Stonehenges/Stonehenge_Moss_Rock_3.prefab
  artifactKey: Guid(6e63755fb4ddf6f46b3a5ace235945b0) Importer(2089858483,0ecaa5967403d082aa24f35e1b516d23)
Start importing Assets/HQP STUDIOS/Rocks and Terrains Pack - Low Poly/Prefabs/Rocks/Stonehenge Rocks/Moss_Stonehenges/Stonehenge_Moss_Rock_3.prefab using Guid(6e63755fb4ddf6f46b3a5ace235945b0) Importer(2089858483,0ecaa5967403d082aa24f35e1b516d23) (ScriptedImporter) -> (artifact id: '00181fc31ad1fa54e6ad39650b4a91ef') in 0.016243 seconds
Number of updated asset objects reloaded before import = 0Number of asset objects unloaded after import = 9

========================================================================
Received Import Request.
  Time since last request: 0.000017 seconds.
  path: Assets/HQP STUDIOS/Rocks and Terrains Pack - Low Poly/Models/Rocks/Square Rocks/Moss Square Rocks/Square_Moss_Rock_29.fbx
  artifactKey: Guid(40b6ad2a1ddea5247aacda012d95c270) Importer(2089858483,0ecaa5967403d082aa24f35e1b516d23)
Start importing Assets/HQP STUDIOS/Rocks and Terrains Pack - Low Poly/Models/Rocks/Square Rocks/Moss Square Rocks/Square_Moss_Rock_29.fbx using Guid(40b6ad2a1ddea5247aacda012d95c270) Importer(2089858483,0ecaa5967403d082aa24f35e1b516d23) (ScriptedImporter) -> (artifact id: '64de0649d1237c1308310ead3176a218') in 0.0129269 seconds
Number of updated asset objects reloaded before import = 0Number of asset objects unloaded after import = 9

========================================================================
Received Import Request.
  Time since last request: 0.000018 seconds.
  path: Assets/HQP STUDIOS/Rocks and Terrains Pack - Low Poly/Models/Rocks/Flat Rocks/Moss Flat Rocks/Flat_Moss_Rock_6.fbx
  artifactKey: Guid(a800e718af08fe944a10740dbf9db161) Importer(2089858483,0ecaa5967403d082aa24f35e1b516d23)
Start importing Assets/HQP STUDIOS/Rocks and Terrains Pack - Low Poly/Models/Rocks/Flat Rocks/Moss Flat Rocks/Flat_Moss_Rock_6.fbx using Guid(a800e718af08fe944a10740dbf9db161) Importer(2089858483,0ecaa5967403d082aa24f35e1b516d23) (ScriptedImporter) -> (artifact id: 'da76d4733dcdf90a57fe933924bcbbf2') in 0.0148902 seconds
Number of updated asset objects reloaded before import = 0Number of asset objects unloaded after import = 9

========================================================================
Received Import Request.
  Time since last request: 0.000017 seconds.
  path: Assets/HQP STUDIOS/Rocks and Terrains Pack - Low Poly/Prefabs/Rocks/Tiles/Moss Tiles/Tile_Moss_Rock_18.prefab
  artifactKey: Guid(fa0529d48b6e3a3499cb6c8c8192b73d) Importer(2089858483,0ecaa5967403d082aa24f35e1b516d23)
Start importing Assets/HQP STUDIOS/Rocks and Terrains Pack - Low Poly/Prefabs/Rocks/Tiles/Moss Tiles/Tile_Moss_Rock_18.prefab using Guid(fa0529d48b6e3a3499cb6c8c8192b73d) Importer(2089858483,0ecaa5967403d082aa24f35e1b516d23) (ScriptedImporter) -> (artifact id: 'f496c28ec2290b6b0cd2fa0942e4709e') in 0.0192197 seconds
Number of updated asset objects reloaded before import = 0Number of asset objects unloaded after import = 9

========================================================================
Received Import Request.
  Time since last request: 0.000024 seconds.
  path: Assets/DefaceGames/Fantasy Map Assets Pack Lite/Assets/icons-black/boss.png
  artifactKey: Guid(a8af1ce53c4c7524a86273d7adbdf178) Importer(2089858483,0ecaa5967403d082aa24f35e1b516d23)
Start importing Assets/DefaceGames/Fantasy Map Assets Pack Lite/Assets/icons-black/boss.png using Guid(a8af1ce53c4c7524a86273d7adbdf178) Importer(2089858483,0ecaa5967403d082aa24f35e1b516d23) (ScriptedImporter) -> (artifact id: '486a71a341eda44e079021b596228e56') in 0.0215628 seconds
Number of updated asset objects reloaded before import = 0Number of asset objects unloaded after import = 3

========================================================================
Received Import Request.
  Time since last request: 0.000013 seconds.
  path: Assets/HQP STUDIOS/Rocks and Terrains Pack - Low Poly/Prefabs/Rocks/Tiles/Snow Tiles/Tile_Snow_Rock_19.prefab
  artifactKey: Guid(920b8794a83b1bf43a0d2f864ae1c5f9) Importer(2089858483,0ecaa5967403d082aa24f35e1b516d23)
Start importing Assets/HQP STUDIOS/Rocks and Terrains Pack - Low Poly/Prefabs/Rocks/Tiles/Snow Tiles/Tile_Snow_Rock_19.prefab using Guid(920b8794a83b1bf43a0d2f864ae1c5f9) Importer(2089858483,0ecaa5967403d082aa24f35e1b516d23) (ScriptedImporter) -> (artifact id: '93f585563a29434d53c1d4bfc3a8f6b3') in 0.0181666 seconds
Number of updated asset objects reloaded before import = 0Number of asset objects unloaded after import = 9

========================================================================
Received Import Request.
  Time since last request: 0.000014 seconds.
  path: Assets/HQP STUDIOS/Rocks and Terrains Pack - Low Poly/Prefabs/Rocks/Stonehenge Rocks/Snow_Stonehenges/Stonehenge_Snow_Rock_6.prefab
  artifactKey: Guid(8ad8585203956c747a058a5a9157b651) Importer(2089858483,0ecaa5967403d082aa24f35e1b516d23)
Start importing Assets/HQP STUDIOS/Rocks and Terrains Pack - Low Poly/Prefabs/Rocks/Stonehenge Rocks/Snow_Stonehenges/Stonehenge_Snow_Rock_6.prefab using Guid(8ad8585203956c747a058a5a9157b651) Importer(2089858483,0ecaa5967403d082aa24f35e1b516d23) (ScriptedImporter) -> (artifact id: '50617986f8d4a38591ee508a728cf616') in 0.0187167 seconds
Number of updated asset objects reloaded before import = 0Number of asset objects unloaded after import = 9

========================================================================
Received Import Request.
  Time since last request: 0.000015 seconds.
  path: Assets/DefaceGames/Fantasy Map Assets Pack Lite/Assets/mountains-black/mount7.png
  artifactKey: Guid(5e513809c0a70124a93c4f571eecf55e) Importer(2089858483,0ecaa5967403d082aa24f35e1b516d23)
Start importing Assets/DefaceGames/Fantasy Map Assets Pack Lite/Assets/mountains-black/mount7.png using Guid(5e513809c0a70124a93c4f571eecf55e) Importer(2089858483,0ecaa5967403d082aa24f35e1b516d23) (ScriptedImporter) -> (artifact id: 'b56b5c9474dcb76f8abc27afdaed6c69') in 0.0197242 seconds
Number of updated asset objects reloaded before import = 0Number of asset objects unloaded after import = 3

========================================================================
Received Prepare
Refreshing native plugins compatible for Editor in 0.61 ms, found 3 plugins.
Preloading 0 native plugins for Editor in 0.00 ms.
Unloading 0 Unused Serialized files (Serialized files now loaded: 0)
Unloading 3480 unused Assets / (1.4 MB). Loaded Objects now: 3997.
Memory consumption went from 90.4 MB to 89.0 MB.
Total: 9.386700 ms (FindLiveObjects: 0.334500 ms CreateObjectMapping: 0.222300 ms MarkObjects: 7.517600 ms  DeleteObjects: 1.311700 ms)

Prepare: number of updated asset objects reloaded= 0
========================================================================
Received Prepare
Begin MonoManager ReloadAssembly
[Licensing::Client] Successfully resolved entitlement details
- Loaded All Assemblies, in  0.464 seconds
Refreshing native plugins compatible for Editor in 0.84 ms, found 3 plugins.
Native extension for WindowsStandalone target not found
[Package Manager] Failed to launch server process. Reason: Unity was launched with the -noUpm command-line argument
[Package Manager] Unable to send message (not connected to server process).
[Package Manager] Cannot connect to Unity Package Manager local server
Mono: successfully reloaded assembly
- Finished resetting the current domain, in  0.502 seconds
Domain Reload Profiling: 965ms
	BeginReloadAssembly (161ms)
		ExecutionOrderSort (0ms)
		DisableScriptedObjects (6ms)
		BackupInstance (0ms)
		ReleaseScriptingObjects (0ms)
		CreateAndSetChildDomain (36ms)
	RebuildCommonClasses (28ms)
	RebuildNativeTypeToScriptingClass (9ms)
	initialDomainReloadingComplete (23ms)
	LoadAllAssembliesAndSetupDomain (242ms)
		LoadAssemblies (220ms)
		RebuildTransferFunctionScriptingTraits (0ms)
		AnalyzeDomain (101ms)
			TypeCache.Refresh (5ms)
				TypeCache.ScanAssembly (1ms)
			BuildScriptInfoCaches (88ms)
			ResolveRequiredComponents (4ms)
	FinalizeReload (502ms)
		ReleaseScriptCaches (0ms)
		RebuildScriptCaches (0ms)
		SetupLoadedEditorAssemblies (413ms)
			LogAssemblyErrors (0ms)
			InitializePlatformSupportModulesInManaged (2ms)
			SetLoadedEditorAssemblies (3ms)
			BeforeProcessingInitializeOnLoad (83ms)
			ProcessInitializeOnLoadAttributes (295ms)
			ProcessInitializeOnLoadMethodAttributes (25ms)
			AfterProcessingInitializeOnLoad (5ms)
			EditorAssembliesLoaded (0ms)
		ExecutionOrderSort2 (0ms)
		AwakeInstancesAfterBackupRestoration (4ms)
Refreshing native plugins compatible for Editor in 0.61 ms, found 3 plugins.
Preloading 0 native plugins for Editor in 0.00 ms.
Unloading 0 Unused Serialized files (Serialized files now loaded: 0)
Unloading 3483 unused Assets / (0.7 MB). Loaded Objects now: 3998.
Memory consumption went from 88.7 MB to 88.0 MB.
Total: 4.262200 ms (FindLiveObjects: 0.306800 ms CreateObjectMapping: 0.101900 ms MarkObjects: 3.324800 ms  DeleteObjects: 0.528200 ms)

Prepare: number of updated asset objects reloaded= 0
========================================================================
Received Prepare
Refreshing native plugins compatible for Editor in 0.65 ms, found 3 plugins.
Preloading 0 native plugins for Editor in 0.00 ms.
Unloading 0 Unused Serialized files (Serialized files now loaded: 0)
Unloading 3478 unused Assets / (0.9 MB). Loaded Objects now: 3998.
Memory consumption went from 88.9 MB to 88.0 MB.
Total: 5.099600 ms (FindLiveObjects: 0.304800 ms CreateObjectMapping: 0.219600 ms MarkObjects: 3.915700 ms  DeleteObjects: 0.659000 ms)

Prepare: number of updated asset objects reloaded= 0
========================================================================
Received Prepare
Begin MonoManager ReloadAssembly
[Licensing::Client] Successfully resolved entitlement details
- Loaded All Assemblies, in  0.452 seconds
Refreshing native plugins compatible for Editor in 0.86 ms, found 3 plugins.
Native extension for WindowsStandalone target not found
[Package Manager] Failed to launch server process. Reason: Unity was launched with the -noUpm command-line argument
[Package Manager] Unable to send message (not connected to server process).
[Package Manager] Cannot connect to Unity Package Manager local server
Mono: successfully reloaded assembly
- Finished resetting the current domain, in  0.480 seconds
Domain Reload Profiling: 930ms
	BeginReloadAssembly (155ms)
		ExecutionOrderSort (0ms)
		DisableScriptedObjects (6ms)
		BackupInstance (0ms)
		ReleaseScriptingObjects (0ms)
		CreateAndSetChildDomain (33ms)
	RebuildCommonClasses (26ms)
	RebuildNativeTypeToScriptingClass (9ms)
	initialDomainReloadingComplete (19ms)
	LoadAllAssembliesAndSetupDomain (241ms)
		LoadAssemblies (212ms)
		RebuildTransferFunctionScriptingTraits (0ms)
		AnalyzeDomain (108ms)
			TypeCache.Refresh (7ms)
				TypeCache.ScanAssembly (1ms)
			BuildScriptInfoCaches (96ms)
			ResolveRequiredComponents (3ms)
	FinalizeReload (480ms)
		ReleaseScriptCaches (0ms)
		RebuildScriptCaches (0ms)
		SetupLoadedEditorAssemblies (391ms)
			LogAssemblyErrors (0ms)
			InitializePlatformSupportModulesInManaged (2ms)
			SetLoadedEditorAssemblies (3ms)
			BeforeProcessingInitializeOnLoad (82ms)
			ProcessInitializeOnLoadAttributes (284ms)
			ProcessInitializeOnLoadMethodAttributes (14ms)
			AfterProcessingInitializeOnLoad (4ms)
			EditorAssembliesLoaded (0ms)
		ExecutionOrderSort2 (0ms)
		AwakeInstancesAfterBackupRestoration (4ms)
Refreshing native plugins compatible for Editor in 0.55 ms, found 3 plugins.
Preloading 0 native plugins for Editor in 0.00 ms.
Unloading 0 Unused Serialized files (Serialized files now loaded: 0)
Unloading 3483 unused Assets / (0.6 MB). Loaded Objects now: 3999.
Memory consumption went from 88.7 MB to 88.1 MB.
Total: 4.165800 ms (FindLiveObjects: 0.292900 ms CreateObjectMapping: 0.178300 ms MarkObjects: 3.170900 ms  DeleteObjects: 0.523300 ms)

Prepare: number of updated asset objects reloaded= 0
========================================================================
Received Prepare
Refreshing native plugins compatible for Editor in 0.57 ms, found 3 plugins.
Preloading 0 native plugins for Editor in 0.00 ms.
Unloading 0 Unused Serialized files (Serialized files now loaded: 0)
Unloading 3478 unused Assets / (0.8 MB). Loaded Objects now: 3999.
Memory consumption went from 88.9 MB to 88.1 MB.
Total: 4.493300 ms (FindLiveObjects: 0.340100 ms CreateObjectMapping: 0.221800 ms MarkObjects: 3.285300 ms  DeleteObjects: 0.645700 ms)

Prepare: number of updated asset objects reloaded= 0
========================================================================
Received Prepare
Begin MonoManager ReloadAssembly
- Loaded All Assemblies, in  0.434 seconds
Refreshing native plugins compatible for Editor in 0.59 ms, found 3 plugins.
Native extension for WindowsStandalone target not found
[Package Manager] Failed to launch server process. Reason: Unity was launched with the -noUpm command-line argument
[Package Manager] Unable to send message (not connected to server process).
[Package Manager] Cannot connect to Unity Package Manager local server
Mono: successfully reloaded assembly
- Finished resetting the current domain, in  0.501 seconds
Domain Reload Profiling: 935ms
	BeginReloadAssembly (144ms)
		ExecutionOrderSort (0ms)
		DisableScriptedObjects (5ms)
		BackupInstance (0ms)
		ReleaseScriptingObjects (0ms)
		CreateAndSetChildDomain (32ms)
	RebuildCommonClasses (25ms)
	RebuildNativeTypeToScriptingClass (10ms)
	initialDomainReloadingComplete (18ms)
	LoadAllAssembliesAndSetupDomain (237ms)
		LoadAssemblies (205ms)
		RebuildTransferFunctionScriptingTraits (0ms)
		AnalyzeDomain (103ms)
			TypeCache.Refresh (5ms)
				TypeCache.ScanAssembly (1ms)
			BuildScriptInfoCaches (93ms)
			ResolveRequiredComponents (4ms)
	FinalizeReload (501ms)
		ReleaseScriptCaches (0ms)
		RebuildScriptCaches (0ms)
		SetupLoadedEditorAssemblies (410ms)
			LogAssemblyErrors (0ms)
			InitializePlatformSupportModulesInManaged (2ms)
			SetLoadedEditorAssemblies (3ms)
			BeforeProcessingInitializeOnLoad (86ms)
			ProcessInitializeOnLoadAttributes (298ms)
			ProcessInitializeOnLoadMethodAttributes (15ms)
			AfterProcessingInitializeOnLoad (6ms)
			EditorAssembliesLoaded (0ms)
		ExecutionOrderSort2 (0ms)
		AwakeInstancesAfterBackupRestoration (4ms)
Refreshing native plugins compatible for Editor in 0.57 ms, found 3 plugins.
Preloading 0 native plugins for Editor in 0.00 ms.
Unloading 0 Unused Serialized files (Serialized files now loaded: 0)
Unloading 3483 unused Assets / (0.7 MB). Loaded Objects now: 4000.
Memory consumption went from 88.7 MB to 88.0 MB.
Total: 3.915500 ms (FindLiveObjects: 0.306900 ms CreateObjectMapping: 0.098400 ms MarkObjects: 2.900600 ms  DeleteObjects: 0.609200 ms)

Prepare: number of updated asset objects reloaded= 0
========================================================================
Received Prepare
Refreshing native plugins compatible for Editor in 0.76 ms, found 3 plugins.
Preloading 0 native plugins for Editor in 0.00 ms.
Unloading 0 Unused Serialized files (Serialized files now loaded: 0)
Unloading 3478 unused Assets / (0.7 MB). Loaded Objects now: 4000.
Memory consumption went from 88.9 MB to 88.2 MB.
Total: 5.037000 ms (FindLiveObjects: 0.541100 ms CreateObjectMapping: 0.271500 ms MarkObjects: 3.650800 ms  DeleteObjects: 0.573100 ms)

Prepare: number of updated asset objects reloaded= 0
========================================================================
Received Prepare
Begin MonoManager ReloadAssembly
- Loaded All Assemblies, in  0.439 seconds
Refreshing native plugins compatible for Editor in 0.87 ms, found 3 plugins.
Native extension for WindowsStandalone target not found
[Package Manager] Failed to launch server process. Reason: Unity was launched with the -noUpm command-line argument
[Package Manager] Unable to send message (not connected to server process).
[Package Manager] Cannot connect to Unity Package Manager local server
Mono: successfully reloaded assembly
- Finished resetting the current domain, in  0.485 seconds
Domain Reload Profiling: 922ms
	BeginReloadAssembly (149ms)
		ExecutionOrderSort (0ms)
		DisableScriptedObjects (5ms)
		BackupInstance (0ms)
		ReleaseScriptingObjects (0ms)
		CreateAndSetChildDomain (34ms)
	RebuildCommonClasses (25ms)
	RebuildNativeTypeToScriptingClass (10ms)
	initialDomainReloadingComplete (20ms)
	LoadAllAssembliesAndSetupDomain (232ms)
		LoadAssemblies (205ms)
		RebuildTransferFunctionScriptingTraits (0ms)
		AnalyzeDomain (101ms)
			TypeCache.Refresh (6ms)
				TypeCache.ScanAssembly (1ms)
			BuildScriptInfoCaches (90ms)
			ResolveRequiredComponents (3ms)
	FinalizeReload (485ms)
		ReleaseScriptCaches (0ms)
		RebuildScriptCaches (0ms)
		SetupLoadedEditorAssemblies (399ms)
			LogAssemblyErrors (0ms)
			InitializePlatformSupportModulesInManaged (2ms)
			SetLoadedEditorAssemblies (3ms)
			BeforeProcessingInitializeOnLoad (79ms)
			ProcessInitializeOnLoadAttributes (295ms)
			ProcessInitializeOnLoadMethodAttributes (16ms)
			AfterProcessingInitializeOnLoad (4ms)
			EditorAssembliesLoaded (0ms)
		ExecutionOrderSort2 (0ms)
		AwakeInstancesAfterBackupRestoration (4ms)
Refreshing native plugins compatible for Editor in 0.77 ms, found 3 plugins.
Preloading 0 native plugins for Editor in 0.00 ms.
Unloading 0 Unused Serialized files (Serialized files now loaded: 0)
Unloading 3483 unused Assets / (397.9 KB). Loaded Objects now: 4001.
Memory consumption went from 88.7 MB to 88.3 MB.
Total: 4.050000 ms (FindLiveObjects: 0.349700 ms CreateObjectMapping: 0.189500 ms MarkObjects: 3.008600 ms  DeleteObjects: 0.501500 ms)

Prepare: number of updated asset objects reloaded= 0
========================================================================
Received Prepare
Begin MonoManager ReloadAssembly
[Licensing::Client] Successfully resolved entitlement details
- Loaded All Assemblies, in  0.442 seconds
Refreshing native plugins compatible for Editor in 0.56 ms, found 3 plugins.
Native extension for WindowsStandalone target not found
[Package Manager] Failed to launch server process. Reason: Unity was launched with the -noUpm command-line argument
[Package Manager] Unable to send message (not connected to server process).
[Package Manager] Cannot connect to Unity Package Manager local server
Mono: successfully reloaded assembly
- Finished resetting the current domain, in  0.502 seconds
Domain Reload Profiling: 943ms
	BeginReloadAssembly (151ms)
		ExecutionOrderSort (0ms)
		DisableScriptedObjects (4ms)
		BackupInstance (0ms)
		ReleaseScriptingObjects (0ms)
		CreateAndSetChildDomain (34ms)
	RebuildCommonClasses (28ms)
	RebuildNativeTypeToScriptingClass (9ms)
	initialDomainReloadingComplete (21ms)
	LoadAllAssembliesAndSetupDomain (231ms)
		LoadAssemblies (210ms)
		RebuildTransferFunctionScriptingTraits (0ms)
		AnalyzeDomain (95ms)
			TypeCache.Refresh (4ms)
				TypeCache.ScanAssembly (0ms)
			BuildScriptInfoCaches (86ms)
			ResolveRequiredComponents (3ms)
	FinalizeReload (502ms)
		ReleaseScriptCaches (0ms)
		RebuildScriptCaches (0ms)
		SetupLoadedEditorAssemblies (421ms)
			LogAssemblyErrors (0ms)
			InitializePlatformSupportModulesInManaged (2ms)
			SetLoadedEditorAssemblies (3ms)
			BeforeProcessingInitializeOnLoad (69ms)
			ProcessInitializeOnLoadAttributes (324ms)
			ProcessInitializeOnLoadMethodAttributes (18ms)
			AfterProcessingInitializeOnLoad (5ms)
			EditorAssembliesLoaded (0ms)
		ExecutionOrderSort2 (0ms)
		AwakeInstancesAfterBackupRestoration (5ms)
Refreshing native plugins compatible for Editor in 2.12 ms, found 3 plugins.
Preloading 0 native plugins for Editor in 0.00 ms.
Unloading 0 Unused Serialized files (Serialized files now loaded: 0)
Unloading 3483 unused Assets / (0.6 MB). Loaded Objects now: 4002.
Memory consumption went from 88.7 MB to 88.2 MB.
Total: 8.695300 ms (FindLiveObjects: 0.631500 ms CreateObjectMapping: 0.436400 ms MarkObjects: 5.926600 ms  DeleteObjects: 1.699700 ms)

Prepare: number of updated asset objects reloaded= 0
========================================================================
Received Prepare
Refreshing native plugins compatible for Editor in 0.72 ms, found 3 plugins.
Preloading 0 native plugins for Editor in 0.00 ms.
Unloading 0 Unused Serialized files (Serialized files now loaded: 0)
Unloading 3478 unused Assets / (1.0 MB). Loaded Objects now: 4002.
Memory consumption went from 88.9 MB to 87.9 MB.
Total: 4.968600 ms (FindLiveObjects: 0.313100 ms CreateObjectMapping: 0.216700 ms MarkObjects: 3.674500 ms  DeleteObjects: 0.763500 ms)

Prepare: number of updated asset objects reloaded= 0
========================================================================
Received Prepare
Begin MonoManager ReloadAssembly
[Licensing::Client] Successfully resolved entitlement details
- Loaded All Assemblies, in  0.580 seconds
Refreshing native plugins compatible for Editor in 0.82 ms, found 3 plugins.
Native extension for WindowsStandalone target not found
[Package Manager] Failed to launch server process. Reason: Unity was launched with the -noUpm command-line argument
[Package Manager] Unable to send message (not connected to server process).
[Package Manager] Cannot connect to Unity Package Manager local server
Mono: successfully reloaded assembly
- Finished resetting the current domain, in  0.566 seconds
Domain Reload Profiling: 1145ms
	BeginReloadAssembly (221ms)
		ExecutionOrderSort (0ms)
		DisableScriptedObjects (6ms)
		BackupInstance (0ms)
		ReleaseScriptingObjects (0ms)
		CreateAndSetChildDomain (54ms)
	RebuildCommonClasses (34ms)
	RebuildNativeTypeToScriptingClass (12ms)
	initialDomainReloadingComplete (23ms)
	LoadAllAssembliesAndSetupDomain (289ms)
		LoadAssemblies (268ms)
		RebuildTransferFunctionScriptingTraits (0ms)
		AnalyzeDomain (119ms)
			TypeCache.Refresh (7ms)
				TypeCache.ScanAssembly (1ms)
			BuildScriptInfoCaches (103ms)
			ResolveRequiredComponents (6ms)
	FinalizeReload (566ms)
		ReleaseScriptCaches (0ms)
		RebuildScriptCaches (0ms)
		SetupLoadedEditorAssemblies (467ms)
			LogAssemblyErrors (0ms)
			InitializePlatformSupportModulesInManaged (2ms)
			SetLoadedEditorAssemblies (4ms)
			BeforeProcessingInitializeOnLoad (132ms)
			ProcessInitializeOnLoadAttributes (305ms)
			ProcessInitializeOnLoadMethodAttributes (17ms)
			AfterProcessingInitializeOnLoad (6ms)
			EditorAssembliesLoaded (0ms)
		ExecutionOrderSort2 (0ms)
		AwakeInstancesAfterBackupRestoration (6ms)
Refreshing native plugins compatible for Editor in 0.83 ms, found 3 plugins.
Preloading 0 native plugins for Editor in 0.00 ms.
Unloading 0 Unused Serialized files (Serialized files now loaded: 0)
Unloading 3483 unused Assets / (0.7 MB). Loaded Objects now: 4003.
Memory consumption went from 88.7 MB to 88.0 MB.
Total: 4.261300 ms (FindLiveObjects: 0.311800 ms CreateObjectMapping: 0.209800 ms MarkObjects: 3.154000 ms  DeleteObjects: 0.585100 ms)

Prepare: number of updated asset objects reloaded= 0
========================================================================
Received Prepare
Refreshing native plugins compatible for Editor in 0.55 ms, found 3 plugins.
Preloading 0 native plugins for Editor in 0.00 ms.
Unloading 0 Unused Serialized files (Serialized files now loaded: 0)
Unloading 3478 unused Assets / (0.8 MB). Loaded Objects now: 4003.
Memory consumption went from 88.9 MB to 88.2 MB.
Total: 4.749900 ms (FindLiveObjects: 0.381100 ms CreateObjectMapping: 0.193400 ms MarkObjects: 3.573700 ms  DeleteObjects: 0.601000 ms)

Prepare: number of updated asset objects reloaded= 0
========================================================================
Received Prepare
Begin MonoManager ReloadAssembly
- Loaded All Assemblies, in  0.484 seconds
Refreshing native plugins compatible for Editor in 0.49 ms, found 3 plugins.
Native extension for WindowsStandalone target not found
[Package Manager] Failed to launch server process. Reason: Unity was launched with the -noUpm command-line argument
[Package Manager] Unable to send message (not connected to server process).
[Package Manager] Cannot connect to Unity Package Manager local server
Mono: successfully reloaded assembly
- Finished resetting the current domain, in  0.506 seconds
Domain Reload Profiling: 989ms
	BeginReloadAssembly (171ms)
		ExecutionOrderSort (0ms)
		DisableScriptedObjects (7ms)
		BackupInstance (0ms)
		ReleaseScriptingObjects (0ms)
		CreateAndSetChildDomain (33ms)
	RebuildCommonClasses (35ms)
	RebuildNativeTypeToScriptingClass (13ms)
	initialDomainReloadingComplete (20ms)
	LoadAllAssembliesAndSetupDomain (244ms)
		LoadAssemblies (228ms)
		RebuildTransferFunctionScriptingTraits (0ms)
		AnalyzeDomain (106ms)
			TypeCache.Refresh (5ms)
				TypeCache.ScanAssembly (1ms)
			BuildScriptInfoCaches (95ms)
			ResolveRequiredComponents (4ms)
	FinalizeReload (506ms)
		ReleaseScriptCaches (0ms)
		RebuildScriptCaches (0ms)
		SetupLoadedEditorAssemblies (413ms)
			LogAssemblyErrors (0ms)
			InitializePlatformSupportModulesInManaged (2ms)
			SetLoadedEditorAssemblies (4ms)
			BeforeProcessingInitializeOnLoad (84ms)
			ProcessInitializeOnLoadAttributes (303ms)
			ProcessInitializeOnLoadMethodAttributes (15ms)
			AfterProcessingInitializeOnLoad (6ms)
			EditorAssembliesLoaded (0ms)
		ExecutionOrderSort2 (0ms)
		AwakeInstancesAfterBackupRestoration (5ms)
Refreshing native plugins compatible for Editor in 0.57 ms, found 3 plugins.
Preloading 0 native plugins for Editor in 0.00 ms.
Unloading 0 Unused Serialized files (Serialized files now loaded: 0)
Unloading 3483 unused Assets / (0.7 MB). Loaded Objects now: 4004.
Memory consumption went from 88.8 MB to 88.1 MB.
Total: 4.350800 ms (FindLiveObjects: 0.338700 ms CreateObjectMapping: 0.118300 ms MarkObjects: 3.361400 ms  DeleteObjects: 0.531800 ms)

Prepare: number of updated asset objects reloaded= 0
========================================================================
Received Prepare
Refreshing native plugins compatible for Editor in 0.81 ms, found 3 plugins.
Preloading 0 native plugins for Editor in 0.00 ms.
Unloading 0 Unused Serialized files (Serialized files now loaded: 0)
Unloading 3478 unused Assets / (0.9 MB). Loaded Objects now: 4004.
Memory consumption went from 88.9 MB to 88.0 MB.
Total: 6.587500 ms (FindLiveObjects: 0.518500 ms CreateObjectMapping: 0.722500 ms MarkObjects: 4.467200 ms  DeleteObjects: 0.878400 ms)

Prepare: number of updated asset objects reloaded= 0
========================================================================
Received Prepare
Begin MonoManager ReloadAssembly
- Loaded All Assemblies, in  0.484 seconds
Refreshing native plugins compatible for Editor in 0.88 ms, found 3 plugins.
Native extension for WindowsStandalone target not found
[Package Manager] Failed to launch server process. Reason: Unity was launched with the -noUpm command-line argument
[Package Manager] Unable to send message (not connected to server process).
[Package Manager] Cannot connect to Unity Package Manager local server
Mono: successfully reloaded assembly
- Finished resetting the current domain, in  0.525 seconds
Domain Reload Profiling: 1009ms
	BeginReloadAssembly (156ms)
		ExecutionOrderSort (0ms)
		DisableScriptedObjects (6ms)
		BackupInstance (0ms)
		ReleaseScriptingObjects (0ms)
		CreateAndSetChildDomain (33ms)
	RebuildCommonClasses (25ms)
	RebuildNativeTypeToScriptingClass (10ms)
	initialDomainReloadingComplete (20ms)
	LoadAllAssembliesAndSetupDomain (272ms)
		LoadAssemblies (238ms)
		RebuildTransferFunctionScriptingTraits (0ms)
		AnalyzeDomain (110ms)
			TypeCache.Refresh (5ms)
				TypeCache.ScanAssembly (1ms)
			BuildScriptInfoCaches (99ms)
			ResolveRequiredComponents (3ms)
	FinalizeReload (526ms)
		ReleaseScriptCaches (0ms)
		RebuildScriptCaches (0ms)
		SetupLoadedEditorAssemblies (423ms)
			LogAssemblyErrors (0ms)
			InitializePlatformSupportModulesInManaged (2ms)
			SetLoadedEditorAssemblies (3ms)
			BeforeProcessingInitializeOnLoad (86ms)
			ProcessInitializeOnLoadAttributes (312ms)
			ProcessInitializeOnLoadMethodAttributes (15ms)
			AfterProcessingInitializeOnLoad (5ms)
			EditorAssembliesLoaded (0ms)
		ExecutionOrderSort2 (0ms)
		AwakeInstancesAfterBackupRestoration (4ms)
Refreshing native plugins compatible for Editor in 0.66 ms, found 3 plugins.
Preloading 0 native plugins for Editor in 0.00 ms.
Unloading 0 Unused Serialized files (Serialized files now loaded: 0)
Unloading 3483 unused Assets / (0.8 MB). Loaded Objects now: 4005.
Memory consumption went from 88.8 MB to 87.9 MB.
Total: 4.637900 ms (FindLiveObjects: 0.289000 ms CreateObjectMapping: 0.162300 ms MarkObjects: 3.562200 ms  DeleteObjects: 0.623800 ms)

Prepare: number of updated asset objects reloaded= 0
========================================================================
Received Prepare
Refreshing native plugins compatible for Editor in 1.06 ms, found 3 plugins.
Preloading 0 native plugins for Editor in 0.00 ms.
Unloading 0 Unused Serialized files (Serialized files now loaded: 0)
Unloading 3478 unused Assets / (0.9 MB). Loaded Objects now: 4005.
Memory consumption went from 88.9 MB to 88.1 MB.
Total: 4.966500 ms (FindLiveObjects: 0.315700 ms CreateObjectMapping: 0.228800 ms MarkObjects: 3.472800 ms  DeleteObjects: 0.948600 ms)

Prepare: number of updated asset objects reloaded= 0
========================================================================
Received Prepare
Begin MonoManager ReloadAssembly
[Licensing::Client] Successfully resolved entitlement details
- Loaded All Assemblies, in  0.498 seconds
Refreshing native plugins compatible for Editor in 0.87 ms, found 3 plugins.
Native extension for WindowsStandalone target not found
[Package Manager] Failed to launch server process. Reason: Unity was launched with the -noUpm command-line argument
[Package Manager] Unable to send message (not connected to server process).
[Package Manager] Cannot connect to Unity Package Manager local server
Mono: successfully reloaded assembly
- Finished resetting the current domain, in  0.511 seconds
Domain Reload Profiling: 1008ms
	BeginReloadAssembly (176ms)
		ExecutionOrderSort (0ms)
		DisableScriptedObjects (6ms)
		BackupInstance (0ms)
		ReleaseScriptingObjects (0ms)
		CreateAndSetChildDomain (36ms)
	RebuildCommonClasses (33ms)
	RebuildNativeTypeToScriptingClass (11ms)
	initialDomainReloadingComplete (20ms)
	LoadAllAssembliesAndSetupDomain (256ms)
		LoadAssemblies (225ms)
		RebuildTransferFunctionScriptingTraits (0ms)
		AnalyzeDomain (113ms)
			TypeCache.Refresh (6ms)
				TypeCache.ScanAssembly (1ms)
			BuildScriptInfoCaches (100ms)
			ResolveRequiredComponents (4ms)
	FinalizeReload (512ms)
		ReleaseScriptCaches (0ms)
		RebuildScriptCaches (0ms)
		SetupLoadedEditorAssemblies (418ms)
			LogAssemblyErrors (0ms)
			InitializePlatformSupportModulesInManaged (2ms)
			SetLoadedEditorAssemblies (3ms)
			BeforeProcessingInitializeOnLoad (81ms)
			ProcessInitializeOnLoadAttributes (311ms)
			ProcessInitializeOnLoadMethodAttributes (16ms)
			AfterProcessingInitializeOnLoad (5ms)
			EditorAssembliesLoaded (0ms)
		ExecutionOrderSort2 (0ms)
		AwakeInstancesAfterBackupRestoration (4ms)
Refreshing native plugins compatible for Editor in 0.80 ms, found 3 plugins.
Preloading 0 native plugins for Editor in 0.00 ms.
Unloading 0 Unused Serialized files (Serialized files now loaded: 0)
Unloading 3483 unused Assets / (486.6 KB). Loaded Objects now: 4006.
Memory consumption went from 88.8 MB to 88.3 MB.
Total: 3.642500 ms (FindLiveObjects: 0.329300 ms CreateObjectMapping: 0.100800 ms MarkObjects: 2.773700 ms  DeleteObjects: 0.437800 ms)

Prepare: number of updated asset objects reloaded= 0
